# Horde Emissary Near Horde BattleMaster Shat
INSERT INTO creature VALUES (16800780, 14990, 530, 1, 0, 0, -1952.224854, 5248.768066, -42.759098, 2.454316, 43200, 0, 0, 2471, 0, 0, 0);
INSERT INTO creature VALUES (16800781, 14990, 530, 1, 0, 0, -1955.527954, 5251.753906, -42.474987, 5.547252, 43200, 0, 0, 2471, 0, 0, 0);
INSERT INTO creature VALUES (16800782, 15105, 530, 1, 0, 0, -1952.224854, 5248.768066, -42.759098, 2.454316, 43200, 0, 0, 2471, 0, 0, 0);
INSERT INTO creature VALUES (16800783, 15105, 530, 1, 0, 0, -1955.527954, 5251.753906, -42.474987, 5.547252, 43200, 0, 0, 2471, 0, 0, 0);
INSERT INTO creature VALUES (16800784, 15106, 530, 1, 0, 0, -1952.224854, 5248.768066, -42.759098, 2.454316, 43200, 0, 0, 2471, 0, 0, 0);
INSERT INTO creature VALUES (16800785, 15106, 530, 1, 0, 0, -1955.527954, 5251.753906, -42.474987, 5.547252, 43200, 0, 0, 2471, 0, 0, 0);
# Alliance Emissary near Horde BattleMaster Shat
INSERT INTO creature VALUES (16800786, 14991, 530, 1, 0, 0, -1979.353516, 5262.386719, -41.830486, 3.176889, 43200, 0, 0, 2471, 0, 0, 0);
INSERT INTO creature VALUES (16800787, 14991, 530, 1, 0, 0, -1984.396118, 5262.205566, -41.912739, 0.105981, 43200, 0, 0, 2471, 0, 0, 0);
INSERT INTO creature VALUES (16800789, 15102, 530, 1, 0, 0, -1979.353516, 5262.386719, -41.830486, 3.176889, 43200, 0, 0, 2471, 0, 0, 0);
INSERT INTO creature VALUES (16800790, 15102, 530, 1, 0, 0, -1984.396118, 5262.205566, -41.912739, 0.105981, 43200, 0, 0, 2471, 0, 0, 0);
INSERT INTO creature VALUES (16800791, 15103, 530, 1, 0, 0, -1979.353516, 5262.386719, -41.830486, 3.176889, 43200, 0, 0, 2471, 0, 0, 0);
INSERT INTO creature VALUES (16800792, 15103, 530, 1, 0, 0, -1984.396118, 5262.205566, -41.912739, 0.105981, 43200, 0, 0, 2471, 0, 0, 0);
# Game Event creature Conditions
INSERT INTO game_event_creature VALUES (16800782, 18);
INSERT INTO game_event_creature VALUES (16800783, 18);
INSERT INTO game_event_creature VALUES (16800789, 18);
INSERT INTO game_event_creature VALUES (16800790, 18);
INSERT INTO game_event_creature VALUES (16800784, 19);
INSERT INTO game_event_creature VALUES (16800785, 19);
INSERT INTO game_event_creature VALUES (16800791, 19);
INSERT INTO game_event_creature VALUES (16800792, 19);
INSERT INTO game_event_creature VALUES (16800780, 20);
INSERT INTO game_event_creature VALUES (16800781, 20);
INSERT INTO game_event_creature VALUES (16800786, 20);
INSERT INTO game_event_creature VALUES (16800787, 20);



# Origrimmar Flags
INSERT INTO gameobject VALUES (14113683, 180394, 1, 1, 1586.363281, -4411.131348, 7.637368, 0, 0, 0, 0, 0, 180, 100, 1);
INSERT INTO gameobject VALUES (14113684, 180395, 1, 1, 1586.363281, -4411.131348, 7.637368, 0, 0, 0, 0, 0, 180, 100, 1);
INSERT INTO gameobject VALUES (14113685, 180396, 1, 1, 1586.363281, -4411.131348, 7.637368, 0, 0, 0, 0, 0, 180, 100, 1);
# Orgrimmar Flags GameObject GameEvent Condition
INSERT INTO game_event_gameobject VALUES (14113683, 19);
INSERT INTO game_event_gameobject VALUES (14113684, 18);
INSERT INTO game_event_gameobject VALUES (14113685, 20);
# Origrimmar NPC's
INSERT INTO creature VALUES (16800793, 14990, 1, 1, 0, 0, 1587.792236, -4414.447754, 8.393807, 1.409748, 43200, 0, 0, 2471, 0, 0, 0);
INSERT INTO creature VALUES (16800794, 14990, 1, 1, 0, 0, 1587.744751, -4408.309082, 7.011856, 4.728053, 43200, 0, 0, 2471, 0, 0, 0);
INSERT INTO creature VALUES (16800795, 15105, 1, 1, 0, 0, 1587.792236, -4414.447754, 8.393807, 1.409748, 43200, 0, 0, 2471, 0, 0, 0);
INSERT INTO creature VALUES (16800796, 15105, 1, 1, 0, 0, 1587.744751, -4408.309082, 7.011856, 4.728053, 43200, 0, 0, 2471, 0, 0, 0);
INSERT INTO creature VALUES (16800797, 15106, 1, 1, 0, 0, 1587.792236, -4414.447754, 8.393807, 1.409748, 43200, 0, 0, 2471, 0, 0, 0);
INSERT INTO creature VALUES (16800798, 15106, 1, 1, 0, 0, 1587.744751, -4408.309082, 7.011856, 4.728053, 43200, 0, 0, 2471, 0, 0, 0);
# Game Event creature Conditions
INSERT INTO game_event_creature VALUES (16800793, 18);
INSERT INTO game_event_creature VALUES (16800794, 18);
INSERT INTO game_event_creature VALUES (16800795, 19);
INSERT INTO game_event_creature VALUES (16800796, 19);
INSERT INTO game_event_creature VALUES (16800797, 20);
INSERT INTO game_event_creature VALUES (16800798, 20);

