-- Same Quepop for WSG Arathi and EOTS
UPDATE `battleground_template` SET `MinPlayersPerTeam` = 6 WHERE `id` IN (2,3,7);

-- shoulder pads 2.00k r 1500p -> 1435
-- the 2.05k to 2.2k grind is worth 2 weeks of points minimum
-- DELETE FROM `npc_vendor` WHERE `entry` = 1200061 AND `item` IN (30490,31964,31971,31976,31979,31990,31996,32001,32008,32013,32018,32024,32033,32037,32043,32047,32059);
-- INSERT INTO `npc_vendor` VALUES
-- (1200061,30490,0,0,1435), --  2359
-- (1200061,31964,0,0,1435),(1200061,31971,0,0,1435),(1200061,31976,0,0,1435),(1200061,31979,0,0,1435),(1200061,31990,0,0,1435),(1200061,31996,0,0,1435),(1200061,32001,0,0,1435),(1200061,32008,0,0,1435),
-- (1200061,32013,0,0,1435),(1200061,32018,0,0,1435),(1200061,32024,0,0,1435),(1200061,32033,0,0,1435),(1200061,32037,0,0,1435),(1200061,32043,0,0,1435),(1200061,32047,0,0,1435),(1200061,32059,0,0,1435);

DELETE FROM `creature` WHERE `guid` IN (16800046,16800048,16800056,16800106,16800123,16800126,16800127,16800135,16800136,16800923,16800924,16800716,16800707,16800705,16800706);
DELETE FROM `creature` WHERE `guid` IN (26973,44253,40444,73662,86179,88482,93958,93959,93960,132569,245629);

INSERT INTO `creature` VALUES (26973, 5643, 1, 1, 3790, 0, -419.61, 1850.15, 128.492, 1.20428, 300, 0, 0, 1208, 1097, 0, 0);

INSERT INTO `creature` VALUES (44253, 27666, 530, 1, 0, 1293, -1829.72, 5500.5, -12.4278, 3.8107, 25, 0, 0, 6600, 0, 0, 0);

INSERT INTO `creature` VALUES (40444, 27667, 530, 1, 0, 429, -1848.02, 5506.64, -12.4278, 4.97954, 300, 0, 0, 4500, 0, 0, 0);

INSERT INTO `creature` VALUES (73662, 20921, 530, 1, 0, 0, 3373.58, 2892.23, 144.049, 4.32842, 300, 0, 0, 5000, 3080, 0, 0);

INSERT INTO `creature` VALUES (86179, 26124, 0, 1, 0, 0, 1806.27, 220.163, 60.3925, 1.43117, 300, 0, 0, 1, 0, 0, 0);

INSERT INTO `creature` VALUES (88482, 15930, 533, 1, 0, 0, 3508.85, -2994.08, 312.18, 2.33, 6380, 0, 0, 499650, 0, 0, 0);
DELETE FROM `creature_linked_respawn` WHERE `guid` = 88482;
INSERT INTO `creature_linked_respawn` VALUES
(88482,88480);

INSERT INTO `creature` VALUES (93958, 26092, 530, 0, 0, 0, 12687, -6942.73, 36.2523, 4.49695, 600, 0, 0, 2500, 7196, 0, 0);
INSERT INTO `creature` VALUES (93959, 26091, 530, 0, 0, 0, 12678.7, -6972.44, 36.2525, 1.9392, 600, 0, 0, 8400, 7196, 0, 0);
INSERT INTO `creature` VALUES (93960, 26089, 530, 0, 0, 0, 12686.7, -6972.61, 36.2519, 1.84288, 600, 0, 0, 6000, 0, 0, 0);

INSERT INTO `creature` VALUES (132569, 18956, 556, 1, 0, 0, -157.6380, 158.8178, 0.010763, 1.0821, 180, 0, 0, 8700, 0, 0, 0);

INSERT INTO `creature` VALUES (245629, 26178, 1, 1, 0, 0, -413.607, 2425.78, 65.7533, 4.50994, 600, 0, 0, 1700, 0, 0, 0);

DELETE FROM `game_event_creature` WHERE `guid` IN (44253,40444,86179,93958,93959,93960);
INSERT INTO `game_event_creature` VALUES
(86179, 1),

(44253, 46),
(40444, 46),

(93959,49),

(93958,53),
(93960,53);

-- Stairs of Destiny NPCs should not be attackable
UPDATE `creature_template` SET `unit_flags`=`unit_flags`|2 WHERE `entry` IN (20487, 20513);

-- Searing Elemental (Fire Elemental)
UPDATE `creature_template` SET `resistance2` = -1 WHERE `entry` = 20514;

-- Greyheart Nether-Mage 21230
-- only Sheepable immune to cast speed reduce ( all casters )
-- Decides whether Fire 38635 38636 38641 Frost 38644 38645 38646 Arcane 38633 38634, additional Blink 38642 38643 and Buff 38647 38648 38649 depending on specc chosen maybe 38632 for visual something
-- http://www.wowhead.com/npc=21230/greyheart-nether-mage#comments , http://wowwiki.wikia.com/wiki/Greyheart_Nether-Mage?direction=prev&oldid=993664 , http://wowwiki.wikia.com/wiki/Greyheart_Nether-Mage?direction=next&oldid=1185956
UPDATE `creature_template` SET `speed`='1.48',`mindmg`='4206',`maxdmg`='4993',`baseattacktime`='1400',`mechanic_immune_mask`='1073627115' WHERE `entry` = 21230; -- 1513 3087 2000 -- 8,411 - 9,985
DELETE FROM `creature_ai_scripts` WHERE `entryOrGUID` = 21230;
INSERT INTO `creature_ai_scripts` VALUES
('2123001','21230','11','0','100','2','0','0','0','0','30','1','3','5','0','0','0','0','0','0','0','0','Greyheart Nether-Mage - Random Phase Select on Spawn'),
('2123002','21230','4','125','100','2','0','0','0','0','11','38645','4','0','0','0','0','0','0','0','0','0','Greyheart Nether-Mage - Cast Frostbolt on Aggro (Phase 1)'),
('2123003','21230','9','125','100','3','0','40','1200','4800','11','38645','4','0','0','0','0','0','0','0','0','0','Greyheart Nether-Mage - Cast Frostbolt (Phase 1)'),
('2123004','21230','9','125','100','3','0','5','8000','12000','11','38644','0','0','0','0','0','0','0','0','0','0','Greyheart Nether-Mage - Cast Cone of Cold (Phase 1)'),
('2123005','21230','0','125','100','3','6000','12000','8400','12000','11','38646','4','0','0','0','0','0','0','0','0','0','Greyheart Nether-Mage - Cast Blizzard (Phase 1)'),
('2123006','21230','1','125','100','3','1000','1000','1800000','1800000','11','38649','0','1','0','0','0','0','0','0','0','0','Greyheart Nether-Mage - Cast Frost Destruction OOC (Phase 1)'),
('2123007','21230','27','125','100','3','38649','1','5000','5000','11','38649','0','32','0','0','0','0','0','0','0','0','Greyheart Nether-Mage - Cast Frost Destruction on Missing Buff (Phase 1)'),
('2123008','21230','1','119','100','3','1000','1000','1800000','1800000','11','38648','0','1','0','0','0','0','0','0','0','0','Greyheart Nether-Mage - Cast Fire Destruction OOC (Phase 3)'),
('2123009','21230','4','119','100','2','0','0','0','0','11','38641','4','0','0','0','0','0','0','0','0','0','Greyheart Nether-Mage - Cast Fireball on Aggro (Phase 3)'),
('2123010','21230','9','119','100','3','0','40','1200','4800','11','38641','4','0','0','0','0','0','0','0','0','0','Greyheart Nether-Mage - Cast Fireball (Phase 3)'),
('2123011','21230','0','119','100','3','6000','12000','8400','12000','11','38635','4','0','0','0','0','0','0','0','0','0','Greyheart Nether-Mage - Cast Rain of Fire (Phase 3)'),
('2123012','21230','9','119','100','2','0','30','9000','12000','11','38636','1','0','0','0','0','0','0','0','0','0','Greyheart Nether-Mage - Cast Scorch (Phase 3)'),
('2123013','21230','27','119','100','3','38648','1','5000','5000','11','38648','0','32','0','0','0','0','0','0','0','0','Greyheart Nether-Mage - Cast Fire Destruction on Missing Buff (Phase 3)'),
('2123014','21230','1','95','100','3','1000','1000','1800000','1800000','11','38647','0','1','0','0','0','0','0','0','0','0','Greyheart Nether-Mage - Cast Arcane Destruction OOC (Phase 2)'),
('2123015','21230','4','95','100','2','0','0','0','0','11','38633','4','0','0','0','0','0','0','0','0','0','Greyheart Nether-Mage - Cast Arcane Volley on Aggro (Phase 5)'),
('2123016','21230','9','95','100','3','0','40','4800','9600','11','38633','4','0','0','0','0','0','0','0','0','0','Greyheart Nether-Mage - Cast Arcane Volley (Phase 5)'),
('2123017','21230','0','95','100','3','2000','6000','9600','12600','11','38634','4','0','0','0','0','0','0','0','0','0','Greyheart Nether-Mage - Cast Arcane Lightning (Phase 5)'),
('2123018','21230','27','95','100','3','38647','1','5000','5000','11','38647','0','32','0','0','0','0','0','0','0','0','Greyheart Nether-Mage - Cast Arcane Destruction on Missing Buff (Phase 5)'),
('2123019','21230','0','0','75','3','6000','18000','17000','24000','11','38642','0','1','0','0','0','0','0','0','0','0','Greyheart Nether-Mage - Cast Blink'),
('2123020','21230','7','0','100','2','0','0','0','0','30','1','3','5','0','0','0','0','0','0','0','0','Greyheart Nether-Mage - Random Phase Select on Evade');

-- League of Arathor Emissary
UPDATE `creature_template` SET `unit_flags`=`unit_flags`|4 WHERE `entry` = 14991;

DELETE FROM `creature` WHERE `id` IN (21229,21230,21231);
DELETE FROM `creature` WHERE `guid` IN (93778,93785,93796);
INSERT INTO `creature` VALUES (80997, 21229, 548, 1, 0, 0, 334.2682, -430.3515, 28.8718, 6.2358, 7200, 0, 0, 143600, 48465, 0, 0);
INSERT INTO `creature` VALUES (82756, 21229, 548, 1, 0, 2224, 374.2856, -347.3562, 21.8560, 5.4622, 7200, 0, 0, 143600, 48465, 0, 0);
-- INSERT INTO `creature` VALUES (82768, 21229, 548, 1, 0, 0, 553.778, -545.207, -7.23891, 2.79189, 7200, 0, 0, 143600, 48465, 0, 0);
-- INSERT INTO `creature` VALUES (82853, 21229, 548, 1, 0, 0, 561.644, -507.314, -13.1582, 3.055, 7200, 0, 0, 143600, 48465, 0, 0);
-- INSERT INTO `creature` VALUES (82862, 21229, 548, 1, 0, 0, 441.064, -512.791, -13.1582, 0.129391, 7200, 0, 0, 143600, 48465, 0, 0);
-- INSERT INTO `creature` VALUES (82959, 21229, 548, 1, 0, 0, 437.532, -481.711, -13.1582, 6.23586, 7200, 0, 0, 143600, 48465, 0, 0);
INSERT INTO `creature` VALUES (93774, 21229, 548, 1, 0, 0, 330.81, -350.956, 21.3821, 2.61292, 7200, 0, 0, 143600, 48465, 0, 0);
INSERT INTO `creature` VALUES (93775, 21229, 548, 1, 0, 0, 314.319, -329.828, 19.6541, 0.443651, 7200, 0, 0, 143600, 48465, 0, 0);
INSERT INTO `creature` VALUES (93776, 21229, 548, 1, 0, 0, 308.572, -367.721, 22.3129, 1.02799, 7200, 0, 0, 143600, 48465, 0, 0);
INSERT INTO `creature` VALUES (93777, 21230, 548, 1, 0, 0, 333.3426, -427.1696, 28.8718, 0.68634, 7200, 0, 0, 143600, 48465, 0, 0);
INSERT INTO `creature` VALUES (93781, 21229, 548, 1, 0, 2224, 423.121, -419.802, 9.39515, 1.14256, 7200, 0, 0, 143600, 48465, 0, 0);
INSERT INTO `creature` VALUES (93782, 21229, 548, 1, 0, 2224, 501.418, -454.667, -13.1574, 1.67115, 7200, 0, 0, 143600, 48465, 0, 0);
INSERT INTO `creature` VALUES (93783, 21229, 548, 1, 0, 2224, 496.749, -454.619, -13.1574, 1.67115, 7200, 0, 0, 143600, 48465, 0, 0);
INSERT INTO `creature` VALUES (93785, 21232, 548, 1, 0, 0, 324.7960, -435.9576, 29.0952, 3.9464, 7200, 0, 0, 143600, 48465, 0, 0);
INSERT INTO `creature` VALUES (93786, 21229, 548, 1, 0, 2224, 427.517, -422.144, 9.60363, 1.0813, 7200, 0, 0, 143600, 48465, 0, 0);
INSERT INTO `creature` VALUES (93797, 21229, 548, 1, 0, 0, 395.807, -354.966, 23.4089, 2.34588, 7200, 0, 0, 143600, 48465, 0, 0);
INSERT INTO `creature` VALUES (93800, 21229, 548, 1, 0, 0, 358.323, -317.66, 18.4688, 1.61074, 7200, 0, 0, 143600, 48465, 0, 0);
INSERT INTO `creature` VALUES (198740, 21229, 548, 1, 0, 2224, 220.117, -430.829, -4.43271, 2.94987, 7200, 0, 0, 143600, 48465, 0, 0);
INSERT INTO `creature` VALUES (202219, 21229, 548, 1, 0, 2224, 214.48, -509.495, -11.5361, 2.89592, 7200, 0, 0, 143600, 48465, 0, 0);
INSERT INTO `creature` VALUES (208245, 21229, 548, 1, 0, 2224, 204.643, -613.358, -11.8273, 0.273917, 7200, 0, 0, 143600, 48465, 0, 0);
INSERT INTO `creature` VALUES (210738, 21229, 548, 1, 0, 2224, 217.717, -264.914, -2.02762, 5.5094, 7200, 0, 0, 143600, 48465, 0, 0);
INSERT INTO `creature` VALUES (257314, 21229, 548, 1, 0, 2224, 376.155, -498.513, 27.1909, 3.37391, 7200, 0, 0, 143600, 48465, 0, 0);

INSERT INTO `creature` VALUES (81912, 21230, 548, 1, 0, 1044, 369.8341, -350.7282, 21.6454, 5.4622, 7200, 0, 0, 143600, 48465, 0, 0);
INSERT INTO `creature` VALUES (93769, 21230, 548, 1, 0, 1044, 377.142, -511.228, 28.8012, 3.22154, 7200, 0, 0, 143600, 48465, 0, 0);
INSERT INTO `creature` VALUES (93778, 21232, 548, 1, 0, 0, 333.1330, -422.3574, 28.8717, 3.8365, 7200, 0, 0, 143600, 48465, 0, 0);
INSERT INTO `creature` VALUES (93779, 21229, 548, 1, 0, 0, 334.326, -427.819, 28.8718, 0.694979, 7200, 0, 0, 143600, 48465, 0, 2);
INSERT INTO `creature` VALUES (93790, 21230, 548, 1, 0, 0, 329.482, -346.314, 21.3023, 2.87367, 7200, 0, 0, 143600, 48465, 0, 0);
INSERT INTO `creature` VALUES (93795, 21230, 548, 1, 0, 0, 399.4429, -354.5076, 23.6099, 2.1189, 7200, 0, 0, 143600, 48465, 0, 2);
INSERT INTO `creature` VALUES (93796, 21232, 548, 1, 0, 0, 400.3313, -362.0697, 23.6713, 2.0788, 7200, 0, 0, 179525, 0, 0, 0);
INSERT INTO `creature` VALUES (93799, 21229, 548, 1, 0, 0, 346.7421, -319.6366, 18.5966, 1.6020, 7200, 5, 0, 143600, 48465, 0, 1);
INSERT INTO `creature` VALUES (93801, 21230, 548, 1, 0, 1044, 314.5498, -318.5748, 18.7143, 6.1651, 7200, 0, 0, 143600, 48465, 0, 0);
INSERT INTO `creature` VALUES (93854, 21230, 548, 1, 0, 0, 309.366, -371.816, 22.3256, 0.790794, 7200, 0, 0, 143600, 48465, 0, 0);
INSERT INTO `creature` VALUES (200581, 21230, 548, 1, 0, 1044, 226.337, -433.501, -4.43271, 2.87314, 7200, 0, 0, 143600, 48465, 0, 0);
INSERT INTO `creature` VALUES (201667, 21230, 548, 1, 0, 1044, 231.933, -429.863, -4.43271, 1.88432, 7200, 0, 0, 143600, 48465, 0, 0);
INSERT INTO `creature` VALUES (202652, 21230, 548, 1, 0, 1044, 221.87, -512.06, -11.5361, 2.77811, 7200, 0, 0, 143600, 48465, 0, 0);
INSERT INTO `creature` VALUES (202740, 21230, 548, 1, 0, 1044, 224.503, -518.917, -11.5558, 3.68725, 7200, 0, 0, 143600, 48465, 0, 0);
INSERT INTO `creature` VALUES (208340, 21230, 548, 1, 0, 1044, 198.197, -614.523, -11.8344, 0.273917, 7200, 0, 0, 143600, 48465, 0, 0);
INSERT INTO `creature` VALUES (208389, 21230, 548, 1, 0, 1044, 191.42, -610.888, -11.8542, 0.554305, 7200, 0, 0, 143600, 48465, 0, 0);
INSERT INTO `creature` VALUES (210824, 21230, 548, 1, 0, 1044, 213.501, -260.794, -2.02762, 5.5094, 7200, 0, 0, 143600, 48465, 0, 0);
INSERT INTO `creature` VALUES (210894, 21230, 548, 1, 0, 1044, 205.82, -260.676, -2.02762, 5.49838, 7200, 0, 0, 143600, 48465, 0, 0);

INSERT INTO `creature` VALUES (80497, 21231, 548, 1, 0, 0, 337.1503, -438.3084, 28.8718, 0.0210, 7200, 0, 0, 179525, 0, 0, 0);
-- INSERT INTO `creature` VALUES (81025, 21231, 548, 1, 0, 0, 451.279, -570.087, -7.36974, 6.24372, 7200, 0, 0, 179525, 0, 0, 0);
-- INSERT INTO `creature` VALUES (81028, 21231, 548, 1, 0, 0, 549.974, -569.879, -7.14429, 2.91756, 7200, 0, 0, 179525, 0, 0, 0);
-- INSERT INTO `creature` VALUES (81770, 21231, 548, 1, 0, 0, 556.908, -478.109, -13.1582, 3.15946, 7200, 0, 0, 179525, 0, 0, 0);
INSERT INTO `creature` VALUES (82869, 21231, 548, 1, 0, 2135, 470.277, -413.445, -4.8385, 2.26183, 7200, 0, 0, 200000, 0, 0, 2);
INSERT INTO `creature` VALUES (93767, 21231, 548, 1, 0, 2135, 338.445, -505.401, 28.1543, 2.54137, 7200, 0, 0, 200000, 0, 0, 2);
INSERT INTO `creature` VALUES (93784, 21231, 548, 1, 0, 2135, 426.294, -419.788, 8.69177, 1.11581, 7200, 0, 0, 200000, 0, 0, 2);
INSERT INTO `creature` VALUES (93791, 21231, 548, 1, 0, 0, 315.756, -324.118, 19.0598, 6.01055, 7200, 0, 0, 200000, 0, 0, 0);
INSERT INTO `creature` VALUES (93792, 21231, 548, 1, 0, 0, 304.69, -367.878, 22.4158, 0.591305, 7200, 0, 0, 200000, 0, 0, 0);
INSERT INTO `creature` VALUES (93793, 21231, 548, 1, 0, 0, 394.402, -373.301, 23.3723, 2.44877, 7200, 0, 0, 200000, 0, 0, 0);
INSERT INTO `creature` VALUES (93794, 21231, 548, 1, 0, 0, 372.981, -350.218, 21.8563, 5.19217, 7200, 0, 0, 200000, 0, 0, 0);
INSERT INTO `creature` VALUES (93803, 21231, 548, 1, 0, 0, 313.666, -262.427, 14.0867, 2.89016, 7200, 0, 0, 200000, 0, 0, 2);
INSERT INTO `creature` VALUES (93804, 21231, 548, 1, 0, 0, 315.598, -255.441, 13.6739, 2.89959, 7200, 0, 0, 200000, 0, 0, 2);
INSERT INTO `creature` VALUES (255324, 21231, 548, 1, 0, 2135, 374.988, -508.343, 28.39, 3.42574, 7200, 0, 0, 200000, 0, 0, 0);
INSERT INTO `creature` VALUES (255453, 21231, 548, 1, 0, 2135, 374.519, -501.494, 27.4001, 3.19013, 7200, 0, 0, 200000, 0, 0, 0);

DELETE FROM `creature` WHERE `guid` BETWEEN 172714 AND 172722;
DELETE FROM `creature` WHERE `guid` IN (80510,80731,80498,81913,81914,81915,93768);
DELETE FROM `creature_linked_respawn` WHERE `guid` IN (93785,80997,80510,80731,80498,81912,82756,81913,81914,81915,93768,80497);
INSERT INTO `creature_linked_respawn` VALUES
(93785,93773),
(80997,93773),
(80510,93773),
(80731,93773),
(80498,93773),
(81912,93773),
(82756,93773),
(81913,93773),
(81914,93773),
(81915,93773),
(93768,93773),
(80497,93773);

INSERT INTO `creature` VALUES (93768, 21230, 548, 1, 0, 0, 392.107, -497.182, 28.4324, 3.21532, 7200, 0, 0, 143600, 48465, 0, 2);
SET @GUID := 93768;
UPDATE `creature` SET `MovementType`='2' WHERE `guid` = @GUID;
DELETE FROM `creature_addon` WHERE `guid` = @GUID;
INSERT INTO `creature_addon` (`guid`,`path_id`,`mount`,`bytes0`,`bytes1`,`bytes2`,`emote`,`moveflags`,`auras`) VALUES (@GUID,@GUID,0,0,0,4097,0,0,'');
DELETE FROM `waypoint_data` WHERE `id` = @GUID;
INSERT INTO `waypoint_data` VALUES (93768, 1, 345.004, -495.757, 27.4974, 0, 0, 0, 0, 0);
INSERT INTO `waypoint_data` VALUES (93768, 2, 332.75, -484.522, 28.8718, 0, 0, 0, 0, 0);
INSERT INTO `waypoint_data` VALUES (93768, 3, 342.738, -459.077, 28.357, 0, 0, 0, 0, 0);  
INSERT INTO `waypoint_data` VALUES (93768, 4, 356.3506, -403.3568, 27.0522, 0, 0, 0, 0, 0); 
INSERT INTO `waypoint_data` VALUES (93768, 5, 359.284, -371.831, 22.9121, 0, 0, 0, 0, 0);
INSERT INTO `waypoint_data` VALUES (93768, 6, 371.08, -355.191, 21.8825, 0, 0, 0, 0, 0);
INSERT INTO `waypoint_data` VALUES (93768, 7, 380.074, -343.367, 21.9524, 0, 0, 0, 0, 0);
INSERT INTO `waypoint_data` VALUES (93768, 8, 385.721, -357.798, 22.8594, 0, 0, 0, 0, 0);
INSERT INTO `waypoint_data` VALUES (93768, 9, 378.991, -384.532, 22.852, 0, 0, 0, 0, 0);
INSERT INTO `waypoint_data` VALUES (93768, 10, 367.8644, -403.3157, 27.8450, 0, 0, 0, 0, 0);
INSERT INTO `waypoint_data` VALUES (93768, 11, 325.218, -461.153, 28.9344, 0, 0, 0, 0, 0);
INSERT INTO `waypoint_data` VALUES (93768, 12, 328.264, -497.084, 28.3245, 0, 0, 0, 0, 0);
 
SET @GUID := 93795;
UPDATE `creature` SET `MovementType`='2' WHERE `guid` = @GUID;
DELETE FROM `creature_addon` WHERE `guid` = @GUID;
INSERT INTO `creature_addon` (`guid`,`path_id`,`mount`,`bytes0`,`bytes1`,`bytes2`,`emote`,`moveflags`,`auras`) VALUES (@GUID,@GUID,0,0,0,4097,0,0,'');
DELETE FROM `waypoint_data` WHERE `id` = @GUID;
INSERT INTO `waypoint_data` VALUES (93795, 1, 392.887, -329.59, 20.8056, 0, 0, 0, 0, 0);
INSERT INTO `waypoint_data` VALUES (93795, 2, 387.976, -320.925, 20.1713, 0, 0, 0, 0, 0);
INSERT INTO `waypoint_data` VALUES (93795, 3, 373.389, -331.221, 19.8124, 0, 0, 0, 0, 0);
INSERT INTO `waypoint_data` VALUES (93795, 4, 378.267, -350.125, 22.2263, 0, 0, 0, 0, 0);
INSERT INTO `waypoint_data` VALUES (93795, 5, 388.241, -344.162, 22.856, 0, 0, 0, 0, 0);

SET @GUID := 93779;
SET @POINT := 0;
UPDATE `creature` SET `MovementType`='2' WHERE `guid` = @GUID;
DELETE FROM `creature_addon` WHERE `guid` = @GUID;
INSERT INTO `creature_addon` (`guid`,`path_id`,`mount`,`bytes0`,`bytes1`,`bytes2`,`emote`,`moveflags`,`auras`) VALUES (@GUID,@GUID,0,0,0,4097,0,0,'');
DELETE FROM `waypoint_data` WHERE `id` = @GUID;
INSERT INTO `waypoint_data` (`id`,`point`,`position_x`,`position_y`,`position_z`,`delay`,`move_type`,`action`,`action_chance`,`wpguid`) VALUES
-- (@GUID,@POINT := @POINT + 1, XXX, YYY, ZZZ,0,0,0,100,0),
(@GUID,@POINT := @POINT + 1, 339.2322, -420.8434, 28.8717,0,0,0,100,0),
(@GUID,@POINT := @POINT + 1, 330.7823, -417.7982, 28.8717,2000,0,0,100,0),
(@GUID,@POINT := @POINT + 1, 339.2322, -420.8434, 28.8717,0,0,0,100,0),
(@GUID,@POINT := @POINT + 1, 341.9577, -432.8303, 28.7432,0,0,0,100,0),
(@GUID,@POINT := @POINT + 1, 340.0797, -443.4074, 28.6889,0,0,0,100,0),
(@GUID,@POINT := @POINT + 1, 333.6788, -443.5497, 28.8710,2000,0,0,100,0),
(@GUID,@POINT := @POINT + 1, 340.0797, -443.4074, 28.6889,0,0,0,100,0),
(@GUID,@POINT := @POINT + 1, 341.9577, -432.8303, 28.7432,0,0,0,100,0);

INSERT INTO `creature` VALUES (80510, 21229, 548, 1, 0, 0, 334.5979, -403.3244, 28.2897, 5.3287, 7200, 0, 0, 143600, 48465, 0, 2);
SET @GUID := 80510;
UPDATE `creature` SET `MovementType`='2' WHERE `guid` = @GUID;
DELETE FROM `creature_addon` WHERE `guid` = @GUID;
INSERT INTO `creature_addon` (`guid`,`path_id`,`mount`,`bytes0`,`bytes1`,`bytes2`,`emote`,`moveflags`,`auras`) VALUES (@GUID,@GUID,0,0,0,4097,0,0,'');
DELETE FROM `waypoint_data` WHERE `id` = @GUID;
INSERT INTO `waypoint_data` VALUES (80510, 1, 338.786, -409.471, 28.3277, 0, 0, 0, 0, 0);
INSERT INTO `waypoint_data` VALUES (80510, 2, 379.036, -396.841, 28.2056, 0, 0, 0, 0, 0);
INSERT INTO `waypoint_data` VALUES (80510, 3, 359.758, -387.969, 23.7165, 0, 0, 0, 0, 0);
INSERT INTO `waypoint_data` VALUES (80510, 4, 323.079, -385.927, 23.0982, 0, 0, 0, 0, 0);

INSERT INTO `creature` VALUES (80731, 21230, 548, 1, 0, 0, 345.9931, -506.1338, 28.1467, 3.1272, 7200, 0, 0, 143600, 48465, 0, 2);
SET @GUID := 80731;
UPDATE `creature` SET `MovementType`='2' WHERE `guid` = @GUID;
DELETE FROM `creature_addon` WHERE `guid` = @GUID;
INSERT INTO `creature_addon` (`guid`,`path_id`,`mount`,`bytes0`,`bytes1`,`bytes2`,`emote`,`moveflags`,`auras`) VALUES (@GUID,@GUID,0,0,0,4097,0,0,'');
DELETE FROM `waypoint_data` WHERE `id` = @GUID;
INSERT INTO `waypoint_data` VALUES (80731, 1, 335.054, -500.517, 27.8057, 0, 0, 0, 0, 0);
INSERT INTO `waypoint_data` VALUES (80731, 2, 329.97, -461.809, 28.8718, 0, 0, 0, 0, 0);
INSERT INTO `waypoint_data` VALUES (80731, 3, 340.265, -455.305, 28.5874, 0, 0, 0, 0, 0);
INSERT INTO `waypoint_data` VALUES (80731, 4, 363.066, -404.175, 27.2828, 0, 0, 0, 0, 0);
INSERT INTO `waypoint_data` VALUES (80731, 5, 377.62, -366.287, 22.4606, 0, 0, 0, 0, 0);
INSERT INTO `waypoint_data` VALUES (80731, 6, 344.51, -364.056, 21.7262, 0, 0, 0, 0, 0);
INSERT INTO `waypoint_data` VALUES (80731, 7, 343.749, -425.712, 28.7533, 0, 0, 0, 0, 0);
INSERT INTO `waypoint_data` VALUES (80731, 8, 328.873, -483.333, 28.8704, 0, 0, 0, 0, 0);
INSERT INTO `waypoint_data` VALUES (80731, 9, 333.436, -494.25, 27.7525, 0, 0, 0, 0, 0);
INSERT INTO `waypoint_data` VALUES (80731, 10, 393.779, -503.174, 27.205, 0, 0, 0, 0, 0);

INSERT INTO `creature` VALUES (80498, 21231, 548, 1, 0, 0, 333.5784, -343.7477, 21.0158, 2.7997, 7200, 0, 0, 179525, 0, 0, 0);

INSERT INTO `creature` VALUES (81913, 21230, 548, 1, 0, 1044, 390.1734, -381.4599, 23.1745, 3.0860, 7200, 0, 0, 143600, 48465, 0, 0);
INSERT INTO `creature` VALUES (81914, 21229, 548, 1, 0, 2224, 396.5572, -368.5735, 23.4723, 3.1547, 7200, 0, 0, 143600, 48465, 0, 0);

INSERT INTO `creature` VALUES (81915, 21863, 548, 1, 0, 0, 392.0486, -366.5477, 23.2245, 2.7640, 7200, 5, 0, 104790, 0, 0, 1);

UPDATE `creature` SET `equipment_id` = 2137 WHERE `guid` = 93798;
DELETE FROM `creature_addon` WHERE `guid` = 93798;
INSERT INTO `creature_addon` VALUES
(93798, 0, 0, 512, 0, 4097, 0, 0, NULL);

SET @GUID := 82952;
DELETE FROM `creature_addon` WHERE `guid` = @GUID;
INSERT INTO `creature_addon` (`guid`,`path_id`,`mount`,`bytes0`,`bytes1`,`bytes2`,`emote`,`moveflags`,`auras`) VALUES (@GUID,@GUID,0,0,0,4097,0,0,''); -- 1680
DELETE FROM `waypoint_data` WHERE `id` = @GUID;
INSERT INTO `waypoint_data` VALUES (82952, 1, 364.177, -317.168, 18.3748, 0, 0, 0, 0, 0);
INSERT INTO `waypoint_data` VALUES (82952, 2, 353.5723, -310.7877, 18.1592, 0, 0, 0, 0, 0);
INSERT INTO `waypoint_data` VALUES (82952, 3, 334.063, -320.588, 18.6774, 0, 0, 0, 0, 0);
INSERT INTO `waypoint_data` VALUES (82952, 4, 322.622, -348.978, 21.6507, 0, 0, 0, 0, 0);
INSERT INTO `waypoint_data` VALUES (82952, 5, 326.463, -368.18, 22.0487, 0, 0, 0, 0, 0);
INSERT INTO `waypoint_data` VALUES (82952, 6, 380.639, -362.416, 22.6063, 0, 0, 0, 0, 0);
INSERT INTO `waypoint_data` VALUES (82952, 7, 382.796, -325.989, 19.9232, 0, 0, 0, 0, 0);

DELETE FROM `creature_formations` WHERE `leaderguid` IN (80497,93776,93790,93793,93794,93791,93798,93766);
INSERT INTO `creature_formations` VALUES

(80497,80497,100,360,2),
(80497,93779,100,360,2),
(80497,93785,100,360,2),
(80497,80997,100,360,2),
(80497,93777,100,360,2),
(80497,93778,100,360,2),

(93776,93776,100,360,2),
(93776,93854,100,360,2),
(93776,93792,100,360,2),

(93790,93790,100,360,2),
(93790,80498,100,360,2),
(93790,93774,100,360,2),

(93793,93793,100,360,2),
(93793,81913,100,360,2),
(93793,81914,100,360,2),
(93793,81915,100,360,2),
(93793,93796,100,360,2),
(93793,93797,100,360,2),

(93794,93794,100,360,2),
(93794,82756,100,360,2),
(93794,81912,100,360,2),

(93791,93791,100,360,2),
(93791,93775,100,360,2),
(93791,93801,100,360,2),

(93798,93798,100,360,2),
(93798,93799,100,360,2),
(93798,93800,100,360,2),

(93766,93766,100,360,2),
(93766,82975,100,360,2),
(93766,82976,100,360,2),
(93766,93765,100,360,2);
--
-- 183607,82966,93837,93840,93841,
-- 82861,93789,172713,173195

-- ----------------------------------------------------------
-- Saltgurka Update 11
-- ----------------------------------------------------------
 
-- ----------------------------------------------------------
-- Avruu Patrol and Spells
-- https://github.com/Looking4Group/L4G_Core/issues/2883
-- ----------------------------------------------------------
 
-- Couldn't find any complete ai script, so made my own. Dark mending is from acid scripts (Dark Conclave Harbringer).
DELETE FROM `creature_ai_scripts` WHERE `entryOrGUID` = 17084;
INSERT INTO `creature_ai_scripts` VALUES
('1708401','17084','0','0','100','1','2000','5000','8000','10000','11','34112','1','0','0','0','0','0','0','0','0','0','Avruu - Cast Judgement of Darkness'),
('1708402','17084','2','0','100','1','50','0','8000','8000','11','16588','0','0','0','0','0','0','0','0','0','0','Avruu - Cast Dark Mending at 50% HP');
 
-- Pathing for  Entry: 17084 'TDB FORMAT'
SET @GUID := 59482;
UPDATE `creature` SET `spawndist`=0,`MovementType`=2,`position_x`=-1112.964,`position_y`=4219.693,`position_z`=54.08931 WHERE `guid`=@GUID;
DELETE FROM `creature_addon` WHERE `guid`=@GUID;
INSERT INTO `creature_addon` (`guid`,`path_id`,`mount`,`bytes1`,`bytes2`,`emote`,`auras`) VALUES (@GUID,@GUID,0,0,4097,0, '');
DELETE FROM `waypoint_data` WHERE `id`=@GUID;
INSERT INTO `waypoint_data` (`id`,`point`,`position_x`,`position_y`,`position_z`,`delay`,`move_type`,`action`,`action_chance`,`wpguid`) VALUES
(@GUID,1,-1112.964,4219.693,54.08931,0,0,0,100,0), -- 22:50:58
(@GUID,2,-1125.52,4220.68,53.22501,0,0,0,100,0), -- 22:51:02
(@GUID,3,-1131.51,4216.214,52.5976,0,0,0,100,0), -- 22:51:09
(@GUID,4,-1131.881,4216.276,52.58219,0,0,0,100,0), -- 22:51:15
(@GUID,5,-1114.452,4220.219,53.89874,0,0,0,100,0), -- 22:51:18
(@GUID,6,-1107.736,4214.913,55.09978,0,0,0,100,0), -- 22:51:25
(@GUID,7,-1113.106,4219.777,53.99925,0,0,0,100,0), -- 22:51:29
(@GUID,8,-1136.829,4220.945,53.76987,0,0,0,100,0), -- 22:51:32
(@GUID,9,-1147.02,4218.027,54.02965,0,0,0,100,0), -- 22:51:46
(@GUID,10,-1149.189,4218.297,54.02391,0,0,0,100,0), -- 22:51:48
(@GUID,11,-1137.107,4220.762,53.73471,0,0,0,100,0), -- 22:51:52
(@GUID,12,-1131.778,4216.292,52.64248,0,0,0,100,0), -- 22:51:58
(@GUID,13,-1131.869,4216.207,52.59087,0,0,0,100,0), -- 22:52:03
(@GUID,14,-1137.436,4220.871,53.61063,0,0,0,100,0), -- 22:52:05
(@GUID,15,-1149.03,4218.142,54.05856,0,0,0,100,0), -- 22:52:13
(@GUID,16,-1147.042,4218.251,53.99655,0,0,0,100,0), -- 22:52:15
(@GUID,17,-1114.662,4220.188,53.71242,0,0,0,100,0), -- 22:52:19
(@GUID,18,-1107.691,4214.901,55.2402,0,0,0,100,0), -- 22:52:31
(@GUID,19,-1112.953,4219.683,54.09106,0,0,0,100,0); -- 22:52:36
-- 0x203CD4424010AF0000004000000BCC5F .go -1112.964 4219.693 54.08931
 
-- ----------------------------------------------------------
-- Durn the Hungerer glitching on his waypoints
-- https://github.com/Looking4Group/L4G_Core/issues/1952
-- ----------------------------------------------------------
 
-- Pathing for  Entry: 18411 'TDB FORMAT'
SET @GUID := 3884646;
UPDATE `creature` SET `spawndist`=0,`MovementType`=2,`position_x`=-2257.32,`position_y`=8530.855,`position_z`=-20.88203 WHERE `guid`=@GUID;
UPDATE `creature_addon` SET `path_id` = @GUID WHERE `guid`=@GUID;
DELETE FROM `waypoint_data` WHERE `id`=@GUID;
INSERT INTO `waypoint_data` (`id`,`point`,`position_x`,`position_y`,`position_z`,`delay`,`move_type`,`action`,`action_chance`,`wpguid`) VALUES
(@GUID,1,-2257.32,8530.855,-20.88203,0,0,0,100,0), -- 23:51:59
(@GUID,2,-2252.259,8519.586,-21.54581,0,0,0,100,0), -- 23:52:04
(@GUID,3,-2241.7,8498.648,-20.72995,0,0,0,100,0), -- 23:52:07
(@GUID,4,-2240.683,8497.167,-20.88236,0,0,0,100,0), -- 23:52:10
(@GUID,5,-2221.996,8460.108,-23.42958,0,0,0,100,0), -- 23:52:13
(@GUID,6,-2215.231,8447.502,-23.16547,0,0,0,100,0), -- 23:52:17
(@GUID,7,-2199.86,8414.125,-22.46026,0,0,0,100,0), -- 23:52:22
(@GUID,8,-2192.543,8390.158,-21.77442,0,0,0,100,0), -- 23:52:27
(@GUID,9,-2186.239,8366.975,-20.2285,0,0,0,100,0), -- 23:52:30
(@GUID,10,-2185.68,8365.402,-20.45205,0,0,0,100,0), -- 23:52:34
(@GUID,11,-2172.92,8321.547,-22.61752,0,0,0,100,0), -- 23:52:38
(@GUID,12,-2166.718,8298.99,-21.82068,0,0,0,100,0), -- 23:52:41
(@GUID,13,-2165.304,8292.68,-20.95293,0,0,0,100,0), -- 23:52:46
(@GUID,14,-2161.019,8252.406,-22.01023,0,0,0,100,0), -- 23:52:49
(@GUID,15,-2162.081,8231.441,-21.77042,0,0,0,100,0), -- 23:52:53
(@GUID,16,-2175.169,8200.849,-26.34338,0,0,0,100,0), -- 23:52:58
(@GUID,17,-2183.845,8179.058,-25.19711,0,0,0,100,0), -- 23:53:03
(@GUID,18,-2190.8,8160.827,-23.26946,0,0,0,100,0), -- 23:53:08
(@GUID,19,-2199.171,8122.885,-22.19745,0,0,0,100,0), -- 23:53:13
(@GUID,20,-2204,8090.201,-24.56266,0,0,0,100,0), -- 23:53:17
(@GUID,21,-2206.652,8055.295,-22.49478,0,0,0,100,0), -- 23:53:23
(@GUID,22,-2211.31,8026.463,-23.00625,0,0,0,100,0), -- 23:53:29
(@GUID,23,-2221.728,7982.893,-23.59074,0,0,0,100,0), -- 23:53:35
(@GUID,24,-2213.232,7946.283,-18.34021,0,0,0,100,0), -- 23:53:41
(@GUID,25,-2212.473,7942.965,-17.90524,0,0,0,100,0), -- 23:53:47
(@GUID,26,-2213.984,7890.517,-20.34743,0,0,0,100,0), -- 23:53:51
(@GUID,27,-2221.436,7868.065,-20.13028,0,0,0,100,0), -- 23:53:56
(@GUID,28,-2232.141,7838.451,-23.4087,0,0,0,100,0), -- 23:54:01
(@GUID,29,-2246.158,7825.064,-23.88985,0,0,0,100,0), -- 23:54:05
(@GUID,30,-2252.805,7796.936,-24.79749,0,0,0,100,0), -- 23:54:09
(@GUID,31,-2261.151,7768.636,-24.50979,0,0,0,100,0), -- 23:54:15
(@GUID,32,-2275.624,7755.854,-23.59475,0,0,0,100,0), -- 23:54:19
(@GUID,33,-2297.373,7735.584,-21.96973,0,0,0,100,0), -- 23:54:22
(@GUID,34,-2325.268,7714.613,-20.61766,0,0,0,100,0), -- 23:54:29
(@GUID,35,-2328.122,7712.66,-20.22728,0,0,0,100,0), -- 23:54:33
(@GUID,36,-2382.409,7710.026,-19.12642,0,0,0,100,0), -- 23:54:38
(@GUID,37,-2410.725,7710.378,-16.63384,0,0,0,100,0), -- 23:54:43
(@GUID,38,-2419.141,7710.545,-16.10202,0,0,0,100,0), -- 23:54:49
(@GUID,39,-2472.431,7719.353,-21.83528,0,0,0,100,0), -- 23:54:53
(@GUID,40,-2504.844,7734.833,-29.33388,0,0,0,100,0), -- 23:54:59
(@GUID,41,-2536.085,7755.195,-34.14632,0,0,0,100,0), -- 23:55:05
(@GUID,42,-2561.341,7770.175,-39.32412,0,0,0,100,0), -- 23:55:11
(@GUID,43,-2586.099,7787.987,-41.42563,0,0,0,100,0), -- 23:55:17
(@GUID,44,-2616.087,7808.471,-43.61702,0,0,0,100,0), -- 23:55:22
(@GUID,45,-2639.408,7811.06,-41.41854,0,0,0,100,0), -- 23:55:27
(@GUID,46,-2681.274,7820.429,-41.49043,0,0,0,100,0), -- 23:55:33
(@GUID,47,-2701.528,7828.728,-39.25272,0,0,0,100,0), -- 23:55:39
(@GUID,48,-2739.732,7861.405,-36.76991,0,0,0,100,0), -- 23:55:45
(@GUID,49,-2749.822,7898.72,-39.98766,0,0,0,100,0), -- 23:55:52
(@GUID,50,-2748.943,7914.824,-39.10258,0,0,0,100,0), -- 23:55:58
(@GUID,51,-2738.815,7964.146,-42.3842,0,0,0,100,0), -- 23:56:04
(@GUID,52,-2744.887,7993.452,-40.15096,0,0,0,100,0), -- 23:56:11
(@GUID,53,-2766.227,8018.188,-40.76359,0,0,0,100,0), -- 23:56:16
(@GUID,54,-2815.896,8041.837,-35.48971,0,0,0,100,0), -- 23:56:22
(@GUID,55,-2845.74,8063.085,-33.92702,0,0,0,100,0), -- 23:56:29
(@GUID,56,-2850.274,8089.402,-36.49883,0,0,0,100,0), -- 23:56:35
(@GUID,57,-2852.795,8105.44,-38.64394,0,0,0,100,0), -- 23:56:40
(@GUID,58,-2854.836,8152.004,-40.60387,0,0,0,100,0), -- 23:56:45
(@GUID,59,-2851.161,8177.881,-40.13144,0,0,0,100,0), -- 23:56:51
(@GUID,60,-2849.264,8209.067,-39.12178,0,0,0,100,0), -- 23:56:56
(@GUID,61,-2848.842,8238.16,-39.33955,0,0,0,100,0), -- 23:57:01
(@GUID,62,-2853.474,8279.851,-38.53737,0,0,0,100,0), -- 23:57:06
(@GUID,63,-2859.287,8308.508,-33.61636,0,0,0,100,0), -- 23:57:12
(@GUID,64,-2848,8351.318,-31.26186,0,0,0,100,0), -- 23:57:18
(@GUID,65,-2842.831,8364.221,-30.81167,0,0,0,100,0), -- 23:57:24
(@GUID,66,-2835.233,8384.752,-31.08294,0,0,0,100,0), -- 23:57:30
(@GUID,67,-2824.176,8435.479,-33.16406,0,0,0,100,0), -- 23:57:34
(@GUID,68,-2811.649,8453.352,-35.80865,0,0,0,100,0), -- 23:57:40
(@GUID,69,-2785.574,8480.203,-35.32317,0,0,0,100,0), -- 23:57:46
(@GUID,70,-2751.765,8517.617,-39.06364,0,0,0,100,0), -- 23:57:52
(@GUID,71,-2743.679,8523.374,-38.73209,0,0,0,100,0), -- 23:57:58
(@GUID,72,-2691.31,8550.521,-34.85656,0,0,0,100,0), -- 23:58:03
(@GUID,73,-2656.81,8558.814,-34.55776,0,0,0,100,0), -- 23:58:10
(@GUID,74,-2633.764,8553.14,-35.34432,0,0,0,100,0), -- 23:58:16
(@GUID,75,-2606.923,8550.959,-33.61824,0,0,0,100,0), -- 23:58:20
(@GUID,76,-2589.559,8549.772,-33.4821,0,0,0,100,0), -- 23:58:27
(@GUID,77,-2556.237,8575.768,-32.6988,0,0,0,100,0), -- 23:58:31
(@GUID,78,-2522.757,8603.379,-27.81424,0,0,0,100,0), -- 23:58:36
(@GUID,79,-2500.648,8624.219,-23.52207,0,0,0,100,0), -- 23:58:42
(@GUID,80,-2486.984,8632.387,-22.3012,0,0,0,100,0), -- 23:58:47
(@GUID,81,-2428.26,8643.505,-23.69637,0,0,0,100,0), -- 23:58:53
(@GUID,82,-2400.617,8643.93,-22.14746,0,0,0,100,0), -- 23:59:00
(@GUID,83,-2372.615,8641.533,-16.73965,0,0,0,100,0), -- 23:59:04
(@GUID,84,-2362.855,8641.482,-15.52483,0,0,0,100,0), -- 23:59:09
(@GUID,85,-2298.685,8620,-12.92872,0,0,0,100,0), -- 23:59:15
(@GUID,86,-2282.511,8598.663,-13.91626,0,0,0,100,0), -- 23:59:24
(@GUID,87,-2274.151,8579.072,-17.15756,0,0,0,100,0), -- 23:59:27
(@GUID,88,-2270.74,8570.441,-18.60716,0,0,0,100,0); -- 23:59:31
-- 0x203CDC424011FAC000000C00000BDF61 .go -2257.32 8530.855 -20.88203
 
-- ----------------------------------------------------------
-- Fel Reavers not making their noise and one of them is glitching on its path
-- https://github.com/Looking4Group/L4G_Core/issues/1293
-- ----------------------------------------------------------
 
-- Update AI to play sound every 10 sec
DELETE FROM `creature_ai_scripts` WHERE `id` IN (1873302);
INSERT INTO `creature_ai_scripts` VALUES
('1873302','18733','1','0','100','1','10000','10000','10000','10000','4','10571','0','0','0','0','0','0','0','0','0','0','Fel Reaver - Play Noise Sound OOC');
-- We had 3 of them. The duplicate one (4538452) was on an incorrect path. We should only have 2 anyways, so I'm changing the spawnMask.
UPDATE `creature` SET `spawnMask` = 0 WHERE `guid` = 4538452;
 
-- ----------------------------------------------------------
-- Neophyte Nemarn
-- ----------------------------------------------------------
 
-- Duplicate spawn, should not exist
UPDATE `creature` SET `spawnMask` = 0 WHERE `guid` = 69109;
 
DELETE FROM `db_script_string` WHERE `entry` BETWEEN 2000005560 AND 2000005569;
INSERT INTO `db_script_string` (`entry`,`content_default`) VALUES
(2000005560,'Sir, I am here to deliver my report from the Scryer''s Tier.'),
(2000005561,'Well, out with it neophyte...'),
(2000005562,'Sir, it''s impossible to read anything into their actions.'),
(2000005563,'Their movements are totally chaotic, as if they themselves know not what they are about.'),
(2000005564,'My apologies, sir. I wish I had more to report.'),
(2000005565,'It is exactly as I expected, soldier. They know we watch them closely.'),
(2000005566,'They mask their intentions with meaningless movements to confuse us.'),
(2000005567,'In time, you may learn to see through their deceptions.'),
(2000005568,'Until then, your presence at your post will keep them on their toes.'),
(2000005569,'As you command, sir.');
 
DELETE FROM `waypoint_scripts` WHERE `id` IN (6910801,6910802);
INSERT INTO `waypoint_scripts` (`id`,`delay`,`command`,`datalong`,`datalong2`,`dataint`,`x`,`y`,`z`,`o`,`guid`,`comment`) VALUES
(6910801,0,0,0,0,2000005560,0,0,0,0,6910801,'Neophyte Nemarn - Text 1'), -- Sir, I am here to deliver my report from the Scryer''s Tier.
(6910801,0,1,2,0,0,0,0,0,0,6910802,'Neophyte Nemarn - Bow emote 1'),
(6910801,0,17,66696,6910802,6,0,0,0,0,6910803,'Callscript - Adyen the Lightwarden - Text 1'),
(6910802,10,0,0,0,2000005561,0,0,0,0,6910804,'Adyen the Lightwarden - Text 1'), -- Well, out with it neophyte...
(6910802,10,1,6,0,0,0,0,0,0,6910805,'Adyen the Lightwarden - Talk emote 1'),
(6910801,15,0,0,0,2000005562,0,0,0,0,6910806,'Neophyte Nemarn - Text 2'), -- Sir, it''s impossible to read anything into their actions.
(6910801,15,1,6,0,0,0,0,0,0,6910807,'Neophyte Nemarn - Talk emote 2'),
(6910801,25,0,0,0,2000005563,0,0,0,0,6910808,'Neophyte Nemarn - Text 3'), -- Their movements are totally chaotic, as if they themselves know not what they are about.
(6910801,25,1,6,0,0,0,0,0,0,6910809,'Neophyte Nemarn - Talk emote 3'),
(6910801,35,0,0,0,2000005564,0,0,0,0,6910810,'Neophyte Nemarn - Text 4'), -- My apologies, sir. I wish I had more to report.
(6910801,35,1,6,0,0,0,0,0,0,6910811,'Neophyte Nemarn - Talk emote 4'),
(6910802,45,0,0,0,2000005565,0,0,0,0,6910812,'Adyen the Lightwarden - Text 2'), -- It is exactly as I expected, soldier. They know we watch them closely.
(6910802,45,1,6,0,0,0,0,0,0,6910813,'Adyen the Lightwarden - Talk emote 2'),
(6910802,55,0,0,0,2000005566,0,0,0,0,6910814,'Adyen the Lightwarden - Text 3'), -- They mask their intentions with meaningless movements to confuse us.
(6910802,55,1,6,0,0,0,0,0,0,6910815,'Adyen the Lightwarden - Talk emote 3'),
(6910802,65,0,0,0,2000005567,0,0,0,0,6910816,'Adyen the Lightwarden - Text 4'), -- In time, you may learn to see through their deceptions.
(6910802,65,1,6,0,0,0,0,0,0,6910817,'Adyen the Lightwarden - Talk emote 4'),
(6910802,75,0,0,0,2000005568,0,0,0,0,6910818,'Adyen the Lightwarden - Text 5'), -- Until then, your presence at your post will keep them on their toes.
(6910802,75,1,6,0,0,0,0,0,0,6910819,'Adyen the Lightwarden - Talk emote 5'),
(6910801,85,0,0,0,2000005569,0,0,0,0,6910820,'Neophyte Nemarn - Text 5'), -- As you command, sir.
(6910801,85,1,6,0,0,0,0,0,0,6910821,'Neophyte Nemarn - Talk emote 5'),
(6910801,90,1,2,0,0,0,0,0,0,6910822,'Neophyte Nemarn - Bow emote 2');
 
 
-- Pathing for  Entry: 19377 'TDB FORMAT'
SET @GUID := 69108;
UPDATE `creature` SET `spawndist`=0,`MovementType`=2,`position_x`=-1931.089,`position_y`=5720.728,`position_z`=124.5082 WHERE `guid`=@GUID;
DELETE FROM `creature_addon` WHERE `guid`=@GUID;
INSERT INTO `creature_addon` (`guid`,`path_id`,`mount`,`bytes1`,`bytes2`,`emote`,`auras`) VALUES (@GUID,@GUID,0,0,4097,0, '');
DELETE FROM `waypoint_data` WHERE `id`=@GUID;
INSERT INTO `waypoint_data` (`id`,`point`,`position_x`,`position_y`,`position_z`,`delay`,`move_type`,`action`,`action_chance`,`wpguid`) VALUES
(@GUID,1,-1977.591,5675.536,117.9064,0,0,0,100,0),
(@GUID,2,-1978.887,5673.554,117.6499,300000,0,0,100,0),
(@GUID,3,-1975.111572,5684.570312,117.662758,0,0,0,100,0),
(@GUID,4,-1943.824585,5709.438965,119.847023,0,0,0,100,0),
(@GUID,5,-1931.089,5720.728,124.5082,0,0,0,100,0), -- 23:03:10
(@GUID,6,-1922.898,5727.902,129.0465,0,0,0,100,0), -- 23:03:25
(@GUID,7,-1918.229,5731.971,129.3523,0,0,0,100,0), -- 23:03:29
(@GUID,8,-1913.227,5735.799,129.4535,0,0,0,100,0), -- 23:03:31
(@GUID,9,-1877.2,5754.718,129.6287,0,0,0,100,0), -- 23:03:32
(@GUID,10,-1848.056,5757.688,129.6179,0,0,0,100,0), -- 23:03:48
(@GUID,11,-1834.884,5756.401,131.1362,0,0,0,100,0), -- 23:04:00
(@GUID,12,-1811.401,5749.086,129.9691,0,0,0,100,0), -- 23:04:07
(@GUID,13,-1792.716,5736.938,128.5189,0,0,0,100,0), -- 23:04:16
(@GUID,14,-1779.978,5728.731,127.3369,0,0,0,100,0), -- 23:04:28
(@GUID,15,-1776.125,5726.785,126.5378,0,0,0,100,0), -- 23:04:33
(@GUID,16,-1776.111938,5727.238281,126.537804,92000,0,6910801,100,0), -- Start speech
(@GUID,17,-1805.227,5746.896,128.9853,0,0,0,100,0), -- 23:05:45
(@GUID,18,-1818.763,5750.633,130.2381,0,0,0,100,0), -- 23:05:59
(@GUID,19,-1847.833,5759.405,129.9671,0,0,0,100,0), -- 23:06:09
(@GUID,20,-1895.131,5746.125,129.7035,0,0,0,100,0), -- 23:06:21
(@GUID,21,-1910.438,5738.782,129.5721,0,0,0,100,0), -- 23:06:40
(@GUID,22,-1911.448,5738.215,129.4891,0,0,0,100,0), -- 23:06:44
(@GUID,23,-1914.947,5735.202,129.4209,0,0,0,100,0), -- 23:06:46
(@GUID,24,-1916.99,5733.518,129.3232,0,0,0,100,0), -- 23:06:48
(@GUID,25,-1931.835,5721.791,124.5857,0,0,0,100,0), -- 23:06:50
(@GUID,26,-1961.703,5699.614,118.0866,0,0,0,100,0); -- 23:07:02
-- 0x203098424012EC4000289200000E5A2A .go -1931.089 5720.728 124.5082
