-- Crashing Wave-Spirit 22309
UPDATE `creature_template` SET `resistance4` = -1 WHERE `entry` = 22309;
UPDATE `creature_template_addon` SET `auras` = NULL WHERE `entry` = 22309;

-- Midsummer Sausage 5er Stack
UPDATE `item_template` SET `BuyCount` = 5 WHERE `entry` = 23326;

-- Set Duration as already set for 23215 14 days duration!
UPDATE `item_template` SET `duration` = 1209600 WHERE `entry` IN (23327,23326,23211,23215,23246,23435);

SET @GUID := 70008;
DELETE FROM `creature` WHERE `guid` = @GUID;
INSERT INTO `creature` VALUES (70008, 19569, 530, 1, 0, 0, 3389.06, 4296.1, 120.867, 0.680678, 300, 0, 0, 11000, 0, 0, 2);
DELETE FROM `creature_addon` WHERE `guid` = @GUID;
INSERT INTO `creature_addon` (`guid`,`path_id`,`mount`,`bytes0`,`bytes1`,`bytes2`,`emote`,`moveflags`,`auras`) VALUES (@GUID,@GUID,0,0,0,4097,0,0,NULL);
DELETE FROM `waypoint_data` WHERE `id` = @GUID;
INSERT INTO `waypoint_data` VALUES (70008, 1, 3389.06, 4296.1, 120.848, 45000, 0, 0, 100, 0); -- 1956901
INSERT INTO `waypoint_data` VALUES (70008, 2, 3381.91, 4300.33, 120.185, 0, 0, 0, 100, 0);
INSERT INTO `waypoint_data` VALUES (70008, 3, 3379.54, 4317.5, 121.136, 0, 0, 0, 100, 0);
INSERT INTO `waypoint_data` VALUES (70008, 4, 3379.26, 4319.73, 122.64, 0, 0, 0, 100, 0);
INSERT INTO `waypoint_data` VALUES (70008, 5, 3378.79, 4328.07, 122.64, 0, 0, 0, 100, 0);
INSERT INTO `waypoint_data` VALUES (70008, 6, 3380.94, 4335.49, 122.64, 0, 0, 0, 100, 0);
INSERT INTO `waypoint_data` VALUES (70008, 7, 3386.13, 4336.3, 122.64, 45000, 0, 0, 100, 0); -- 1956902
INSERT INTO `waypoint_data` VALUES (70008, 8, 3374.05, 4341.09, 122.684, 0, 0, 0, 100, 0);
INSERT INTO `waypoint_data` VALUES (70008, 9, 3371.34, 4343.16, 122.712, 0, 0, 0, 100, 0);
INSERT INTO `waypoint_data` VALUES (70008, 10, 3367.23, 4343.4, 122.719, 0, 0, 0, 100, 0);
INSERT INTO `waypoint_data` VALUES (70008, 11, 3363.59, 4340.95, 122.697, 45000, 0, 0, 100, 0); -- 1956903
INSERT INTO `waypoint_data` VALUES (70008, 12, 3367.61, 4344.06, 122.727, 0, 0, 0, 100, 0);
INSERT INTO `waypoint_data` VALUES (70008, 13, 3374.61, 4356.84, 123.634, 0, 0, 0, 100, 0);
INSERT INTO `waypoint_data` VALUES (70008, 14, 3379.82, 4357.93, 123.631, 45000, 0, 0, 100, 0); -- 1956903
INSERT INTO `waypoint_data` VALUES (70008, 15, 3375.75, 4344.93, 122.725, 0, 0, 0, 100, 0);
INSERT INTO `waypoint_data` VALUES (70008, 16, 3377.95, 4319.35, 122.641, 0, 0, 0, 100, 0);
INSERT INTO `waypoint_data` VALUES (70008, 17, 3378.48, 4315.87, 121.045, 0, 0, 0, 100, 0);
INSERT INTO `waypoint_data` VALUES (70008, 18, 3382.31, 4281.61, 121.106, 0, 0, 0, 100, 0);
INSERT INTO `waypoint_data` VALUES (70008, 19, 3382.72, 4279, 122.64, 0, 0, 0, 100, 0);
INSERT INTO `waypoint_data` VALUES (70008, 20, 3383.64, 4271.15, 122.64, 0, 0, 0, 100, 0);
INSERT INTO `waypoint_data` VALUES (70008, 21, 3388.75, 4267.11, 122.64, 0, 0, 0, 100, 0);
INSERT INTO `waypoint_data` VALUES (70008, 22, 3392.29, 4267.63, 122.64, 45000, 0, 0, 100, 0); -- 1956904
INSERT INTO `waypoint_data` VALUES (70008, 23, 3382.1, 4279.11, 122.64, 0, 0, 0, 100, 0);
INSERT INTO `waypoint_data` VALUES (70008, 24, 3381.78, 4281.36, 121.115, 0, 0, 0, 100, 0);
INSERT INTO `waypoint_data` VALUES (70008, 25, 3381.14, 4290.22, 120.607, 0, 0, 0, 100, 0);
INSERT INTO `waypoint_data` VALUES (70008, 26, 3383.74, 4292.46, 120.963, 0, 0, 0, 100, 0);
INSERT INTO `waypoint_data` VALUES (70008, 27, 3389.09, 4296.38, 120.831, 0, 0, 0, 100, 0);

SET @GUID := 70059;
DELETE FROM `creature` WHERE `guid` = @GUID;
INSERT INTO `creature` VALUES (70059, 19635, 530, 1, 0, 0, 3024.03, 3964.66, 156.178, 1.35076, 300, 0, 0, 6522, 0, 0, 2);
DELETE FROM `creature_addon` WHERE `guid` = @GUID;
INSERT INTO `creature_addon` (`guid`,`path_id`,`mount`,`bytes0`,`bytes1`,`bytes2`,`emote`,`moveflags`,`auras`) VALUES (@GUID,@GUID,18697,16777472,0,4097,0,0,NULL);
DELETE FROM `waypoint_data` WHERE `id` = @GUID;
INSERT INTO `waypoint_data` VALUES (70059, 1, 3023.67, 3970.79, 156.792, 5000, 0, 0, 100, 0);
INSERT INTO `waypoint_data` VALUES (70059, 2, 3023.28, 3963.3, 155.981, 0, 0, 0, 100, 0);
INSERT INTO `waypoint_data` VALUES (70059, 3, 3020.39, 3962.14, 155.98, 10000, 0, 0, 100, 0); -- 1963501
INSERT INTO `waypoint_data` VALUES (70059, 4, 3022.09, 3954.9, 155.299, 0, 0, 0, 100, 0);
INSERT INTO `waypoint_data` VALUES (70059, 5, 3024.17, 3951.85, 155.078, 0, 0, 0, 100, 0);
INSERT INTO `waypoint_data` VALUES (70059, 6, 3029.48, 3949.13, 154.963, 0, 0, 0, 100, 0);
INSERT INTO `waypoint_data` VALUES (70059, 7, 3031.93, 3946.07, 154.881, 0, 0, 0, 100, 0);
INSERT INTO `waypoint_data` VALUES (70059, 8, 3026.8, 3944.63, 155.084, 10000, 0, 0, 100, 0); -- 1963501
INSERT INTO `waypoint_data` VALUES (70059, 9, 3036.32, 3941.58, 154.662, 5000, 0, 0, 100, 0);
INSERT INTO `waypoint_data` VALUES (70059, 10, 3028.68, 3949.2, 154.971, 0, 0, 0, 100, 0);
INSERT INTO `waypoint_data` VALUES (70059, 11, 3023.39, 3951.22, 155.063, 0, 0, 0, 100, 0);
INSERT INTO `waypoint_data` VALUES (70059, 12, 3021.25, 3956.73, 155.462, 0, 0, 0, 100, 0);
INSERT INTO `waypoint_data` VALUES (70059, 13, 3023.43, 3962.78, 155.923, 0, 0, 0, 100, 0);
INSERT INTO `waypoint_data` VALUES (70059, 14, 3019.62, 3962.04, 156, 10000, 0, 0, 100, 0); -- 1963501
INSERT INTO `waypoint_data` VALUES (70059, 15, 3023.86, 3964.39, 156.071, 0, 0, 0, 100, 0);

SET @GUID := 70298;
DELETE FROM `creature` WHERE `guid` = @GUID;
INSERT INTO `creature` VALUES (70298, 19705, 530, 1, 0, 0, 2988.31, 2357.27, 155.24, 5.6643, 300, 0, 0, 6761, 0, 0, 2);
DELETE FROM `creature_addon` WHERE `guid` = @GUID;
INSERT INTO `creature_addon` (`guid`,`path_id`,`mount`,`bytes0`,`bytes1`,`bytes2`,`emote`,`moveflags`,`auras`) VALUES (@GUID,@GUID,0,16777472,0,4098,0,0,NULL);
DELETE FROM `waypoint_data` WHERE `id` = @GUID;
INSERT INTO `waypoint_data` VALUES (70298, 1, 2988.31, 2357.27, 155.24, 0, 0, 0, 0, 0);
INSERT INTO `waypoint_data` VALUES (70298, 2, 2995.14, 2345.97, 156.557, 10000, 0, 1376, 100, 0);
INSERT INTO `waypoint_data` VALUES (70298, 3, 2978.43, 2359.47, 152.149, 0, 0, 1000, 100, 0);
INSERT INTO `waypoint_data` VALUES (70298, 4, 2974.52, 2366.11, 151.824, 0, 0, 0, 0, 0);
INSERT INTO `waypoint_data` VALUES (70298, 5, 2974.74, 2381.03, 154.293, 0, 0, 0, 0, 0);
INSERT INTO `waypoint_data` VALUES (70298, 6, 2976.25, 2381.09, 154.489, 10000, 0, 1376, 100, 0);
INSERT INTO `waypoint_data` VALUES (70298, 7, 2971.93, 2401.31, 152.544, 0, 0, 1000, 100, 0);
INSERT INTO `waypoint_data` VALUES (70298, 8, 2974.45, 2401.92, 152.671, 10000, 0, 0, 100, 0);
INSERT INTO `waypoint_data` VALUES (70298, 9, 2972.6, 2393.83, 154.025, 0, 0, 1000, 100, 0);
INSERT INTO `waypoint_data` VALUES (70298, 10, 2975.78, 2381.67, 154.491, 0, 0, 0, 0, 0);
INSERT INTO `waypoint_data` VALUES (70298, 11, 2977.99, 2381.52, 154.336, 10000, 0, 1376, 100, 0);
INSERT INTO `waypoint_data` VALUES (70298, 12, 2974.39, 2376.62, 153.62, 0, 0, 1000, 100, 0);
INSERT INTO `waypoint_data` VALUES (70298, 13, 2973.72, 2367.06, 151.697, 0, 0, 0, 0, 0);
INSERT INTO `waypoint_data` VALUES (70298, 14, 2978.41, 2358.07, 152.317, 0, 0, 0, 0, 0);

DELETE FROM `waypoint_scripts` WHERE `guid` IN (1376);
INSERT INTO `waypoint_scripts` VALUES (1376, 0, 2, 169, 376, 0, 0, 0, 0, 0, 1376, 'Creature - Set Emote STATE_READYBOW');

SET @GUID := 70615;
DELETE FROM `creature` WHERE `guid` = @GUID;
INSERT INTO `creature` VALUES (70615, 19737, 530, 1, 0, 0, 3032.03, 3657.24, 144.093, 2.58367, 300, 0, 0, 3800, 0, 0, 2);
DELETE FROM `creature_addon` WHERE `guid` = @GUID;
INSERT INTO `creature_addon` (`guid`,`path_id`,`mount`,`bytes0`,`bytes1`,`bytes2`,`emote`,`moveflags`,`auras`) VALUES (@GUID,@GUID,0,16777472,0,4097,0,0,NULL);
DELETE FROM `waypoint_data` WHERE `id` = @GUID;
INSERT INTO `waypoint_data` VALUES (70615, 1, 3033.73, 3656.38, 143.69, 0, 0, 0, 0, 0);
INSERT INTO `waypoint_data` VALUES (70615, 2, 3051.05, 3664.98, 142.87, 0, 0, 0, 0, 0);
INSERT INTO `waypoint_data` VALUES (70615, 3, 3050.97, 3674.26, 142.603, 0, 0, 0, 0, 0);
INSERT INTO `waypoint_data` VALUES (70615, 4, 3036.52, 3680.33, 143.52, 0, 0, 0, 0, 0);
INSERT INTO `waypoint_data` VALUES (70615, 5, 3033.28, 3677.93, 143.556, 40000, 0, 1133, 100, 0);
INSERT INTO `waypoint_data` VALUES (70615, 6, 3033.28, 3677.93, 143.556, 3000, 0, 1000, 100, 0);
INSERT INTO `waypoint_data` VALUES (70615, 7, 3051.94, 3669.52, 142.825, 0, 0, 0, 0, 0);
INSERT INTO `waypoint_data` VALUES (70615, 8, 3049.33, 3668.68, 143.187, 40000, 0, 1133, 100, 0);
INSERT INTO `waypoint_data` VALUES (70615, 9, 3049.33, 3668.68, 143.187, 3000, 0, 1000, 100, 0);
INSERT INTO `waypoint_data` VALUES (70615, 10, 3051.88, 3668.62, 142.873, 0, 0, 0, 0, 0);
INSERT INTO `waypoint_data` VALUES (70615, 11, 3051.16, 3664.56, 142.802, 0, 0, 0, 0, 0);
INSERT INTO `waypoint_data` VALUES (70615, 12, 3035.72, 3656.05, 143.452, 0, 0, 0, 0, 0);
INSERT INTO `waypoint_data` VALUES (70615, 13, 3032.03, 3657.24, 144.012, 40000, 0, 1133, 100, 0);
INSERT INTO `waypoint_data` VALUES (70615, 14, 3032.03, 3657.24, 144.012, 3000, 0, 1000, 100, 0);

DELETE FROM `waypoint_scripts` WHERE `guid` IN (1133,1233);
INSERT INTO `waypoint_scripts` VALUES (1133, 0, 2, 169, 133, 0, 0, 0, 0, 0, 1133, 'Creature - Set Emote STATE_USESTANDING_NOSHEATHE');
INSERT INTO `waypoint_scripts` VALUES (1233, 0, 2, 169, 233, 0, 0, 0, 0, 0, 1233, 'Creature - Set Emote STATE_WORK_MINING');

DELETE FROM `creature_ai_scripts` WHERE `id` BETWEEN 2201715 AND 2201724;
INSERT INTO `creature_ai_scripts` VALUES (2201715, -101402, 10, 0, 100, 0, 1, 20, 0, 0, 11, 35190, 0, 0, 0, 0, 0, 0, 0, 0, 0, 0, 'Eclipsion Spellbinder (101402) - Cast Crystal Channel OOC LOS');
INSERT INTO `creature_ai_scripts` VALUES (2201716, -101399, 10, 0, 100, 0, 1, 20, 0, 0, 11, 35190, 0, 0, 0, 0, 0, 0, 0, 0, 0, 0, 'Eclipsion Spellbinder (101399) - Cast Crystal Channel OOC LOS');
INSERT INTO `creature_ai_scripts` VALUES (2201717, -101370, 10, 0, 100, 0, 1, 20, 0, 0, 11, 35190, 0, 0, 0, 0, 0, 0, 0, 0, 0, 0, 'Eclipsion Spellbinder (101370) - Cast Crystal Channel OOC LOS');
INSERT INTO `creature_ai_scripts` VALUES (2201718, -101373, 10, 0, 100, 0, 1, 20, 0, 0, 11, 35190, 0, 0, 0, 0, 0, 0, 0, 0, 0, 0, 'Eclipsion Spellbinder (101373) - Cast Crystal Channel OOC LOS');
INSERT INTO `creature_ai_scripts` VALUES (2201719, -101388, 10, 0, 100, 0, 1, 20, 0, 0, 11, 35190, 0, 0, 0, 0, 0, 0, 0, 0, 0, 0, 'Eclipsion Spellbinder (101388) - Cast Crystal Channel OOC LOS');
INSERT INTO `creature_ai_scripts` VALUES (2201720, -101385, 10, 0, 100, 0, 1, 20, 0, 0, 11, 35190, 0, 0, 0, 0, 0, 0, 0, 0, 0, 0, 'Eclipsion Spellbinder (101385) - Cast Crystal Channel OOC LOS');
INSERT INTO `creature_ai_scripts` VALUES (2201721, -101378, 10, 0, 100, 0, 1, 20, 0, 0, 11, 35190, 0, 0, 0, 0, 0, 0, 0, 0, 0, 0, 'Eclipsion Spellbinder (101378) - Cast Crystal Channel OOC LOS');
INSERT INTO `creature_ai_scripts` VALUES (2201722, -101381, 10, 0, 100, 0, 1, 20, 0, 0, 11, 35190, 0, 0, 0, 0, 0, 0, 0, 0, 0, 0, 'Eclipsion Spellbinder (101381) - Cast Crystal Channel OOC LOS');
INSERT INTO `creature_ai_scripts` VALUES (2201723, -101366, 10, 0, 100, 0, 1, 20, 0, 0, 11, 35190, 0, 0, 0, 0, 0, 0, 0, 0, 0, 0, 'Eclipsion Spellbinder (101366) - Cast Crystal Channel OOC LOS');
INSERT INTO `creature_ai_scripts` VALUES (2201724, -101362, 10, 0, 100, 0, 1, 20, 0, 0, 11, 35190, 0, 0, 0, 0, 0, 0, 0, 0, 0, 0, 'Eclipsion Spellbinder (101362) - Cast Crystal Channel OOC LOS');

DELETE FROM `spell_script_target` WHERE `entry` = 35190;
INSERT INTO `spell_script_target` VALUES (35190, 1, 20431);

-- Remove Dublicate Spawns of 19755 AND 21314 AND 19740 should be redone
DELETE FROM `creature` WHERE `guid` IN (70625,70659,70665,70684,70660,74636,70631,70662,70630,70658,70628,74635,70620);

SET @GUID := 70666;
DELETE FROM `creature` WHERE `guid` = @GUID;
INSERT INTO `creature` VALUES (70666, 19744, 530, 1, 0, 0, -3709.94, 1036.96, 68.1704, 4.31083, 300, 0, 0, 5571, 3155, 0, 2);
DELETE FROM `creature_addon` WHERE `guid` = @GUID;
INSERT INTO `creature_addon` (`guid`,`path_id`,`mount`,`bytes0`,`bytes1`,`bytes2`,`emote`,`moveflags`,`auras`) VALUES (@GUID,@GUID,0,0,0,4097,0,0,NULL);
DELETE FROM `waypoint_data` WHERE `id` = @GUID;
INSERT INTO `waypoint_data` VALUES (70666, 1, -3724.75, 1023.83, 67.8228, 0, 0, 0, 0, 0);
INSERT INTO `waypoint_data` VALUES (70666, 2, -3742.8, 1017.39, 70.9678, 0, 0, 0, 0, 0);
INSERT INTO `waypoint_data` VALUES (70666, 3, -3760.41, 1004.15, 74.5496, 0, 0, 0, 0, 0);
INSERT INTO `waypoint_data` VALUES (70666, 4, -3781.97, 973.388, 79.4059, 0, 0, 0, 0, 0);
INSERT INTO `waypoint_data` VALUES (70666, 5, -3750.7, 1010.47, 72.5384, 0, 0, 0, 0, 0);
INSERT INTO `waypoint_data` VALUES (70666, 6, -3725.75, 1023.66, 67.8576, 0, 0, 0, 0, 0);
INSERT INTO `waypoint_data` VALUES (70666, 7, -3704.06, 1048.49, 67.742, 0, 0, 0, 0, 0);
INSERT INTO `waypoint_data` VALUES (70666, 8, -3710.42, 1036.49, 68.0678, 0, 0, 0, 0, 0);

SET @GUID := 70693;
DELETE FROM `creature` WHERE `guid` = @GUID;
INSERT INTO `creature` VALUES (70693, 19762, 530, 1, 0, 0, -3066.96, 1761.55, 75.5832, 0.244376, 300, 0, 0, 6542, 0, 0, 2);
DELETE FROM `creature_addon` WHERE `guid` = @GUID;
INSERT INTO `creature_addon` (`guid`,`path_id`,`mount`,`bytes0`,`bytes1`,`bytes2`,`emote`,`moveflags`,`auras`) VALUES (@GUID,@GUID,0,0,0,4097,0,0,NULL);
DELETE FROM `waypoint_data` WHERE `id` = @GUID;
INSERT INTO `waypoint_data` VALUES (70693, 1, -3048.67, 1763.92, 76.2912, 0, 0, 0, 0, 0);
INSERT INTO `waypoint_data` VALUES (70693, 2, -3088.77, 1761.73, 75.1975, 0, 0, 0, 0, 0);

SET @GUID := 70713;
DELETE FROM `creature` WHERE `guid` = @GUID;
INSERT INTO `creature` VALUES (70713, 19768, 530, 1, 0, 0, -3192.28, 1771.87, 88.3771, 2.80367, 300, 0, 0, 5233, 2991, 0, 2);
DELETE FROM `creature_addon` WHERE `guid` = @GUID;
INSERT INTO `creature_addon` (`guid`,`path_id`,`mount`,`bytes0`,`bytes1`,`bytes2`,`emote`,`moveflags`,`auras`) VALUES (@GUID,@GUID,0,0,0,4097,0,0,NULL);
DELETE FROM `waypoint_data` WHERE `id` = @GUID;
INSERT INTO `waypoint_data` VALUES (70713, 1, -3168.85, 1761.93, 88.9831, 0, 0, 0, 0, 0);
INSERT INTO `waypoint_data` VALUES (70713, 2, -3152.45, 1756.86, 86.042, 0, 0, 0, 0, 0);
INSERT INTO `waypoint_data` VALUES (70713, 3, -3131.22, 1752.95, 79.4275, 0, 0, 0, 0, 0);
INSERT INTO `waypoint_data` VALUES (70713, 4, -3117.55, 1746.6, 76.7917, 0, 0, 0, 0, 0);
INSERT INTO `waypoint_data` VALUES (70713, 5, -3111.52, 1740.77, 74.8891, 0, 0, 0, 0, 0);
INSERT INTO `waypoint_data` VALUES (70713, 6, -3104.24, 1728.83, 71.8363, 0, 0, 0, 0, 0);
INSERT INTO `waypoint_data` VALUES (70713, 7, -3102.13, 1725.2, 71.0379, 0, 0, 0, 0, 0);
INSERT INTO `waypoint_data` VALUES (70713, 8, -3096.25, 1721.88, 69.9656, 0, 0, 0, 0, 0);
INSERT INTO `waypoint_data` VALUES (70713, 9, -3093.92, 1722.62, 69.8802, 0, 0, 0, 0, 0);
INSERT INTO `waypoint_data` VALUES (70713, 10, -3101.59, 1725.32, 70.9873, 0, 0, 0, 0, 0);
INSERT INTO `waypoint_data` VALUES (70713, 11, -3110.14, 1740.76, 74.7109, 0, 0, 0, 0, 0);
INSERT INTO `waypoint_data` VALUES (70713, 12, -3115.24, 1746.46, 76.4915, 0, 0, 0, 0, 0);
INSERT INTO `waypoint_data` VALUES (70713, 13, -3139.83, 1755.22, 81.2583, 0, 0, 0, 0, 0);
INSERT INTO `waypoint_data` VALUES (70713, 14, -3156.4, 1758.34, 87.1734, 0, 0, 0, 0, 0);
INSERT INTO `waypoint_data` VALUES (70713, 15, -3169.15, 1761.9, 88.9951, 0, 0, 0, 0, 0);
INSERT INTO `waypoint_data` VALUES (70713, 16, -3184.8, 1766.69, 88.3307, 3000, 0, 0, 0, 0);
INSERT INTO `waypoint_data` VALUES (70713, 17, -3190.32, 1771.28, 88.2965, 4000, 0, 0, 0, 0);

SET @GUID := 70714;
DELETE FROM `creature` WHERE `guid` = @GUID;
INSERT INTO `creature` VALUES (70714, 19768, 530, 1, 0, 0, -3065.97, 1656.3, 65.4814, 0.267704, 300, 0, 0, 5233, 2991, 0, 2);
DELETE FROM `creature_addon` WHERE `guid` = @GUID;
INSERT INTO `creature_addon` (`guid`,`path_id`,`mount`,`bytes0`,`bytes1`,`bytes2`,`emote`,`moveflags`,`auras`) VALUES (@GUID,@GUID,0,0,0,4097,0,0,NULL);
DELETE FROM `waypoint_data` WHERE `id` = @GUID;
INSERT INTO `waypoint_data` VALUES (70714, 1, -3041.48, 1656.31, 66.5249, 2000, 0, 0, 0, 0);
INSERT INTO `waypoint_data` VALUES (70714, 2, -3081.51, 1641.82, 62.3131, 0, 0, 0, 0, 0);
INSERT INTO `waypoint_data` VALUES (70714, 3, -3105.28, 1628.81, 57.298, 0, 0, 0, 0, 0);
INSERT INTO `waypoint_data` VALUES (70714, 4, -3126.22, 1621.72, 55.6053, 0, 0, 0, 0, 0);
INSERT INTO `waypoint_data` VALUES (70714, 5, -3141.61, 1617, 53.2915, 0, 0, 0, 0, 0);
INSERT INTO `waypoint_data` VALUES (70714, 6, -3154.59, 1607.61, 54.2476, 0, 0, 0, 0, 0);
INSERT INTO `waypoint_data` VALUES (70714, 7, -3160.42, 1595.94, 55.5371, 0, 0, 0, 0, 0);
INSERT INTO `waypoint_data` VALUES (70714, 8, -3159.3, 1588.22, 55.5485, 3000, 0, 0, 0, 0);
INSERT INTO `waypoint_data` VALUES (70714, 9, -3159.72, 1597.82, 55.3449, 0, 0, 0, 0, 0);
INSERT INTO `waypoint_data` VALUES (70714, 10, -3155.71, 1605.75, 54.5334, 0, 0, 0, 0, 0);
INSERT INTO `waypoint_data` VALUES (70714, 11, -3148.74, 1612.34, 53.3919, 0, 0, 0, 0, 0);
INSERT INTO `waypoint_data` VALUES (70714, 12, -3115.53, 1628.92, 56.8065, 0, 0, 0, 0, 0);
INSERT INTO `waypoint_data` VALUES (70714, 13, -3084.63, 1646, 62.9015, 0, 0, 0, 0, 0);
INSERT INTO `waypoint_data` VALUES (70714, 14, -3066.65, 1655.9, 65.2687, 0, 0, 0, 0, 0);

SET @GUID := 70715;
DELETE FROM `creature` WHERE `guid` = @GUID;
INSERT INTO `creature` VALUES (70715, 19768, 530, 1, 0, 0, -2992.17, 1742.9, 75.7994, 0.109337, 300, 0, 0, 5233, 2991, 0, 2);
DELETE FROM `creature_addon` WHERE `guid` = @GUID;
INSERT INTO `creature_addon` (`guid`,`path_id`,`mount`,`bytes0`,`bytes1`,`bytes2`,`emote`,`moveflags`,`auras`) VALUES (@GUID,@GUID,0,0,0,4097,0,0,NULL);
DELETE FROM `waypoint_data` WHERE `id` = @GUID;
INSERT INTO `waypoint_data` VALUES (70715, 1, -2990.2, 1741.09, 75.8694, 0, 0, 0, 0, 0);
INSERT INTO `waypoint_data` VALUES (70715, 2, -2990.91, 1736.77, 76.0087, 0, 0, 0, 0, 0);
INSERT INTO `waypoint_data` VALUES (70715, 3, -2996.21, 1726.55, 74.7159, 0, 0, 0, 0, 0);
INSERT INTO `waypoint_data` VALUES (70715, 4, -2999.19, 1718.01, 73.7062, 0, 0, 0, 0, 0);
INSERT INTO `waypoint_data` VALUES (70715, 5, -2996.25, 1704.24, 72.0806, 0, 0, 0, 0, 0);
INSERT INTO `waypoint_data` VALUES (70715, 6, -3007.09, 1714.34, 73.7795, 0, 0, 0, 0, 0);
INSERT INTO `waypoint_data` VALUES (70715, 7, -3026.66, 1735.81, 75.4395, 0, 0, 0, 0, 0);
INSERT INTO `waypoint_data` VALUES (70715, 8, -3056.12, 1745.23, 75.1736, 0, 0, 0, 0, 0);
INSERT INTO `waypoint_data` VALUES (70715, 9, -3047.97, 1750, 75.2967, 0, 0, 0, 0, 0);
INSERT INTO `waypoint_data` VALUES (70715, 10, -3042.12, 1749.06, 75.1982, 0, 0, 0, 0, 0);
INSERT INTO `waypoint_data` VALUES (70715, 11, -3030.04, 1739.28, 75.4364, 0, 0, 0, 0, 0);
INSERT INTO `waypoint_data` VALUES (70715, 12, -3023.64, 1736.56, 75.4129, 0, 0, 0, 0, 0);
INSERT INTO `waypoint_data` VALUES (70715, 13, -3018.4, 1736.78, 75.362, 0, 0, 0, 0, 0);
INSERT INTO `waypoint_data` VALUES (70715, 14, -3015.35, 1740.3, 75.293, 0, 0, 0, 0, 0);
INSERT INTO `waypoint_data` VALUES (70715, 15, -3016.53, 1748.51, 75.2184, 0, 0, 0, 0, 0);
INSERT INTO `waypoint_data` VALUES (70715, 16, -3020.71, 1758.13, 75.2071, 0, 0, 0, 0, 0);
INSERT INTO `waypoint_data` VALUES (70715, 17, -3013.58, 1744.75, 75.4294, 0, 0, 0, 0, 0);
INSERT INTO `waypoint_data` VALUES (70715, 18, -3004.68, 1739.77, 75.5534, 0, 0, 0, 0, 0);
INSERT INTO `waypoint_data` VALUES (70715, 19, -2993.29, 1742.31, 75.7955, 0, 0, 0, 0, 0);

SET @GUID := 70719;
DELETE FROM `creature` WHERE `guid` = @GUID;
INSERT INTO `creature` VALUES (70719, 19768, 530, 1, 0, 0, -3011.76, 1667.38, 69.01, 1.361, 300, 0, 0, 5233, 2991, 0, 2);
DELETE FROM `creature_addon` WHERE `guid` = @GUID;
INSERT INTO `creature_addon` (`guid`,`path_id`,`mount`,`bytes0`,`bytes1`,`bytes2`,`emote`,`moveflags`,`auras`) VALUES (@GUID,@GUID,0,0,0,4097,0,0,NULL);
DELETE FROM `waypoint_data` WHERE `id` = @GUID;
INSERT INTO `waypoint_data` VALUES (70719, 1, -3013.8, 1657.69, 68.37, 30000, 0, 0, 0, 0);
INSERT INTO `waypoint_data` VALUES (70719, 2, -3012.06, 1666.31, 69.01, 60000, 0, 0, 0, 0);

SET @GUID := 70731;
DELETE FROM `creature` WHERE `guid` = @GUID;
INSERT INTO `creature` VALUES (70731, 19776, 530, 1, 0, 0, 2966.14, 3733, 143.49, 5.67232, 300, 0, 0, 7840, 0, 0, 2);
DELETE FROM `creature_addon` WHERE `guid` = @GUID;
INSERT INTO `creature_addon` (`guid`,`path_id`,`mount`,`bytes0`,`bytes1`,`bytes2`,`emote`,`moveflags`,`auras`) VALUES (@GUID,@GUID,0,0,0,4097,0,0,NULL);
DELETE FROM `waypoint_data` WHERE `id` = @GUID;
INSERT INTO `waypoint_data` VALUES (70731, 1, 2976.31, 3709.67, 142.398, 0, 0, 0, 100, 0);
INSERT INTO `waypoint_data` VALUES (70731, 2, 2987.82, 3686.2, 142.681, 0, 0, 0, 100, 0);
INSERT INTO `waypoint_data` VALUES (70731, 3, 2987.82, 3652.62, 143.244, 0, 0, 0, 100, 0);
INSERT INTO `waypoint_data` VALUES (70731, 4, 2999.17, 3645.03, 143.849, 0, 0, 0, 100, 0);
INSERT INTO `waypoint_data` VALUES (70731, 5, 3006.7, 3648.63, 143.771, 0, 0, 0, 100, 0);
INSERT INTO `waypoint_data` VALUES (70731, 6, 3042.1, 3645.08, 142.808, 0, 0, 0, 100, 0);
INSERT INTO `waypoint_data` VALUES (70731, 7, 3047.12, 3648.91, 142.832, 0, 0, 0, 100, 0);
INSERT INTO `waypoint_data` VALUES (70731, 8, 3043.87, 3652.34, 142.88, 140000, 0, 0, 100, 0); -- 1977601
INSERT INTO `waypoint_data` VALUES (70731, 9, 3026.43, 3641.43, 143.507, 0, 0, 0, 100, 0);
INSERT INTO `waypoint_data` VALUES (70731, 10, 2989.67, 3650.38, 143.486, 0, 0, 0, 100, 0);
INSERT INTO `waypoint_data` VALUES (70731, 11, 2988.99, 3685.32, 142.73, 0, 0, 0, 100, 0);
INSERT INTO `waypoint_data` VALUES (70731, 12, 2975.27, 3712.82, 142.309, 0, 0, 0, 100, 0);
INSERT INTO `waypoint_data` VALUES (70731, 13, 2975.12, 3725.84, 142.688, 0, 0, 0, 100, 0);
INSERT INTO `waypoint_data` VALUES (70731, 14, 2965.31, 3733.57, 143.503, 0, 0, 0, 100, 0);
INSERT INTO `waypoint_data` VALUES (70731, 15, 2966.14, 3733, 143.472, 300000, 0, 0, 100, 0);

SET @GUID := 70808;
DELETE FROM `creature` WHERE `guid` = @GUID;
INSERT INTO `creature` VALUES (70808, 19788, 530, 1, 0, 0, -2805.3, 1370.45, 37.9638, 4.43145, 300, 0, 0, 6986, 0, 0, 2);
DELETE FROM `creature_addon` WHERE `guid` = @GUID;
INSERT INTO `creature_addon` (`guid`,`path_id`,`mount`,`bytes0`,`bytes1`,`bytes2`,`emote`,`moveflags`,`auras`) VALUES (@GUID,@GUID,0,0,0,4097,0,0,NULL);
DELETE FROM `waypoint_data` WHERE `id` = @GUID;
INSERT INTO `waypoint_data` VALUES (70808, 1, -2809.51, 1358.35, 37.4218, 0, 0, 0, 0, 0);
INSERT INTO `waypoint_data` VALUES (70808, 2, -2807.76, 1345.42, 36.6433, 0, 0, 0, 0, 0);
INSERT INTO `waypoint_data` VALUES (70808, 3, -2801.98, 1334.78, 35.3697, 0, 0, 0, 0, 0);
INSERT INTO `waypoint_data` VALUES (70808, 4, -2790.25, 1326.8, 33.7246, 0, 0, 0, 0, 0);
INSERT INTO `waypoint_data` VALUES (70808, 5, -2781.89, 1324.96, 33.5852, 0, 0, 0, 0, 0);
INSERT INTO `waypoint_data` VALUES (70808, 6, -2775.22, 1327.68, 33.7365, 0, 0, 0, 0, 0);
INSERT INTO `waypoint_data` VALUES (70808, 7, -2770.93, 1335.77, 34.0767, 0, 0, 0, 0, 0);
INSERT INTO `waypoint_data` VALUES (70808, 8, -2768.32, 1352.89, 34.7068, 0, 0, 0, 0, 0);
INSERT INTO `waypoint_data` VALUES (70808, 9, -2769.59, 1365.68, 36.1629, 0, 0, 0, 0, 0);
INSERT INTO `waypoint_data` VALUES (70808, 10, -2776.4, 1375.49, 37.072, 0, 0, 0, 0, 0);
INSERT INTO `waypoint_data` VALUES (70808, 11, -2786.43, 1380.66, 37.8057, 0, 0, 0, 0, 0);
INSERT INTO `waypoint_data` VALUES (70808, 12, -2797.03, 1379.11, 38.0195, 0, 0, 0, 0, 0);
INSERT INTO `waypoint_data` VALUES (70808, 13, -2804.69, 1370.21, 37.7948, 0, 0, 0, 0, 0);

SET @GUID := 70809;
DELETE FROM `creature` WHERE `guid` = @GUID;
INSERT INTO `creature` VALUES (70809, 19788, 530, 1, 0, 0, -2852.4, 1258.59, 7.04573, 4.23319, 300, 0, 0, 6986, 0, 0, 2);
DELETE FROM `creature_addon` WHERE `guid` = @GUID;
INSERT INTO `creature_addon` (`guid`,`path_id`,`mount`,`bytes0`,`bytes1`,`bytes2`,`emote`,`moveflags`,`auras`) VALUES (@GUID,@GUID,0,0,0,4097,0,0,NULL);
DELETE FROM `waypoint_data` WHERE `id` = @GUID;
INSERT INTO `waypoint_data` VALUES (70809, 1, -2852.87, 1255.13, 6.96174, 0, 0, 0, 0, 0);
INSERT INTO `waypoint_data` VALUES (70809, 2, -2840.7, 1245.46, 6.80812, 0, 0, 0, 0, 0);
INSERT INTO `waypoint_data` VALUES (70809, 3, -2853.38, 1253.61, 6.89601, 0, 0, 0, 0, 0);
INSERT INTO `waypoint_data` VALUES (70809, 4, -2853.5, 1265.24, 6.83184, 0, 0, 0, 0, 0);
INSERT INTO `waypoint_data` VALUES (70809, 5, -2844.45, 1277.69, 7.26354, 0, 0, 0, 0, 0);
INSERT INTO `waypoint_data` VALUES (70809, 6, -2844.5, 1286.85, 7.57629, 0, 0, 0, 0, 0);
INSERT INTO `waypoint_data` VALUES (70809, 7, -2851.52, 1296.29, 6.8074, 0, 0, 0, 0, 0);
INSERT INTO `waypoint_data` VALUES (70809, 8, -2879.31, 1305.24, 5.52515, 0, 0, 0, 0, 0);
INSERT INTO `waypoint_data` VALUES (70809, 9, -2895.64, 1310.3, 6.69167, 0, 0, 0, 0, 0);
INSERT INTO `waypoint_data` VALUES (70809, 10, -2911.9, 1316.41, 6.31559, 0, 0, 0, 0, 0);
INSERT INTO `waypoint_data` VALUES (70809, 11, -2880.53, 1304.88, 5.37025, 0, 0, 0, 0, 0);
INSERT INTO `waypoint_data` VALUES (70809, 12, -2876.3, 1303.85, 6.38838, 0, 0, 0, 0, 0);
INSERT INTO `waypoint_data` VALUES (70809, 13, -2853.46, 1297.45, 6.80751, 0, 0, 0, 0, 0);
INSERT INTO `waypoint_data` VALUES (70809, 14, -2845.33, 1287.65, 7.37651, 0, 0, 0, 0, 0);
INSERT INTO `waypoint_data` VALUES (70809, 15, -2842.59, 1279.8, 7.94396, 0, 0, 0, 0, 0);
INSERT INTO `waypoint_data` VALUES (70809, 16, -2844.92, 1273.74, 7.3684, 0, 0, 0, 0, 0);
INSERT INTO `waypoint_data` VALUES (70809, 17, -2849.87, 1268.15, 7.50789, 0, 0, 0, 0, 0);
INSERT INTO `waypoint_data` VALUES (70809, 18, -2852.46, 1259.2, 7.02855, 0, 0, 0, 0, 0);

SET @GUID := 70810;
DELETE FROM `creature` WHERE `guid` = @GUID;
INSERT INTO `creature` VALUES (70810, 19789, 530, 1, 0, 0, -3042.72, 1736.36, 75.372, 5.27915, 300, 0, 0, 5409, 3080, 0, 2);
DELETE FROM `creature_addon` WHERE `guid` = @GUID;
INSERT INTO `creature_addon` (`guid`,`path_id`,`mount`,`bytes0`,`bytes1`,`bytes2`,`emote`,`moveflags`,`auras`) VALUES (@GUID,@GUID,0,0,0,4097,0,0,NULL);
DELETE FROM `waypoint_data` WHERE `id` = @GUID;
INSERT INTO `waypoint_data` VALUES (70810, 1, -3043.17, 1733.81, 75.2628, 0, 0, 0, 0, 0);
INSERT INTO `waypoint_data` VALUES (70810, 2, -3048.65, 1732.65, 75.3628, 0, 0, 0, 0, 0);
INSERT INTO `waypoint_data` VALUES (70810, 3, -3053.42, 1728.55, 75.6819, 0, 0, 0, 0, 0);
INSERT INTO `waypoint_data` VALUES (70810, 4, -3055.1, 1723.95, 76.245, 0, 0, 0, 0, 0);
INSERT INTO `waypoint_data` VALUES (70810, 5, -3057.54, 1723.78, 76.4748, 0, 0, 0, 0, 0);
INSERT INTO `waypoint_data` VALUES (70810, 6, -3061.56, 1731.95, 76.0606, 3000, 0, 0, 0, 0);
INSERT INTO `waypoint_data` VALUES (70810, 7, -3057.81, 1724.5, 76.4086, 0, 0, 0, 0, 0);
INSERT INTO `waypoint_data` VALUES (70810, 8, -3056.29, 1723.15, 76.4488, 0, 0, 0, 0, 0);
INSERT INTO `waypoint_data` VALUES (70810, 9, -3055.2, 1723.88, 76.262, 0, 0, 0, 0, 0);
INSERT INTO `waypoint_data` VALUES (70810, 10, -3051.72, 1729.04, 75.5263, 0, 0, 0, 0, 0);
INSERT INTO `waypoint_data` VALUES (70810, 11, -3048.09, 1731.75, 75.2798, 0, 0, 0, 0, 0);
INSERT INTO `waypoint_data` VALUES (70810, 12, -3042.57, 1733.87, 75.2375, 0, 0, 0, 0, 0);
INSERT INTO `waypoint_data` VALUES (70810, 13, -3041.53, 1735.64, 75.292, 0, 0, 0, 0, 0);
INSERT INTO `waypoint_data` VALUES (70810, 14, -3046.22, 1742.36, 75.8086, 3000, 0, 0, 0, 0);
INSERT INTO `waypoint_data` VALUES (70810, 15, -3042.77, 1736.44, 75.3683, 0, 0, 0, 0, 0);

SET @GUID := 70811;
DELETE FROM `creature` WHERE `guid` = @GUID;
INSERT INTO `creature` VALUES (70811, 19789, 530, 1, 0, 0, -2944.09, 1695.49, 66.7887, 5.0336, 300, 0, 0, 5409, 3080, 0, 2);
DELETE FROM `creature_addon` WHERE `guid` = @GUID;
INSERT INTO `creature_addon` (`guid`,`path_id`,`mount`,`bytes0`,`bytes1`,`bytes2`,`emote`,`moveflags`,`auras`) VALUES (@GUID,@GUID,0,0,0,4097,0,0,NULL);
DELETE FROM `waypoint_data` WHERE `id` = @GUID;
INSERT INTO `waypoint_data` VALUES (70811, 1, -2945.3, 1712.68, 66.84, 0, 0, 0, 0, 0);
INSERT INTO `waypoint_data` VALUES (70811, 2, -2939.75, 1733.9, 66.52, 0, 0, 0, 0, 0);
INSERT INTO `waypoint_data` VALUES (70811, 3, -2941.6, 1749.17, 66.63, 0, 0, 0, 0, 0);
INSERT INTO `waypoint_data` VALUES (70811, 4, -2953.71, 1766.62, 67.18, 0, 0, 0, 0, 0);
INSERT INTO `waypoint_data` VALUES (70811, 5, -2954.5, 1773.41, 66.75, 0, 0, 0, 0, 0);
INSERT INTO `waypoint_data` VALUES (70811, 6, -2952.22, 1765.41, 66.97, 0, 0, 0, 0, 0);
INSERT INTO `waypoint_data` VALUES (70811, 7, -2940.7, 1752.27, 66.76, 0, 0, 0, 0, 0);
INSERT INTO `waypoint_data` VALUES (70811, 8, -2938.95, 1741.96, 66.69, 0, 0, 0, 0, 0);
INSERT INTO `waypoint_data` VALUES (70811, 9, -2943.19, 1719.96, 66.81, 0, 0, 0, 0, 0);
INSERT INTO `waypoint_data` VALUES (70811, 10, -2946.12, 1707.86, 66.2, 0, 0, 0, 0, 0);
INSERT INTO `waypoint_data` VALUES (70811, 11, -2942.8, 1693.98, 66.74, 0, 0, 0, 0, 0);

SET @GUID := 70812;
DELETE FROM `creature` WHERE `guid` = @GUID;
INSERT INTO `creature` VALUES (70812, 19789, 530, 1, 0, 0, -2894.91, 1673.93, 58.0616, 3.69819, 300, 0, 0, 5409, 3080, 0, 2);
DELETE FROM `creature_addon` WHERE `guid` = @GUID;
INSERT INTO `creature_addon` (`guid`,`path_id`,`mount`,`bytes0`,`bytes1`,`bytes2`,`emote`,`moveflags`,`auras`) VALUES (@GUID,@GUID,0,0,0,4097,0,0,NULL);
DELETE FROM `waypoint_data` WHERE `id` = @GUID;
INSERT INTO `waypoint_data` VALUES (70812, 1, -2898.15, 1686.59, 59.5772, 0, 0, 0, 0, 0);
INSERT INTO `waypoint_data` VALUES (70812, 2, -2895.21, 1671.09, 57.8746, 0, 0, 0, 0, 0);
INSERT INTO `waypoint_data` VALUES (70812, 3, -2898.22, 1664.95, 57.593, 0, 0, 0, 0, 0);
INSERT INTO `waypoint_data` VALUES (70812, 4, -2905.86, 1659.55, 58.1351, 0, 0, 0, 0, 0);
INSERT INTO `waypoint_data` VALUES (70812, 5, -2929.1, 1649.14, 56.4225, 0, 0, 0, 0, 0);
INSERT INTO `waypoint_data` VALUES (70812, 6, -2916.63, 1654.8, 57.28, 0, 0, 0, 0, 0);
INSERT INTO `waypoint_data` VALUES (70812, 7, -2905.56, 1660.65, 57.9574, 0, 0, 0, 0, 0);
INSERT INTO `waypoint_data` VALUES (70812, 8, -2897.4, 1667.85, 57.9334, 0, 0, 0, 0, 0);

SET @GUID := 70870;
DELETE FROM `creature` WHERE `guid` = @GUID;
INSERT INTO `creature` VALUES (70870, 19799, 530, 1, 0, 0, -3989.06, 2496.07, 123.454, 3.00342, 300, 5, 0, 5409, 3080, 0, 2);
DELETE FROM `creature_addon` WHERE `guid` = @GUID;
INSERT INTO `creature_addon` (`guid`,`path_id`,`mount`,`bytes0`,`bytes1`,`bytes2`,`emote`,`moveflags`,`auras`) VALUES (@GUID,@GUID,0,0,0,4097,0,0,NULL);
DELETE FROM `waypoint_data` WHERE `id` = @GUID;
INSERT INTO `waypoint_data` VALUES (70870, 1, -3952.24, 2485.82, 114.181, 0, 0, 0, 0, 0);
INSERT INTO `waypoint_data` VALUES (70870, 2, -3924.9, 2500.7, 101.543, 0, 0, 0, 0, 0);
INSERT INTO `waypoint_data` VALUES (70870, 3, -3916.16, 2504.25, 98.3679, 0, 0, 0, 0, 0);
INSERT INTO `waypoint_data` VALUES (70870, 4, -3906.91, 2500.29, 96.9702, 0, 0, 0, 0, 0);
INSERT INTO `waypoint_data` VALUES (70870, 5, -3901.45, 2487.27, 98.4302, 0, 0, 0, 0, 0);
INSERT INTO `waypoint_data` VALUES (70870, 6, -3905.1, 2482.25, 100.842, 0, 0, 0, 0, 0);
INSERT INTO `waypoint_data` VALUES (70870, 7, -3943.68, 2483.37, 110.862, 0, 0, 0, 0, 0);
INSERT INTO `waypoint_data` VALUES (70870, 8, -4004.55, 2497.11, 126.598, 0, 0, 0, 0, 0);
INSERT INTO `waypoint_data` VALUES (70870, 9, -4030.41, 2515.17, 131.612, 0, 0, 0, 0, 0);
INSERT INTO `waypoint_data` VALUES (70870, 10, -4055.89, 2538.35, 133.323, 0, 0, 0, 0, 0);
INSERT INTO `waypoint_data` VALUES (70870, 11, -4086.54, 2536.13, 137.952, 0, 0, 0, 0, 0);
INSERT INTO `waypoint_data` VALUES (70870, 12, -4061.05, 2538.1, 134.193, 0, 0, 0, 0, 0);
INSERT INTO `waypoint_data` VALUES (70870, 13, -4016.5, 2508.47, 129.047, 0, 0, 0, 0, 0);
INSERT INTO `waypoint_data` VALUES (70870, 14, -3998.19, 2496.47, 126.278, 0, 0, 0, 0, 0);
INSERT INTO `waypoint_data` VALUES (70870, 15, -3975.23, 2491.19, 120.311, 0, 0, 0, 0, 0);

SET @GUID := 70871;
DELETE FROM `creature` WHERE `guid` = @GUID;
INSERT INTO `creature` VALUES (70871, 19799, 530, 1, 0, 0, -3756, 2608.83, 91.192, 2.01099, 300, 0, 0, 5409, 3080, 0, 2);
DELETE FROM `creature_addon` WHERE `guid` = @GUID;
INSERT INTO `creature_addon` (`guid`,`path_id`,`mount`,`bytes0`,`bytes1`,`bytes2`,`emote`,`moveflags`,`auras`) VALUES (@GUID,@GUID,0,0,0,4097,0,0,NULL);
DELETE FROM `waypoint_data` WHERE `id` = @GUID;
INSERT INTO `waypoint_data` VALUES (70871, 1, -3732.59, 2599.5, 90.0685, 3000, 0, 0, 0, 0);
INSERT INTO `waypoint_data` VALUES (70871, 2, -3782.45, 2596.9, 90.1192, 0, 0, 0, 0, 0);
INSERT INTO `waypoint_data` VALUES (70871, 3, -3790.67, 2605.61, 90.1255, 0, 0, 0, 0, 0);
INSERT INTO `waypoint_data` VALUES (70871, 4, -3787.23, 2624.14, 91.5896, 0, 0, 0, 0, 0);
INSERT INTO `waypoint_data` VALUES (70871, 5, -3790.94, 2628.13, 91.9783, 0, 0, 0, 0, 0);
INSERT INTO `waypoint_data` VALUES (70871, 6, -3801.02, 2627.02, 91.76, 0, 0, 0, 0, 0);
INSERT INTO `waypoint_data` VALUES (70871, 7, -3803.37, 2621.69, 91.472, 0, 0, 0, 0, 0);
INSERT INTO `waypoint_data` VALUES (70871, 8, -3802.7, 2607.41, 90.6346, 0, 0, 0, 0, 0);
INSERT INTO `waypoint_data` VALUES (70871, 9, -3813.33, 2595.12, 90.1948, 0, 0, 0, 0, 0);
INSERT INTO `waypoint_data` VALUES (70871, 10, -3853.65, 2582.85, 92.5037, 3000, 0, 0, 0, 0);
INSERT INTO `waypoint_data` VALUES (70871, 11, -3810.41, 2594.67, 90.1789, 0, 0, 0, 0, 0);
INSERT INTO `waypoint_data` VALUES (70871, 12, -3800.04, 2608.32, 90.5277, 0, 0, 0, 0, 0);
INSERT INTO `waypoint_data` VALUES (70871, 13, -3802.14, 2621.73, 91.3629, 0, 0, 0, 0, 0);
INSERT INTO `waypoint_data` VALUES (70871, 14, -3799.17, 2627.83, 91.832, 0, 0, 0, 0, 0);
INSERT INTO `waypoint_data` VALUES (70871, 15, -3790.68, 2627.2, 91.8691, 0, 0, 0, 0, 0);
INSERT INTO `waypoint_data` VALUES (70871, 16, -3788.53, 2621.92, 91.2612, 0, 0, 0, 0, 0);
INSERT INTO `waypoint_data` VALUES (70871, 17, -3790.76, 2606.93, 90.146, 0, 0, 0, 0, 0);
INSERT INTO `waypoint_data` VALUES (70871, 18, -3781.63, 2596.17, 90.1188, 0, 0, 0, 0, 0);

SET @GUID := 70872;
DELETE FROM `creature` WHERE `guid` = @GUID;
INSERT INTO `creature` VALUES (70872, 19799, 530, 1, 0, 0, -4032.46, 2602.38, 120.817, 5.06533, 300, 5, 0, 5409, 3080, 0, 2);
DELETE FROM `creature_addon` WHERE `guid` = @GUID;
INSERT INTO `creature_addon` (`guid`,`path_id`,`mount`,`bytes0`,`bytes1`,`bytes2`,`emote`,`moveflags`,`auras`) VALUES (@GUID,@GUID,0,0,0,4097,0,0,NULL);
DELETE FROM `waypoint_data` WHERE `id` = @GUID;
INSERT INTO `waypoint_data` VALUES (70872, 1, -4044.48, 2561.13, 130.039, 0, 0, 0, 0, 0);
INSERT INTO `waypoint_data` VALUES (70872, 2, -4056.47, 2545.78, 133.279, 0, 0, 0, 0, 0);
INSERT INTO `waypoint_data` VALUES (70872, 3, -4087.29, 2535.06, 138.064, 0, 0, 0, 0, 0);
INSERT INTO `waypoint_data` VALUES (70872, 4, -4058.66, 2542.46, 133.479, 0, 0, 0, 0, 0);
INSERT INTO `waypoint_data` VALUES (70872, 5, -4043.89, 2565.81, 129.139, 0, 0, 0, 0, 0);
INSERT INTO `waypoint_data` VALUES (70872, 6, -4040.18, 2621.36, 122.022, 0, 0, 0, 0, 0);
INSERT INTO `waypoint_data` VALUES (70872, 7, -4025.58, 2654.61, 124.423, 0, 0, 0, 0, 0);
INSERT INTO `waypoint_data` VALUES (70872, 8, -3997.36, 2654.76, 117.894, 0, 0, 0, 0, 0);
INSERT INTO `waypoint_data` VALUES (70872, 9, -3950.68, 2630.69, 106.635, 0, 0, 0, 0, 0);
INSERT INTO `waypoint_data` VALUES (70872, 10, -3993.98, 2665.68, 120.62, 0, 0, 0, 0, 0);
INSERT INTO `waypoint_data` VALUES (70872, 11, -4027.73, 2655.13, 124.642, 0, 0, 0, 0, 0);
INSERT INTO `waypoint_data` VALUES (70872, 12, -4036.95, 2608.36, 122.373, 0, 0, 0, 0, 0);

SET @GUID := 70903;
DELETE FROM `creature` WHERE `guid` = @GUID;
INSERT INTO `creature` VALUES (70903, 19802, 530, 1, 0, 0, -3884.97, 2492.76, 93.4878, 2.38381, 300, 0, 0, 6542, 0, 0, 2);
DELETE FROM `creature_addon` WHERE `guid` = @GUID;
INSERT INTO `creature_addon` (`guid`,`path_id`,`mount`,`bytes0`,`bytes1`,`bytes2`,`emote`,`moveflags`,`auras`) VALUES (@GUID,@GUID,0,0,0,4097,0,0,NULL);
DELETE FROM `waypoint_data` WHERE `id` = @GUID;
INSERT INTO `waypoint_data` VALUES (70903, 1, -3914.56, 2523.78, 95.303, 0, 0, 0, 0, 0);
INSERT INTO `waypoint_data` VALUES (70903, 2, -3880.65, 2474.94, 96.1189, 0, 0, 0, 0, 0);
INSERT INTO `waypoint_data` VALUES (70903, 3, -3846.98, 2452.69, 93.7639, 0, 0, 0, 0, 0);
INSERT INTO `waypoint_data` VALUES (70903, 4, -3810.43, 2442.33, 87.7142, 0, 0, 0, 0, 0);
INSERT INTO `waypoint_data` VALUES (70903, 5, -3783.03, 2433.89, 82.2248, 0, 0, 0, 0, 0);
INSERT INTO `waypoint_data` VALUES (70903, 6, -3780.93, 2426.3, 83.1751, 0, 0, 0, 0, 0);
INSERT INTO `waypoint_data` VALUES (70903, 7, -3792.46, 2427.67, 86.1609, 0, 0, 0, 0, 0);
INSERT INTO `waypoint_data` VALUES (70903, 8, -3845.47, 2456.94, 92.8217, 0, 0, 0, 0, 0);
INSERT INTO `waypoint_data` VALUES (70903, 9, -3883.39, 2490.4, 93.1997, 0, 0, 0, 0, 0);

SET @GUID := 70909;
DELETE FROM `creature` WHERE `guid` = @GUID;
INSERT INTO `creature` VALUES (70909, 19802, 530, 1, 0, 0, -3925.03, 2641.81, 106.691, 3.54006, 300, 0, 0, 6542, 0, 0, 2);
DELETE FROM `creature_addon` WHERE `guid` = @GUID;
INSERT INTO `creature_addon` (`guid`,`path_id`,`mount`,`bytes0`,`bytes1`,`bytes2`,`emote`,`moveflags`,`auras`) VALUES (@GUID,@GUID,0,0,0,4097,0,0,NULL);
DELETE FROM `waypoint_data` WHERE `id` = @GUID;
INSERT INTO `waypoint_data` VALUES (70909, 1, -3940.03, 2597.02, 101.134, 0, 0, 0, 0, 0);
INSERT INTO `waypoint_data` VALUES (70909, 2, -3934.52, 2573.9, 108.655, 0, 0, 0, 0, 0);
INSERT INTO `waypoint_data` VALUES (70909, 3, -3930.36, 2559.31, 113.246, 0, 0, 0, 0, 0);
INSERT INTO `waypoint_data` VALUES (70909, 4, -3934.2, 2550.2, 118.959, 0, 0, 0, 0, 0);
INSERT INTO `waypoint_data` VALUES (70909, 5, -3945.46, 2540.71, 131.237, 0, 0, 0, 0, 0);
INSERT INTO `waypoint_data` VALUES (70909, 6, -3952.07, 2539.83, 137.459, 0, 0, 0, 0, 0);
INSERT INTO `waypoint_data` VALUES (70909, 7, -3936.23, 2545.68, 122.042, 0, 0, 0, 0, 0);
INSERT INTO `waypoint_data` VALUES (70909, 8, -3930.91, 2552.03, 116.353, 0, 0, 0, 0, 0);
INSERT INTO `waypoint_data` VALUES (70909, 9, -3930.28, 2563.03, 112.2, 0, 0, 0, 0, 0);
INSERT INTO `waypoint_data` VALUES (70909, 10, -3935.11, 2582.17, 105.922, 0, 0, 0, 0, 0);
INSERT INTO `waypoint_data` VALUES (70909, 11, -3935.77, 2594.39, 100.97, 0, 0, 0, 0, 0);
INSERT INTO `waypoint_data` VALUES (70909, 12, -3917.2, 2646.07, 106.075, 0, 0, 0, 0, 0);

SET @GUID := 70920;
DELETE FROM `creature` WHERE `guid` = @GUID;
INSERT INTO `creature` VALUES (70920, 19802, 530, 1, 0, 0, -3644.05, 2582.65, 75.0663, 4.45472, 300, 0, 0, 6542, 0, 0, 2);
DELETE FROM `creature_addon` WHERE `guid` = @GUID;
INSERT INTO `creature_addon` (`guid`,`path_id`,`mount`,`bytes0`,`bytes1`,`bytes2`,`emote`,`moveflags`,`auras`) VALUES (@GUID,@GUID,0,0,0,4097,0,0,NULL);
DELETE FROM `waypoint_data` WHERE `id` = @GUID;
INSERT INTO `waypoint_data` VALUES (70920, 1, -3653.21, 2547.38, 77.4256, 0, 0, 0, 0, 0);
INSERT INTO `waypoint_data` VALUES (70920, 2, -3689.22, 2480.1, 78.3944, 0, 0, 0, 0, 0);
INSERT INTO `waypoint_data` VALUES (70920, 3, -3710.7, 2461.87, 78.8451, 0, 0, 0, 0, 0);
INSERT INTO `waypoint_data` VALUES (70920, 4, -3759.81, 2438.65, 79.7553, 0, 0, 0, 0, 0);
INSERT INTO `waypoint_data` VALUES (70920, 5, -3711.35, 2460.17, 79.1573, 0, 0, 0, 0, 0);
INSERT INTO `waypoint_data` VALUES (70920, 6, -3682.79, 2495.41, 77.6335, 0, 0, 0, 0, 0);
INSERT INTO `waypoint_data` VALUES (70920, 7, -3640.42, 2577.9, 74.4, 0, 0, 0, 0, 0);

SET @GUID := 70921;
DELETE FROM `creature` WHERE `guid` = @GUID;
INSERT INTO `creature` VALUES (70921, 19802, 530, 1, 0, 0, -4060.91, 2576.94, 131.356, 2.12411, 300, 0, 0, 6542, 0, 0, 2);
DELETE FROM `creature_addon` WHERE `guid` = @GUID;
INSERT INTO `creature_addon` (`guid`,`path_id`,`mount`,`bytes0`,`bytes1`,`bytes2`,`emote`,`moveflags`,`auras`) VALUES (@GUID,@GUID,0,0,0,4097,0,0,NULL);
DELETE FROM `waypoint_data` WHERE `id` = @GUID;
INSERT INTO `waypoint_data` VALUES (70921, 1, -4051.08, 2606.83, 128.525, 0, 0, 0, 0, 0);
INSERT INTO `waypoint_data` VALUES (70921, 2, -4037.98, 2666.41, 129.186, 0, 0, 0, 0, 0);
INSERT INTO `waypoint_data` VALUES (70921, 3, -4050.59, 2604.23, 128.349, 0, 0, 0, 0, 0);
INSERT INTO `waypoint_data` VALUES (70921, 4, -4040.68, 2535.13, 132.812, 0, 0, 0, 0, 0);
INSERT INTO `waypoint_data` VALUES (70921, 5, -4046.11, 2483.01, 137.363, 0, 0, 0, 0, 0);
INSERT INTO `waypoint_data` VALUES (70921, 6, -4076.37, 2460.69, 151.73, 0, 0, 0, 0, 0);
INSERT INTO `waypoint_data` VALUES (70921, 7, -4053.84, 2480.42, 139.002, 0, 0, 0, 0, 0);
INSERT INTO `waypoint_data` VALUES (70921, 8, -4042.95, 2534.38, 132.939, 0, 0, 0, 0, 0);
INSERT INTO `waypoint_data` VALUES (70921, 9, -4059.83, 2577.58, 130.672, 0, 0, 0, 0, 0);

SET @GUID := 70940;
DELETE FROM `creature` WHERE `guid` = @GUID;
INSERT INTO `creature` VALUES (70940, 19825, 530, 1, 0, 0, -4163.86, 1804.18, 115.866, 5.66157, 300, 0, 0, 5060, 2933, 0, 2);
DELETE FROM `creature_addon` WHERE `guid` = @GUID;
INSERT INTO `creature_addon` (`guid`,`path_id`,`mount`,`bytes0`,`bytes1`,`bytes2`,`emote`,`moveflags`,`auras`) VALUES (@GUID,@GUID,0,0,0,4097,0,0,NULL);
DELETE FROM `waypoint_data` WHERE `id` = @GUID;
INSERT INTO `waypoint_data` VALUES (70940, 1, -4147.9, 1798.44, 114.258, 0, 0, 0, 0, 0);
INSERT INTO `waypoint_data` VALUES (70940, 2, -4136.19, 1787.47, 112.865, 0, 0, 0, 0, 0);
INSERT INTO `waypoint_data` VALUES (70940, 3, -4132.17, 1780.85, 110.156, 0, 0, 0, 0, 0);
INSERT INTO `waypoint_data` VALUES (70940, 4, -4128.39, 1774.08, 106.055, 0, 0, 0, 0, 0);
INSERT INTO `waypoint_data` VALUES (70940, 5, -4124.29, 1768.57, 105.306, 0, 0, 0, 0, 0);
INSERT INTO `waypoint_data` VALUES (70940, 6, -4128.37, 1775.78, 106.69, 0, 0, 0, 0, 0);
INSERT INTO `waypoint_data` VALUES (70940, 7, -4131.95, 1782.54, 110.823, 0, 0, 0, 0, 0);
INSERT INTO `waypoint_data` VALUES (70940, 8, -4137.33, 1788.7, 113.201, 0, 0, 0, 0, 0);
INSERT INTO `waypoint_data` VALUES (70940, 9, -4147.75, 1798.58, 114.211, 0, 0, 0, 0, 0);
INSERT INTO `waypoint_data` VALUES (70940, 10, -4164.11, 1804.29, 115.691, 0, 0, 0, 0, 0);
INSERT INTO `waypoint_data` VALUES (70940, 11, -4174.01, 1808.65, 113.061, 0, 0, 0, 0, 0);
INSERT INTO `waypoint_data` VALUES (70940, 12, -4184.12, 1812.61, 113.146, 0, 0, 0, 0, 0);
INSERT INTO `waypoint_data` VALUES (70940, 13, -4188, 1825.85, 113.204, 0, 0, 0, 0, 0);
INSERT INTO `waypoint_data` VALUES (70940, 14, -4187.94, 1843.33, 111.744, 0, 0, 0, 0, 0);
INSERT INTO `waypoint_data` VALUES (70940, 15, -4188.09, 1824.14, 113.524, 0, 0, 0, 0, 0);
INSERT INTO `waypoint_data` VALUES (70940, 16, -4184.69, 1814.38, 112.809, 0, 0, 0, 0, 0);
INSERT INTO `waypoint_data` VALUES (70940, 17, -4178.78, 1809.43, 113.403, 0, 0, 0, 0, 0);
INSERT INTO `waypoint_data` VALUES (70940, 18, -4164.53, 1804.48, 115.65, 0, 0, 0, 0, 0);

SET @GUID := 70944;
DELETE FROM `creature` WHERE `guid` = @GUID;
INSERT INTO `creature` VALUES (70944, 19825, 530, 1, 0, 0, -4147.16, 1905.66, 68.3121, 4.49795, 300, 0, 0, 5060, 2933, 0, 2);
DELETE FROM `creature_addon` WHERE `guid` = @GUID;
INSERT INTO `creature_addon` (`guid`,`path_id`,`mount`,`bytes0`,`bytes1`,`bytes2`,`emote`,`moveflags`,`auras`) VALUES (@GUID,@GUID,0,0,0,4097,0,0,NULL);
DELETE FROM `waypoint_data` WHERE `id` = @GUID;
INSERT INTO `waypoint_data` VALUES (70944, 1, -4149.59, 1894.07, 73.7036, 0, 0, 0, 0, 0);
INSERT INTO `waypoint_data` VALUES (70944, 2, -4154.06, 1886.32, 81.5854, 0, 0, 0, 0, 0);
INSERT INTO `waypoint_data` VALUES (70944, 3, -4161.2, 1877.82, 92.6445, 0, 0, 0, 0, 0);
INSERT INTO `waypoint_data` VALUES (70944, 4, -4182.94, 1868.67, 104.512, 0, 0, 0, 0, 0);
INSERT INTO `waypoint_data` VALUES (70944, 5, -4197.31, 1860.45, 111.225, 0, 0, 0, 0, 0);
INSERT INTO `waypoint_data` VALUES (70944, 6, -4216.1, 1846.58, 121.363, 0, 0, 0, 0, 0);
INSERT INTO `waypoint_data` VALUES (70944, 7, -4196.96, 1860.69, 110.992, 0, 0, 0, 0, 0);
INSERT INTO `waypoint_data` VALUES (70944, 8, -4182.67, 1868.9, 104.363, 0, 0, 0, 0, 0);
INSERT INTO `waypoint_data` VALUES (70944, 9, -4160.76, 1877.51, 92.7854, 0, 0, 0, 0, 0);
INSERT INTO `waypoint_data` VALUES (70944, 10, -4155.26, 1883.4, 85.1251, 0, 0, 0, 0, 0);
INSERT INTO `waypoint_data` VALUES (70944, 11, -4150.88, 1890.82, 76.1613, 0, 0, 0, 0, 0);
INSERT INTO `waypoint_data` VALUES (70944, 12, -4144.91, 1906.15, 67.2697, 0, 0, 0, 0, 0);
INSERT INTO `waypoint_data` VALUES (70944, 13, -4136.69, 1925.79, 66.2683, 0, 0, 0, 0, 0);
INSERT INTO `waypoint_data` VALUES (70944, 14, -4117.12, 1950.28, 70.0465, 0, 0, 0, 0, 0);
INSERT INTO `waypoint_data` VALUES (70944, 15, -4130.74, 1935.95, 66.7021, 0, 0, 0, 0, 0);
INSERT INTO `waypoint_data` VALUES (70944, 16, -4139.68, 1921.25, 66.1188, 0, 0, 0, 0, 0);
INSERT INTO `waypoint_data` VALUES (70944, 17, -4146.51, 1905.07, 68.0866, 0, 0, 0, 0, 0);

SET @GUID := 71314;
DELETE FROM `creature` WHERE `guid` = @GUID;
INSERT INTO `creature` VALUES (71314, 19988, 530, 1, 0, 0, 3762.06, 6639.39, 149.141, 5.34727, 300, 5, 0, 4428, 0, 0, 2);
DELETE FROM `creature_addon` WHERE `guid` = @GUID;
INSERT INTO `creature_addon` (`guid`,`path_id`,`mount`,`bytes0`,`bytes1`,`bytes2`,`emote`,`moveflags`,`auras`) VALUES (@GUID,@GUID,0,0,0,4097,0,0,NULL);
DELETE FROM `waypoint_data` WHERE `id` = @GUID;
INSERT INTO `waypoint_data` VALUES (71314, 1, 3761.64, 6641.85, 148.294, 0, 0, 0, 0, 0);
INSERT INTO `waypoint_data` VALUES (71314, 2, 3762.43, 6637.03, 149.612, 0, 0, 0, 0, 0);
INSERT INTO `waypoint_data` VALUES (71314, 3, 3753.32, 6623.01, 152.789, 0, 0, 0, 0, 0);
INSERT INTO `waypoint_data` VALUES (71314, 4, 3751.99, 6619.39, 155.016, 0, 0, 0, 0, 0);
INSERT INTO `waypoint_data` VALUES (71314, 5, 3748.7, 6610.92, 157.465, 0, 0, 0, 0, 0);
INSERT INTO `waypoint_data` VALUES (71314, 6, 3741.97, 6593.99, 167.164, 0, 0, 0, 0, 0);
INSERT INTO `waypoint_data` VALUES (71314, 7, 3737.35, 6582.05, 177.275, 5000, 0, 0, 0, 0);
INSERT INTO `waypoint_data` VALUES (71314, 8, 3741.97, 6593.99, 167.164, 0, 0, 0, 0, 0);
INSERT INTO `waypoint_data` VALUES (71314, 9, 3748.7, 6610.92, 157.465, 0, 0, 0, 0, 0);
INSERT INTO `waypoint_data` VALUES (71314, 10, 3752.06, 6619.36, 155.034, 0, 0, 0, 0, 0);
INSERT INTO `waypoint_data` VALUES (71314, 11, 3754.68, 6623.22, 152.588, 0, 0, 0, 0, 0);
INSERT INTO `waypoint_data` VALUES (71314, 12, 3761.16, 6632.78, 150.499, 0, 0, 0, 0, 0);
INSERT INTO `waypoint_data` VALUES (71314, 13, 3761.89, 6643.79, 147.982, 0, 0, 0, 0, 0);
INSERT INTO `waypoint_data` VALUES (71314, 14, 3739.47, 6671.27, 137.388, 0, 0, 0, 0, 0);
INSERT INTO `waypoint_data` VALUES (71314, 15, 3717.87, 6691.03, 134.937, 0, 0, 0, 0, 0);
INSERT INTO `waypoint_data` VALUES (71314, 16, 3695.67, 6709.21, 132.603, 0, 0, 0, 0, 0);
INSERT INTO `waypoint_data` VALUES (71314, 17, 3651.05, 6767.06, 132.612, 5000, 0, 0, 0, 0);
INSERT INTO `waypoint_data` VALUES (71314, 18, 3695.67, 6709.21, 132.603, 0, 0, 0, 0, 0);
INSERT INTO `waypoint_data` VALUES (71314, 19, 3717.87, 6691.03, 134.937, 0, 0, 0, 0, 0);
INSERT INTO `waypoint_data` VALUES (71314, 20, 3739.47, 6671.27, 137.388, 0, 0, 0, 0, 0);
INSERT INTO `waypoint_data` VALUES (71314, 21, 3761.64, 6641.85, 148.294, 0, 0, 0, 0, 0);

SET @GUID := 71405;
DELETE FROM `creature` WHERE `guid` = @GUID;
INSERT INTO `creature` VALUES (71405, 19995, 530, 1, 0, 0, 2301.24, 6705.26, 28.9711, 2.86578, 300, 5, 0, 5914, 0, 0, 2);
DELETE FROM `creature_addon` WHERE `guid` = @GUID;
INSERT INTO `creature_addon` (`guid`,`path_id`,`mount`,`bytes0`,`bytes1`,`bytes2`,`emote`,`moveflags`,`auras`) VALUES (@GUID,@GUID,0,0,0,4097,0,0,NULL);
DELETE FROM `waypoint_data` WHERE `id` = @GUID;
INSERT INTO `waypoint_data` VALUES (71405, 1, 2301.24, 6705.26, 28.9711, 0, 0, 0, 0, 0);
INSERT INTO `waypoint_data` VALUES (71405, 2, 2313.7, 6703.8, 21.3385, 0, 0, 0, 0, 0);
INSERT INTO `waypoint_data` VALUES (71405, 3, 2319.83, 6701.89, 17.2595, 0, 0, 0, 0, 0);
INSERT INTO `waypoint_data` VALUES (71405, 4, 2326.74, 6699.62, 17.5159, 0, 0, 0, 0, 0);
INSERT INTO `waypoint_data` VALUES (71405, 5, 2326.57, 6700.19, 17.5148, 10000, 0, 0, 0, 0);
INSERT INTO `waypoint_data` VALUES (71405, 6, 2319.86, 6701.96, 17.2661, 0, 0, 0, 0, 0);
INSERT INTO `waypoint_data` VALUES (71405, 7, 2302.77, 6704.84, 27.4654, 0, 0, 0, 0, 0);
INSERT INTO `waypoint_data` VALUES (71405, 8, 2302.37, 6705.26, 28.1344, 0, 0, 0, 0, 0);
INSERT INTO `waypoint_data` VALUES (71405, 9, 2300.71, 6706.73, 29.9431, 0, 0, 0, 0, 0);
INSERT INTO `waypoint_data` VALUES (71405, 10, 2298.41, 6708.53, 32.2422, 0, 0, 0, 0, 0);
INSERT INTO `waypoint_data` VALUES (71405, 11, 2293.34, 6712.83, 36.812, 0, 0, 0, 0, 0);
INSERT INTO `waypoint_data` VALUES (71405, 12, 2290.82, 6716.33, 39.9274, 0, 0, 0, 0, 0);
INSERT INTO `waypoint_data` VALUES (71405, 13, 2291.02, 6721.46, 39.9328, 0, 0, 0, 0, 0);
INSERT INTO `waypoint_data` VALUES (71405, 14, 2310.41, 6734.76, 40.1602, 20000, 0, 0, 0, 0);
INSERT INTO `waypoint_data` VALUES (71405, 15, 2293.1, 6725.14, 39.8752, 0, 0, 0, 0, 0);
INSERT INTO `waypoint_data` VALUES (71405, 16, 2289.95, 6716.23, 39.9856, 0, 0, 0, 0, 0);

SET @GUID := 71814;
DELETE FROM `creature` WHERE `guid` = @GUID;
INSERT INTO `creature` VALUES (71814, 20203, 530, 1, 0, 0, 3369.6, 4266.86, 122.646, 3.91896, 300, 0, 0, 1700, 0, 0, 2);
DELETE FROM `creature_addon` WHERE `guid` = @GUID;
INSERT INTO `creature_addon` (`guid`,`path_id`,`mount`,`bytes0`,`bytes1`,`bytes2`,`emote`,`moveflags`,`auras`) VALUES (@GUID,@GUID,0,0,0,4097,0,0,NULL);
DELETE FROM `waypoint_data` WHERE `id` = @GUID;
INSERT INTO `waypoint_data` VALUES (71814, 1, 3360.2, 4268.68, 122.788, 0, 0, 0, 0, 0);
INSERT INTO `waypoint_data` VALUES (71814, 2, 3358.81, 4280.84, 117.352, 0, 0, 0, 0, 0);
INSERT INTO `waypoint_data` VALUES (71814, 3, 3355.01, 4311.56, 117.333, 0, 0, 0, 0, 0);
INSERT INTO `waypoint_data` VALUES (71814, 4, 3353.7, 4323.3, 122.774, 0, 0, 0, 0, 0);
INSERT INTO `waypoint_data` VALUES (71814, 5, 3361.9, 4329.85, 122.64, 0, 0, 0, 0, 0);
INSERT INTO `waypoint_data` VALUES (71814, 6, 3367.2, 4324.14, 122.64, 0, 0, 0, 0, 0);
INSERT INTO `waypoint_data` VALUES (71814, 7, 3372.22, 4282.04, 121.016, 0, 0, 0, 0, 0);
INSERT INTO `waypoint_data` VALUES (71814, 8, 3372.18, 4269.04, 122.64, 0, 0, 0, 0, 0);

UPDATE `creature_template` SET `speed` = 1 WHERE `entry` = 20206; -- 1.8
SET @GUID := 71822; -- probably on send ai event
DELETE FROM `creature` WHERE `guid` = @GUID;
INSERT INTO `creature` VALUES (71822, 20206, 530, 1, 0, 0, -684.603, 2626.44, 89.1955, 2.22254, 300, 0, 0, 4700, 0, 0, 2);
DELETE FROM `creature_addon` WHERE `guid` = @GUID;
INSERT INTO `creature_addon` (`guid`,`path_id`,`mount`,`bytes0`,`bytes1`,`bytes2`,`emote`,`moveflags`,`auras`) VALUES (@GUID,@GUID,0,0,0,4097,0,0,NULL);
DELETE FROM `waypoint_data` WHERE `id` = @GUID;
INSERT INTO `waypoint_data` VALUES (71822, 1, -684.603, 2626.44, 89.1955, 2000, 1, 0, 100, 0);
INSERT INTO `waypoint_data` VALUES (71822, 2, -697.934, 2612.59, 89.4752, 0, 1, 0, 100, 0);
INSERT INTO `waypoint_data` VALUES (71822, 3, -688.665, 2580.78, 86.9841, 0, 1, 0, 100, 0);
INSERT INTO `waypoint_data` VALUES (71822, 4, -689.199, 2588.81, 87.446, 0, 1, 0, 100, 0);
INSERT INTO `waypoint_data` VALUES (71822, 5, -667.044, 2611.74, 85.7029, 0, 1, 0, 100, 0);
INSERT INTO `waypoint_data` VALUES (71822, 6, -656.048, 2652.06, 86.5892, 0, 1, 0, 100, 0);
INSERT INTO `waypoint_data` VALUES (71822, 7, -659.047, 2651.34, 87.048, 0, 1, 0, 100, 0);
INSERT INTO `waypoint_data` VALUES (71822, 8, -697.934, 2612.59, 89.4752, 0, 1, 0, 100, 0);
INSERT INTO `waypoint_data` VALUES (71822, 9, -656.055, 2674.2, 88.1354, 0, 1, 0, 100, 0);
INSERT INTO `waypoint_data` VALUES (71822, 10, -691.042, 2652.45, 92.1508, 0, 1, 0, 100, 0);
INSERT INTO `waypoint_data` VALUES (71822, 11, -688.807, 2701.25, 94.8354, 0, 1, 0, 100, 0);
INSERT INTO `waypoint_data` VALUES (71822, 12, -667.514, 2716.08, 94.4471, 0, 1, 0, 100, 0);
INSERT INTO `waypoint_data` VALUES (71822, 13, -688.593, 2723.67, 94.4145, 0, 1, 0, 100, 0);
INSERT INTO `waypoint_data` VALUES (71822, 14, -687.635, 2743.1, 93.9095, 0, 1, 0, 100, 0);
INSERT INTO `waypoint_data` VALUES (71822, 15, -697.062, 2748.04, 93.938, 0, 0, 0, 100, 0);
INSERT INTO `waypoint_data` VALUES (71822, 16, -687.635, 2743.1, 93.9095, 0, 1, 0, 100, 0);
INSERT INTO `waypoint_data` VALUES (71822, 17, -685.121, 2689.01, 93.8042, 0, 1, 0, 100, 0);
INSERT INTO `waypoint_data` VALUES (71822, 18, -688.862, 2627.19, 89.8591, 0, 1, 0, 100, 0);
INSERT INTO `waypoint_data` VALUES (71822, 19, -685.494, 2626.74, 89.2711, 3000, 0, 160, 100, 0);

SET @GUID := 71924;
DELETE FROM `creature` WHERE `guid` = @GUID;
INSERT INTO `creature` VALUES (71924, 20238, 530, 1, 0, 0, 279.395, 1472.05, -13.1965, 4.16668, 300, 0, 0, 2500, 0, 0, 2);
DELETE FROM `creature_addon` WHERE `guid` = @GUID;
INSERT INTO `creature_addon` (`guid`,`path_id`,`mount`,`bytes0`,`bytes1`,`bytes2`,`emote`,`moveflags`,`auras`) VALUES (@GUID,@GUID,0,0,0,4097,0,0,NULL);
DELETE FROM `waypoint_data` WHERE `id` = @GUID;
INSERT INTO `waypoint_data` VALUES (71924, 1, 272.093, 1456.69, -14.0281, 0, 0, 0, 0, 0);
INSERT INTO `waypoint_data` VALUES (71924, 2, 279.39, 1432.53, -9.7592, 0, 1, 0, 0, 0);
INSERT INTO `waypoint_data` VALUES (71924, 3, 286.008, 1420.04, -6.51352, 0, 1, 0, 0, 0);
INSERT INTO `waypoint_data` VALUES (71924, 4, 300.903, 1407.47, -2.96807, 0, 1, 0, 0, 0);
INSERT INTO `waypoint_data` VALUES (71924, 5, 313.457, 1404.95, -3.53466, 0, 1, 0, 0, 0);
INSERT INTO `waypoint_data` VALUES (71924, 6, 343.873, 1407.98, -0.260891, 0, 1, 0, 0, 0);
INSERT INTO `waypoint_data` VALUES (71924, 7, 350.356, 1417.71, -0.307936, 0, 1, 0, 0, 0);
INSERT INTO `waypoint_data` VALUES (71924, 8, 355.045, 1434.57, -0.832355, 0, 1, 0, 0, 0);
INSERT INTO `waypoint_data` VALUES (71924, 9, 353.352, 1452.61, 0.88064, 0, 1, 0, 0, 0);
INSERT INTO `waypoint_data` VALUES (71924, 10, 337.422, 1476.01, -4.49686, 5000, 0, 0, 0, 0);
INSERT INTO `waypoint_data` VALUES (71924, 11, 305.432, 1496.18, -12.9394, 5000, 0, 0, 0, 0);
INSERT INTO `waypoint_data` VALUES (71924, 12, 285.516, 1479.27, -12.3245, 0, 0, 0, 0, 0);
INSERT INTO `waypoint_data` VALUES (71924, 13, 279.035, 1471.86, -13.2647, 0, 0, 0, 0, 0);

DELETE FROM `npc_vendor` WHERE `entry` = 10618;
INSERT INTO `npc_vendor` VALUES (10618, 13086, 0, 0, 0);

DELETE FROM `creature` WHERE `guid` IN (381625,381165,379950,379841);
DELETE FROM `creature_formations` WHERE `memberguid` IN (381625,381165,379950,379841);
DELETE FROM `creature_linked_respawn` WHERE `guid` IN (381625,381165,379950,379841);
DELETE FROM `creature_addon` WHERE `guid` IN (381625,381165,379950,379841);
DELETE FROM `waypoint_data` WHERE `id` = 47443214;

