-- Incandescent Fel Spark 22323
UPDATE `creature_template` SET `resistance2` = '-1', `flags_extra` = `flags_extra`|262144 WHERE `entry` = 22323;
DELETE FROM `creature_ai_scripts` WHERE `entryOrGUID` = 22323;
INSERT INTO `creature_ai_scripts` VALUES
('2232301','22323','0','0','100','1','0','1000','10000','11000','11','36247','1','0','0','0','0','0','0','0','0','0','Incandescent Fel Spark - Cast Fel Fireball'),
('2232302','22323','6','0','100','0','0','0','0','0','11','44877','0','3','0','0','0','0','0','0','0','0','Incandescent Fel Spark - Cast Living Flare Master on Death');

-- Elemental Melee Attacks can not be blocked
UPDATE `creature_template` SET `flags_extra` = `flags_extra`|262144 WHERE `dmgschool` != 0 AND `flags_extra` != `flags_extra`|262144;

-- 17471- (mob_lesser_shadow_fissure)
UPDATE `creature_template` SET `faction_A` = 16, `faction_H` = 16, `unit_flags` = 33947654, `ScriptName` = '' WHERE `entry` = 17471; -- needs nontargetable, nonattackable, nomove and maybe more
DELETE FROM `creature_template_addon` WHERE `entry` = 17471;
INSERT INTO `creature_template_addon` VALUES (17471, 0, 0, 0, 0, 0, 0, 0, '30497 0');

-- Grand Warlock Nethekurse ReGUID
DELETE FROM `creature` WHERE `guid` IN (13681415,57853);
INSERT INTO `creature` VALUES (57853, 16807, 540, 3, 0, 0, 178.928, 289.487, -8.18744, 4.70166, 43200, 0, 0, 107700, 60581, 0, 0);

DELETE FROM `creature_formations` WHERE `leaderGUID` IN (13681415);

DELETE FROM `creature_linked_respawn` WHERE `linkedguid` IN (13681415,57853);
INSERT INTO `creature_linked_respawn` VALUES (11262, 57853);
INSERT INTO `creature_linked_respawn` VALUES (13540, 57853);
INSERT INTO `creature_linked_respawn` VALUES (15331, 57853);
INSERT INTO `creature_linked_respawn` VALUES (15610, 57853);
INSERT INTO `creature_linked_respawn` VALUES (18485, 57853);
INSERT INTO `creature_linked_respawn` VALUES (18536, 57853);
INSERT INTO `creature_linked_respawn` VALUES (18601, 57853);
INSERT INTO `creature_linked_respawn` VALUES (18788, 57853);
INSERT INTO `creature_linked_respawn` VALUES (18838, 57853);
INSERT INTO `creature_linked_respawn` VALUES (19314, 57853);
INSERT INTO `creature_linked_respawn` VALUES (20420, 57853);
INSERT INTO `creature_linked_respawn` VALUES (20624, 57853);
INSERT INTO `creature_linked_respawn` VALUES (21428, 57853);
INSERT INTO `creature_linked_respawn` VALUES (22961, 57853);
INSERT INTO `creature_linked_respawn` VALUES (24089, 57853);
INSERT INTO `creature_linked_respawn` VALUES (24360, 57853);
INSERT INTO `creature_linked_respawn` VALUES (30418, 57853);
INSERT INTO `creature_linked_respawn` VALUES (31564, 57853);
INSERT INTO `creature_linked_respawn` VALUES (32163, 57853);
INSERT INTO `creature_linked_respawn` VALUES (32301, 57853);
INSERT INTO `creature_linked_respawn` VALUES (34034, 57853);
INSERT INTO `creature_linked_respawn` VALUES (34199, 57853);
INSERT INTO `creature_linked_respawn` VALUES (57220, 57853);
INSERT INTO `creature_linked_respawn` VALUES (57221, 57853);
INSERT INTO `creature_linked_respawn` VALUES (57222, 57853);
INSERT INTO `creature_linked_respawn` VALUES (57223, 57853);
INSERT INTO `creature_linked_respawn` VALUES (57581, 57853);
INSERT INTO `creature_linked_respawn` VALUES (57584, 57853);
INSERT INTO `creature_linked_respawn` VALUES (57688, 57853);
INSERT INTO `creature_linked_respawn` VALUES (57690, 57853);
INSERT INTO `creature_linked_respawn` VALUES (57693, 57853);
INSERT INTO `creature_linked_respawn` VALUES (57694, 57853);
INSERT INTO `creature_linked_respawn` VALUES (57695, 57853);
INSERT INTO `creature_linked_respawn` VALUES (57696, 57853);
INSERT INTO `creature_linked_respawn` VALUES (57698, 57853);
INSERT INTO `creature_linked_respawn` VALUES (57700, 57853);
INSERT INTO `creature_linked_respawn` VALUES (59478, 57853);
INSERT INTO `creature_linked_respawn` VALUES (59479, 57853);
INSERT INTO `creature_linked_respawn` VALUES (59480, 57853);
INSERT INTO `creature_linked_respawn` VALUES (59481, 57853);
INSERT INTO `creature_linked_respawn` VALUES (63390, 57853);
INSERT INTO `creature_linked_respawn` VALUES (63391, 57853);
INSERT INTO `creature_linked_respawn` VALUES (63392, 57853);
INSERT INTO `creature_linked_respawn` VALUES (90805, 57853);
INSERT INTO `creature_linked_respawn` VALUES (90996, 57853);
INSERT INTO `creature_linked_respawn` VALUES (91716, 57853);
INSERT INTO `creature_linked_respawn` VALUES (91731, 57853);
INSERT INTO `creature_linked_respawn` VALUES (91744, 57853);
INSERT INTO `creature_linked_respawn` VALUES (92552, 57853);
INSERT INTO `creature_linked_respawn` VALUES (92632, 57853);
INSERT INTO `creature_linked_respawn` VALUES (92711, 57853);
INSERT INTO `creature_linked_respawn` VALUES (92729, 57853);
INSERT INTO `creature_linked_respawn` VALUES (92744, 57853);
INSERT INTO `creature_linked_respawn` VALUES (92765, 57853);
INSERT INTO `creature_linked_respawn` VALUES (92781, 57853);
INSERT INTO `creature_linked_respawn` VALUES (92787, 57853);
INSERT INTO `creature_linked_respawn` VALUES (92796, 57853);
INSERT INTO `creature_linked_respawn` VALUES (92808, 57853);
INSERT INTO `creature_linked_respawn` VALUES (93078, 57853);
INSERT INTO `creature_linked_respawn` VALUES (93256, 57853);
INSERT INTO `creature_linked_respawn` VALUES (93273, 57853);
INSERT INTO `creature_linked_respawn` VALUES (93283, 57853);
INSERT INTO `creature_linked_respawn` VALUES (93441, 57853);
INSERT INTO `creature_linked_respawn` VALUES (93459, 57853);
INSERT INTO `creature_linked_respawn` VALUES (93546, 57853);
INSERT INTO `creature_linked_respawn` VALUES (93554, 57853);
INSERT INTO `creature_linked_respawn` VALUES (93578, 57853);
INSERT INTO `creature_linked_respawn` VALUES (93590, 57853);
INSERT INTO `creature_linked_respawn` VALUES (93607, 57853);
INSERT INTO `creature_linked_respawn` VALUES (93976, 57853);
INSERT INTO `creature_linked_respawn` VALUES (93985, 57853);
INSERT INTO `creature_linked_respawn` VALUES (93998, 57853);
INSERT INTO `creature_linked_respawn` VALUES (99955, 57853);
INSERT INTO `creature_linked_respawn` VALUES (99956, 57853);
INSERT INTO `creature_linked_respawn` VALUES (99957, 57853);
INSERT INTO `creature_linked_respawn` VALUES (99958, 57853);
INSERT INTO `creature_linked_respawn` VALUES (99996, 57853);
INSERT INTO `creature_linked_respawn` VALUES (99997, 57853);
INSERT INTO `creature_linked_respawn` VALUES (99998, 57853);
INSERT INTO `creature_linked_respawn` VALUES (163620, 57853);
INSERT INTO `creature_linked_respawn` VALUES (163676, 57853);
INSERT INTO `creature_linked_respawn` VALUES (163832, 57853);
INSERT INTO `creature_linked_respawn` VALUES (163872, 57853);
INSERT INTO `creature_linked_respawn` VALUES (163892, 57853);
INSERT INTO `creature_linked_respawn` VALUES (187294, 57853);
INSERT INTO `creature_linked_respawn` VALUES (57853, 57853);

-- Reguid 12719 to 76575
SET @GUID := 76575;
DELETE FROM `creature` WHERE `guid` IN (@GUID,12719);
INSERT INTO `creature` VALUES (@GUID, 24994, 530, 1, 0, 0, 12848.6, -7040.74, 18.6604, 2.20449, 300, 0, 0, 69860, 0, 0, 2);
DELETE FROM `creature_addon` WHERE `guid` IN (@GUID,12719);
INSERT INTO `creature_addon` VALUES (@GUID, @GUID, 0, 0, 0, 0, 0, 0, NULL);
DELETE FROM `game_event_creature` WHERE `guid` IN (@GUID,12719);
INSERT INTO `game_event_creature` VALUES (@GUID, 42);
DELETE FROM `waypoint_data` WHERE `id` = @GUID;
INSERT INTO `waypoint_data` VALUES (@GUID, 1, 12855.8, -7032.47, 18.9525, 0, 0, 0, 100, 0);
INSERT INTO `waypoint_data` VALUES (@GUID, 2, 12858.4, -7006.76, 25.2855, 0, 0, 0, 100, 0);
INSERT INTO `waypoint_data` VALUES (@GUID, 3, 12850.2, -6994.06, 32.3065, 0, 0, 0, 100, 0);
INSERT INTO `waypoint_data` VALUES (@GUID, 4, 12840.5, -6986.8, 38.0928, 0, 0, 0, 100, 0);
INSERT INTO `waypoint_data` VALUES (@GUID, 5, 12826.7, -6983.79, 43.9748, 0, 0, 0, 100, 0);
INSERT INTO `waypoint_data` VALUES (@GUID, 6, 12815.7, -6985.14, 47.3124, 0, 0, 0, 100, 0);
INSERT INTO `waypoint_data` VALUES (@GUID, 7, 12806.8, -6991.77, 47.6362, 0, 0, 0, 100, 0);
INSERT INTO `waypoint_data` VALUES (@GUID, 8, 12816, -7002.94, 47.4295, 0, 0, 0, 100, 0);
INSERT INTO `waypoint_data` VALUES (@GUID, 9, 12832.2, -7003.82, 47.4274, 0, 0, 0, 100, 0);
INSERT INTO `waypoint_data` VALUES (@GUID, 10, 12837, -7022.8, 47.4028, 0, 0, 0, 100, 0);
INSERT INTO `waypoint_data` VALUES (@GUID, 11, 12844, -7033.88, 47.8643, 0, 0, 0, 100, 0);
INSERT INTO `waypoint_data` VALUES (@GUID, 12, 12835.7, -7023.58, 47.4043, 0, 0, 0, 100, 0);
INSERT INTO `waypoint_data` VALUES (@GUID, 13, 12834.8, -7008.85, 47.4273, 0, 0, 0, 100, 0);
INSERT INTO `waypoint_data` VALUES (@GUID, 14, 12817, -7001.99, 47.4273, 0, 0, 0, 100, 0);
INSERT INTO `waypoint_data` VALUES (@GUID, 15, 12807, -6992.42, 47.6398, 0, 0, 0, 100, 0);
INSERT INTO `waypoint_data` VALUES (@GUID, 16, 12815.9, -6984.86, 47.1909, 0, 0, 0, 100, 0);
INSERT INTO `waypoint_data` VALUES (@GUID, 17, 12832.4, -6983.44, 41.6628, 0, 0, 0, 100, 0);
INSERT INTO `waypoint_data` VALUES (@GUID, 18, 12847.7, -6989.91, 34.3545, 0, 0, 0, 100, 0);
INSERT INTO `waypoint_data` VALUES (@GUID, 19, 12858.2, -7005.1, 25.8451, 0, 0, 0, 100, 0);
INSERT INTO `waypoint_data` VALUES (@GUID, 20, 12858.1, -7022.35, 20.3098, 0, 0, 0, 100, 0);
INSERT INTO `waypoint_data` VALUES (@GUID, 21, 12848.7, -7041.35, 18.6506, 0, 0, 0, 100, 0);

-- Reguid 7400 to 12719
DELETE FROM `creature` WHERE `guid` IN (7400,12718,12719,12720,12721,12722,12723,12724,12725,12726);
INSERT INTO `creature` VALUES (12718, 23047, 564, 1, 0, 0, 448.664, 191.274, 164.065, 0.139626, 7200, 0, 0, 36200, 0, 0, 0);
INSERT INTO `creature` VALUES (12719, 23047, 564, 1, 0, 0, 449.336, 187.124, 164.065, 0.15708, 7200, 0, 0, 36200, 0, 0, 0);
INSERT INTO `creature` VALUES (12720, 23047, 564, 1, 0, 0, 449.499, 182.922, 164.065, 0.139626, 7200, 0, 0, 36200, 0, 0, 0);
INSERT INTO `creature` VALUES (12721, 23047, 564, 1, 0, 0, 448.259, 195.735, 164.065, 0.05236, 7200, 0, 0, 36200, 0, 0, 0);
INSERT INTO `creature` VALUES (12722, 23047, 564, 1, 0, 0, 442.897, 191.007, 164.065, 0.122173, 7200, 0, 0, 36200, 0, 0, 0);
INSERT INTO `creature` VALUES (12723, 23047, 564, 1, 0, 0, 443.344, 186.511, 164.065, 0.087266, 7200, 0, 0, 36200, 0, 0, 0);
INSERT INTO `creature` VALUES (12724, 23047, 564, 1, 0, 0, 443.843, 182.041, 164.065, 0.122173, 7200, 0, 0, 36200, 0, 0, 0);
INSERT INTO `creature` VALUES (12725, 23047, 564, 1, 0, 0, 442.478, 195.178, 164.065, 0.10472, 7200, 0, 0, 36200, 0, 0, 0);
INSERT INTO `creature` VALUES (12726, 23049, 564, 1, 0, 0, 454.345, 190.091, 164.065, 3.07178, 7200, 0, 0, 369000, 0, 0, 2);

DELETE FROM `creature_formations` WHERE `leaderguid` = 12726;
INSERT INTO `creature_formations` VALUES (12726, 12718, 0, 0, 2);
INSERT INTO `creature_formations` VALUES (12726, 12719, 0, 0, 2);
INSERT INTO `creature_formations` VALUES (12726, 12720, 0, 0, 2);
INSERT INTO `creature_formations` VALUES (12726, 12721, 0, 0, 2);
INSERT INTO `creature_formations` VALUES (12726, 12722, 0, 0, 2);
INSERT INTO `creature_formations` VALUES (12726, 12723, 0, 0, 2);
INSERT INTO `creature_formations` VALUES (12726, 12724, 0, 0, 2);
INSERT INTO `creature_formations` VALUES (12726, 12725, 0, 0, 2);
INSERT INTO `creature_formations` VALUES (12726, 12726, 0, 0, 2);

DELETE FROM `creature_formations` WHERE `leaderguid` = 52745;
INSERT INTO `creature_formations` VALUES
(52745, 52754, 0, 0, 2),
(52745, 12883, 0, 0, 2),
(52745, 52744, 0, 0, 2),
(52745, 52745, 0, 0, 2),
(52745, 52755, 0, 0, 2);

-- Spell Summoned 91405,91406,91407,91421,91422,91427
DELETE FROM `creature` WHERE `id` = 11258;
UPDATE `creature_template` SET `mindmg` = '102', `maxdmg` = '135' WHERE `entry` = 11258;

DELETE FROM `creature_ai_texts` WHERE `entry` IN (-762,-763);
INSERT INTO `creature_ai_texts` (`entry`,`content_default`,`sound`,`type`,`language`,`comment`,`emote`) VALUES
('-762','Note the weak binding structure of this one. Be sure to finish your incantations or this is what you will end up with.','0','0','0','11582','1'),
('-763','Wow, this one is just plain useless. Let me try again.','0','0','0','11582','1');

DELETE FROM `creature_ai_scripts` WHERE `entryOrGUID` = 11582;
INSERT INTO `creature_ai_scripts` VALUES
('1158201','11582','1','0','100','3','1000','2500','30000','31000','11','16531','0','1','0','0','0','0','0','0','0','0','Scholomance Dark Summoner - Cast Frail Skeleton OOC'),
('1158202','11582','1','0','100','3','16000','17500','30000','31000','1','-410','-311','-435','1','-762','-763','0','0','0','0','0','Scholomance Dark Summoner - Random Say OOC'),
('1158203','11582','0','0','95','3','500','2800','1900','3700','11','17618','0','1','0','0','0','0','0','0','0','0','Scholomance Dark Summoner - Summon Risen Lackey'),
('1158204','11582','0','0','100','3','0','500','38700','49300','11','12279','1','32','0','0','0','0','0','0','0','0','Scholomance Dark Summoner - Cast Curse of Blood');

-- Nethermancer Sepethrea  19221,21536
UPDATE `creature_template` SET `mindmg`='800',`maxdmg`='1200' WHERE `entry` = 19221;
UPDATE `creature_template` SET `mindmg`='1982',`maxdmg`='2345' WHERE `entry` = 21536;

SET @GUID := 31751;
DELETE FROM `creature` WHERE `guid` = @GUID;
INSERT INTO `creature` VALUES (31751, 21771, 530, 1, 0, 0, -3079.75, 2555.73, 62.854, 4.732, 300, 0, 0, 6300, 2991, 0, 2);
DELETE FROM `creature_addon` WHERE `guid` = @GUID;
INSERT INTO `creature_addon` (`guid`,`path_id`,`mount`,`bytes0`,`bytes1`,`bytes2`,`emote`,`moveflags`,`auras`) VALUES (@GUID,@GUID,0,0,0,4097,0,0,NULL);
DELETE FROM `waypoint_data` WHERE `id` = @GUID;
INSERT INTO `waypoint_data` VALUES (31751, 1, -3079.74, 2547.04, 62.8024, 0, 0, 0, 0, 0);
INSERT INTO `waypoint_data` VALUES (31751, 2, -3079.75, 2555.73, 62.854, 2000, 0, 0, 0, 0);
INSERT INTO `waypoint_data` VALUES (31751, 3, -3079.74, 2547.04, 62.8024, 0, 0, 0, 0, 0);
INSERT INTO `waypoint_data` VALUES (31751, 4, -3079.75, 2555.73, 62.854, 2000, 0, 0, 0, 0);
INSERT INTO `waypoint_data` VALUES (31751, 5, -3079.74, 2547.04, 62.8024, 0, 0, 0, 0, 0);
INSERT INTO `waypoint_data` VALUES (31751, 6, -3079.75, 2555.73, 62.854, 2000, 0, 0, 0, 0);
INSERT INTO `waypoint_data` VALUES (31751, 7, -3079.74, 2547.04, 62.8024, 0, 0, 0, 0, 0);
INSERT INTO `waypoint_data` VALUES (31751, 8, -3080.14, 2550.91, 62.8903, 25000, 0, 0, 0, 0); -- 2177101
INSERT INTO `waypoint_data` VALUES (31751, 9, -3079.75, 2555.73, 62.854, 2000, 0, 0, 0, 0);
INSERT INTO `waypoint_data` VALUES (31751, 10, -3079.74, 2547.04, 62.8024, 0, 0, 0, 0, 0);
INSERT INTO `waypoint_data` VALUES (31751, 11, -3079.75, 2555.73, 62.854, 2000, 0, 0, 0, 0);
INSERT INTO `waypoint_data` VALUES (31751, 12, -3079.74, 2547.04, 62.8024, 0, 0, 0, 0, 0);
INSERT INTO `waypoint_data` VALUES (31751, 13, -3079.75, 2555.73, 62.854, 2000, 0, 0, 0, 0);
INSERT INTO `waypoint_data` VALUES (31751, 14, -3079.74, 2547.04, 62.8024, 0, 0, 0, 0, 0);
INSERT INTO `waypoint_data` VALUES (31751, 15, -3079.75, 2555.73, 62.854, 2000, 0, 0, 0, 0);

SET @GUID := 46384;
UPDATE `creature` SET `MovementType`= 2 WHERE `guid` = @GUID;
DELETE FROM `creature_addon` WHERE `guid` = @GUID;
INSERT INTO `creature_addon` (`guid`,`path_id`,`mount`,`bytes0`,`bytes1`,`bytes2`,`emote`,`moveflags`,`auras`) VALUES (@GUID,@GUID,0,0,0,4097,0,0,NULL);
DELETE FROM `waypoint_data` WHERE `id` = @GUID;
INSERT INTO `waypoint_data` VALUES (46384, 1, 10093.5, 2453.88, 1318.27, 0, 0, 0, 0, 0);
INSERT INTO `waypoint_data` VALUES (46384, 2, 10104.3, 2461.38, 1317.78, 0, 0, 0, 0, 0);
INSERT INTO `waypoint_data` VALUES (46384, 3, 10111.6, 2475.67, 1317.32, 0, 0, 0, 0, 0);
INSERT INTO `waypoint_data` VALUES (46384, 4, 10111.9, 2490.86, 1318.19, 0, 0, 0, 0, 0);
INSERT INTO `waypoint_data` VALUES (46384, 5, 10093.4, 2527.76, 1317.64, 0, 0, 0, 0, 0);
INSERT INTO `waypoint_data` VALUES (46384, 6, 10105.1, 2505.08, 1318.6, 0, 0, 0, 0, 0);
INSERT INTO `waypoint_data` VALUES (46384, 7, 10111.3, 2489.62, 1317.98, 0, 0, 0, 0, 0);
INSERT INTO `waypoint_data` VALUES (46384, 8, 10110.9, 2475.37, 1317.29, 0, 0, 0, 0, 0);
INSERT INTO `waypoint_data` VALUES (46384, 9, 10102.8, 2458.83, 1318.06, 0, 0, 0, 0, 0);
INSERT INTO `waypoint_data` VALUES (46384, 10, 10085.3, 2449.67, 1317.97, 0, 0, 0, 0, 0);

SET @GUID := 35869;
UPDATE `creature` SET `MovementType`= 2 WHERE `guid` = @GUID;
DELETE FROM `creature_addon` WHERE `guid` = @GUID;
INSERT INTO `creature_addon` (`guid`,`path_id`,`mount`,`bytes0`,`bytes1`,`bytes2`,`emote`,`moveflags`,`auras`) VALUES (@GUID,@GUID,0,0,0,4097,0,0,NULL);
DELETE FROM `waypoint_data` WHERE `id` = @GUID;
INSERT INTO `waypoint_data` VALUES (35869, 1, -3681.7, 562.659, 32.9927, 0, 0, 0, 0, 0); -- 2174301
INSERT INTO `waypoint_data` VALUES (35869, 2, -3644.52, 562.962, 20.2017, 0, 0, 0, 0, 0); -- 2174301
INSERT INTO `waypoint_data` VALUES (35869, 3, -3634.11, 563.081, 16.8451, 6000, 0, 0, 0, 0);
INSERT INTO `waypoint_data` VALUES (35869, 4, -3660.47, 562.699, 25.7358, 0, 0, 0, 0, 0); -- 2174301
INSERT INTO `waypoint_data` VALUES (35869, 5, -3701.42, 562.505, 39.7008, 0, 0, 0, 0, 0); -- 2174301
INSERT INTO `waypoint_data` VALUES (35869, 6, -3715.82, 562.837, 44.734, 6000, 0, 0, 0, 0);

SET @GUID := 52399;
UPDATE `creature` SET `MovementType`= 2 WHERE `guid` = @GUID;
DELETE FROM `creature_addon` WHERE `guid` = @GUID;
INSERT INTO `creature_addon` (`guid`,`path_id`,`mount`,`bytes0`,`bytes1`,`bytes2`,`emote`,`moveflags`,`auras`) VALUES (@GUID,@GUID,0,0,0,4097,0,0,NULL);
DELETE FROM `waypoint_data` WHERE `id` = @GUID;
INSERT INTO `waypoint_data` VALUES (52399, 1, -2670.27, 8556.48, -24.3327, 0, 0, 0, 0, 0);
INSERT INTO `waypoint_data` VALUES (52399, 2, -2727.6, 8505.54, -33.2203, 0, 0, 0, 0, 0);
INSERT INTO `waypoint_data` VALUES (52399, 3, -2798.87, 8408.73, -32.8769, 0, 0, 0, 0, 0);
INSERT INTO `waypoint_data` VALUES (52399, 4, -2753.05, 8142.68, -41.5723, 0, 0, 0, 0, 0);
INSERT INTO `waypoint_data` VALUES (52399, 5, -2668.57, 8092.38, -40.8327, 0, 0, 0, 0, 0);
INSERT INTO `waypoint_data` VALUES (52399, 6, -2541.15, 8080.54, -42.7048, 0, 0, 0, 0, 0);
INSERT INTO `waypoint_data` VALUES (52399, 7, -2443.69, 8129.17, -36.6802, 0, 0, 0, 0, 0);
INSERT INTO `waypoint_data` VALUES (52399, 8, -2383.76, 8191.97, -33.1643, 0, 0, 0, 0, 0);
INSERT INTO `waypoint_data` VALUES (52399, 9, -2354.92, 8321.24, -32.3505, 0, 0, 0, 0, 0);
INSERT INTO `waypoint_data` VALUES (52399, 10, -2379.65, 8410.24, -30.9855, 0, 0, 0, 0, 0);
INSERT INTO `waypoint_data` VALUES (52399, 11, -2456.4, 8494.97, -29.0302, 0, 0, 0, 0, 0);
INSERT INTO `waypoint_data` VALUES (52399, 12, -2566.02, 8530.06, -25.9058, 0, 0, 0, 0, 0);
INSERT INTO `waypoint_data` VALUES (52399, 13, -2670.74, 8520.71, -30.7958, 0, 0, 0, 0, 0);

SET @GUID := 52400;
UPDATE `creature` SET `MovementType`= 2 WHERE `guid` = @GUID;
DELETE FROM `creature_addon` WHERE `guid` = @GUID;
INSERT INTO `creature_addon` (`guid`,`path_id`,`mount`,`bytes0`,`bytes1`,`bytes2`,`emote`,`moveflags`,`auras`) VALUES (@GUID,@GUID,0,0,0,4097,0,0,NULL);
DELETE FROM `waypoint_data` WHERE `id` = @GUID;
INSERT INTO `waypoint_data` VALUES (52400, 1, -2286.56, 8621.62, -5.12038, 0, 0, 0, 0, 0);
INSERT INTO `waypoint_data` VALUES (52400, 2, -2208.61, 8513.88, -5.39454, 0, 0, 0, 0, 0);
INSERT INTO `waypoint_data` VALUES (52400, 3, -2209.42, 8573.6, 2.2257, 0, 0, 0, 0, 0);
INSERT INTO `waypoint_data` VALUES (52400, 4, -2280.99, 8652.49, 0.706009, 0, 0, 0, 0, 0);

SET @GUID := 52402;
UPDATE `creature` SET `MovementType`= 2 WHERE `guid` = @GUID;
DELETE FROM `creature_addon` WHERE `guid` = @GUID;
INSERT INTO `creature_addon` (`guid`,`path_id`,`mount`,`bytes0`,`bytes1`,`bytes2`,`emote`,`moveflags`,`auras`) VALUES (@GUID,@GUID,0,0,0,4097,0,0,NULL);
DELETE FROM `waypoint_data` WHERE `id` = @GUID;
INSERT INTO `waypoint_data` VALUES (52402, 1, -2740.06, 6962.79, -2.00595, 0, 0, 0, 0, 0);
INSERT INTO `waypoint_data` VALUES (52402, 2, -2708.33, 6930.69, 5.90239, 0, 0, 0, 0, 0);
INSERT INTO `waypoint_data` VALUES (52402, 3, -2713.82, 6842.92, 4.49263, 0, 0, 0, 0, 0);
INSERT INTO `waypoint_data` VALUES (52402, 4, -2821.07, 6757.41, 12.1712, 0, 0, 0, 0, 0);
INSERT INTO `waypoint_data` VALUES (52402, 5, -2827.28, 6723.3, 21.978, 0, 0, 0, 0, 0);
INSERT INTO `waypoint_data` VALUES (52402, 6, -2806.46, 6586.45, 41.6987, 0, 0, 0, 0, 0);
INSERT INTO `waypoint_data` VALUES (52402, 7, -2740.08, 6641.43, 22.961, 0, 0, 0, 0, 0);
INSERT INTO `waypoint_data` VALUES (52402, 8, -2706.18, 6733.12, 24.1225, 0, 0, 0, 0, 0);
INSERT INTO `waypoint_data` VALUES (52402, 9, -2728.09, 6881.95, 2.40176, 0, 0, 0, 0, 0);

SET @GUID := 52403;
UPDATE `creature` SET `MovementType`= 2 WHERE `guid` = @GUID;
DELETE FROM `creature_addon` WHERE `guid` = @GUID;
INSERT INTO `creature_addon` (`guid`,`path_id`,`mount`,`bytes0`,`bytes1`,`bytes2`,`emote`,`moveflags`,`auras`) VALUES (@GUID,@GUID,0,0,0,4097,0,0,NULL);
DELETE FROM `waypoint_data` WHERE `id` = @GUID;
INSERT INTO `waypoint_data` VALUES (52403, 1, -2369.1, 6513.95, 45.4725, 0, 0, 0, 0, 0);
INSERT INTO `waypoint_data` VALUES (52403, 2, -2383.58, 6477.35, 27.9339, 0, 0, 0, 0, 0);
INSERT INTO `waypoint_data` VALUES (52403, 3, -2395.76, 6431.19, 22.4845, 0, 0, 0, 0, 0);
INSERT INTO `waypoint_data` VALUES (52403, 4, -2381.16, 6457.17, 20.261, 0, 0, 0, 0, 0);
INSERT INTO `waypoint_data` VALUES (52403, 5, -2284.68, 6488.93, 16.614, 0, 0, 0, 0, 0);
INSERT INTO `waypoint_data` VALUES (52403, 6, -2197.57, 6495.5, 25.7769, 0, 0, 0, 0, 0);
INSERT INTO `waypoint_data` VALUES (52403, 7, -2145.82, 6435.28, 42.102, 0, 0, 0, 0, 0);
INSERT INTO `waypoint_data` VALUES (52403, 8, -2031.99, 6339.93, 59.739, 0, 0, 0, 0, 0);
INSERT INTO `waypoint_data` VALUES (52403, 9, -1950.56, 6362.55, 59.9186, 0, 0, 0, 0, 0);
INSERT INTO `waypoint_data` VALUES (52403, 10, -1885.45, 6416.22, 55.2037, 0, 0, 0, 0, 0);
INSERT INTO `waypoint_data` VALUES (52403, 11, -1784.83, 6480.16, 51.1629, 0, 0, 0, 0, 0);
INSERT INTO `waypoint_data` VALUES (52403, 12, -2005.43, 6490.27, 110.293, 0, 0, 0, 0, 0);
INSERT INTO `waypoint_data` VALUES (52403, 13, -2159.16, 6562.93, 28.7363, 0, 0, 0, 0, 0);

SET @GUID := 52404;
UPDATE `creature` SET `MovementType`= 2 WHERE `guid` = @GUID;
DELETE FROM `creature_addon` WHERE `guid` = @GUID;
INSERT INTO `creature_addon` (`guid`,`path_id`,`mount`,`bytes0`,`bytes1`,`bytes2`,`emote`,`moveflags`,`auras`) VALUES (@GUID,@GUID,0,0,0,4097,0,0,NULL);
DELETE FROM `waypoint_data` WHERE `id` = @GUID;
INSERT INTO `waypoint_data` VALUES (52404, 1, -1518.15, 7065.83, 18.9225, 0, 0, 0, 0, 0);
INSERT INTO `waypoint_data` VALUES (52404, 2, -1585.41, 7114.7, 15.0063, 0, 0, 0, 0, 0);
INSERT INTO `waypoint_data` VALUES (52404, 3, -1608.95, 6993.19, 5.14389, 0, 0, 0, 0, 0);
INSERT INTO `waypoint_data` VALUES (52404, 4, -1540.55, 7013.53, 12.4748, 0, 0, 0, 0, 0);

SET @GUID := 54870;
DELETE FROM `creature` WHERE `guid` = @GUID;
INSERT INTO `creature` VALUES (54870, 22148, 530, 1, 0, 0, -1330.64, 5792.9, 183.28, 1.74635, 300, 0, 0, 7181, 0, 0, 2);
DELETE FROM `creature_addon` WHERE `guid` = @GUID;
INSERT INTO `creature_addon` (`guid`,`path_id`,`mount`,`bytes0`,`bytes1`,`bytes2`,`emote`,`moveflags`,`auras`) VALUES (@GUID,@GUID,0,0,0,4097,0,0,NULL);
DELETE FROM `waypoint_data` WHERE `id` = @GUID;
INSERT INTO `waypoint_data` VALUES (54870, 1, -1338.4, 5817.68, 184.866, 0, 0, 0, 0, 0);
INSERT INTO `waypoint_data` VALUES (54870, 2, -1336.71, 5831.79, 185.845, 0, 0, 0, 0, 0);
INSERT INTO `waypoint_data` VALUES (54870, 3, -1313.84, 5849.55, 199.389, 0, 0, 0, 0, 0);
INSERT INTO `waypoint_data` VALUES (54870, 4, -1316.62, 5853.86, 201.805, 0, 0, 0, 0, 0);
INSERT INTO `waypoint_data` VALUES (54870, 5, -1334.76, 5866.23, 212.388, 0, 0, 0, 0, 0);
INSERT INTO `waypoint_data` VALUES (54870, 6, -1313.79, 5851.52, 199.923, 0, 0, 0, 0, 0);
INSERT INTO `waypoint_data` VALUES (54870, 7, -1315.65, 5846.51, 197.901, 0, 0, 0, 0, 0);
INSERT INTO `waypoint_data` VALUES (54870, 8, -1336.87, 5831.49, 185.797, 0, 0, 0, 0, 0);
INSERT INTO `waypoint_data` VALUES (54870, 9, -1337.9, 5816.23, 184.889, 0, 0, 0, 0, 0);
INSERT INTO `waypoint_data` VALUES (54870, 10, -1329.2, 5786.87, 182.854, 0, 0, 0, 0, 0);
INSERT INTO `waypoint_data` VALUES (54870, 11, -1328.9, 5767.59, 182.657, 0, 0, 0, 0, 0);
INSERT INTO `waypoint_data` VALUES (54870, 12, -1328.76, 5747.74, 182.025, 0, 0, 0, 0, 0);
INSERT INTO `waypoint_data` VALUES (54870, 13, -1334.7, 5735.71, 180.898, 0, 0, 0, 0, 0);
INSERT INTO `waypoint_data` VALUES (54870, 14, -1332.69, 5723.99, 180.092, 0, 0, 0, 0, 0);
INSERT INTO `waypoint_data` VALUES (54870, 15, -1334.7, 5735.71, 180.898, 0, 0, 0, 0, 0);
INSERT INTO `waypoint_data` VALUES (54870, 16, -1328.95, 5748.09, 181.99, 0, 0, 0, 0, 0);
INSERT INTO `waypoint_data` VALUES (54870, 17, -1328.93, 5768.83, 182.739, 0, 0, 0, 0, 0);
INSERT INTO `waypoint_data` VALUES (54870, 18, -1330.62, 5792.06, 183.215, 0, 0, 0, 0, 0);

SET @GUID := 55802;
DELETE FROM `creature` WHERE `guid` = @GUID;
INSERT INTO `creature` VALUES (55802, 16221, 530, 1, 0, 0, 9151.62, -6702.86, 24.3109, 5.83393, 360, 0, 0, 1215, 0, 0, 2);
DELETE FROM `creature_addon` WHERE `guid` = @GUID;
INSERT INTO `creature_addon` (`guid`,`path_id`,`mount`,`bytes0`,`bytes1`,`bytes2`,`emote`,`moveflags`,`auras`) VALUES (@GUID,@GUID,0,0,0,4097,0,0,NULL);
DELETE FROM `waypoint_data` WHERE `id` = @GUID;
INSERT INTO `waypoint_data` VALUES (55802, 1, 9151.62, -6702.86, 24.3109, 1000, 0, 0, 0, 0); -- 1622101
INSERT INTO `waypoint_data` VALUES (55802, 2, 9175.54, -6714.2, 26.0494, 0, 0, 0, 0, 0);
INSERT INTO `waypoint_data` VALUES (55802, 3, 9200.73, -6718.44, 25.8468, 0, 0, 0, 0, 0);
INSERT INTO `waypoint_data` VALUES (55802, 4, 9209.32, -6722.74, 25.632, 0, 0, 0, 0, 0);
INSERT INTO `waypoint_data` VALUES (55802, 5, 9221.76, -6734.95, 25.2283, 0, 0, 0, 0, 0);
INSERT INTO `waypoint_data` VALUES (55802, 6, 9237.28, -6759.91, 24.9455, 0, 0, 0, 0, 0);
INSERT INTO `waypoint_data` VALUES (55802, 7, 9244.59, -6788.33, 23.7142, 0, 0, 0, 0, 0);
INSERT INTO `waypoint_data` VALUES (55802, 8, 9246.93, -6818.23, 19.3459, 0, 0, 0, 0, 0);
INSERT INTO `waypoint_data` VALUES (55802, 9, 9243.49, -6833.1, 17.0062, 0, 0, 0, 0, 0);
INSERT INTO `waypoint_data` VALUES (55802, 10, 9224.17, -6858.76, 12.2348, 5000, 0, 0, 0, 0);
INSERT INTO `waypoint_data` VALUES (55802, 11, 9245.08, -6830.3, 17.4443, 0, 0, 0, 0, 0);
INSERT INTO `waypoint_data` VALUES (55802, 12, 9245.33, -6792.53, 23.2525, 0, 0, 0, 0, 0);
INSERT INTO `waypoint_data` VALUES (55802, 13, 9240.97, -6767.78, 24.67, 0, 0, 0, 0, 0);
INSERT INTO `waypoint_data` VALUES (55802, 14, 9224.66, -6739.66, 25.1088, 0, 0, 0, 0, 0);
INSERT INTO `waypoint_data` VALUES (55802, 15, 9214, -6727.22, 25.3519, 0, 0, 0, 0, 0);
INSERT INTO `waypoint_data` VALUES (55802, 16, 9203.12, -6718.08, 25.8748, 0, 0, 0, 0, 0);
INSERT INTO `waypoint_data` VALUES (55802, 17, 9177.27, -6714.54, 26.1012, 0, 0, 0, 0, 0);
INSERT INTO `waypoint_data` VALUES (55802, 18, 9152.85, -6704.02, 24.4276, 0, 0, 0, 0, 0);
INSERT INTO `waypoint_data` VALUES (55802, 19, 9130.06, -6693.25, 23.2046, 0, 0, 0, 0, 0);
INSERT INTO `waypoint_data` VALUES (55802, 20, 9100.87, -6685.34, 20.8723, 0, 0, 0, 0, 0);
INSERT INTO `waypoint_data` VALUES (55802, 21, 9083.46, -6682.89, 19.3495, 0, 0, 0, 0, 0);
INSERT INTO `waypoint_data` VALUES (55802, 22, 9065.56, -6682.98, 16.7473, 5000, 0, 0, 0, 0);
INSERT INTO `waypoint_data` VALUES (55802, 23, 9093.29, -6683.31, 20.3039, 0, 0, 0, 0, 0);
INSERT INTO `waypoint_data` VALUES (55802, 24, 9101.51, -6680.65, 20.9162, 0, 0, 0, 0, 0);
INSERT INTO `waypoint_data` VALUES (55802, 25, 9103.88, -6674.12, 21.7294, 0, 0, 0, 0, 0);
INSERT INTO `waypoint_data` VALUES (55802, 26, 9099.35, -6657.52, 22.0418, 0, 0, 0, 0, 0);
INSERT INTO `waypoint_data` VALUES (55802, 27, 9102.42, -6647.26, 23.2374, 0, 0, 0, 0, 0);
INSERT INTO `waypoint_data` VALUES (55802, 28, 9121.32, -6626.45, 26.7952, 0, 0, 0, 0, 0);
INSERT INTO `waypoint_data` VALUES (55802, 29, 9136.62, -6618.55, 29.0918, 0, 0, 0, 0, 0);
INSERT INTO `waypoint_data` VALUES (55802, 30, 9157.46, -6615.65, 30.7248, 0, 0, 0, 0, 0);
INSERT INTO `waypoint_data` VALUES (55802, 31, 9168.71, -6610.88, 31.2371, 0, 0, 0, 0, 0);
INSERT INTO `waypoint_data` VALUES (55802, 32, 9179.42, -6600.27, 31.8366, 0, 0, 0, 0, 0);
INSERT INTO `waypoint_data` VALUES (55802, 33, 9193.47, -6583.44, 32.6952, 0, 0, 0, 0, 0);
INSERT INTO `waypoint_data` VALUES (55802, 34, 9224.49, -6560.81, 31.9586, 0, 0, 0, 0, 0);
INSERT INTO `waypoint_data` VALUES (55802, 35, 9245.92, -6548.87, 31.942, 0, 0, 0, 0, 0);
INSERT INTO `waypoint_data` VALUES (55802, 36, 9258.16, -6547.53, 33.2162, 0, 0, 0, 0, 0);
INSERT INTO `waypoint_data` VALUES (55802, 37, 9291.08, -6553.81, 34.5914, 0, 0, 0, 0, 0);
INSERT INTO `waypoint_data` VALUES (55802, 38, 9296.64, -6552.64, 34.6026, 0, 0, 0, 0, 0);
INSERT INTO `waypoint_data` VALUES (55802, 39, 9301.53, -6550.26, 34.6231, 0, 0, 0, 0, 0);
INSERT INTO `waypoint_data` VALUES (55802, 40, 9305.17, -6546.33, 34.6403, 5000, 0, 0, 0, 0);
INSERT INTO `waypoint_data` VALUES (55802, 41, 9296.7, -6552.85, 34.602, 0, 0, 0, 0, 0);
INSERT INTO `waypoint_data` VALUES (55802, 42, 9289.65, -6554.36, 34.5911, 0, 0, 0, 0, 0);
INSERT INTO `waypoint_data` VALUES (55802, 43, 9258.17, -6547.61, 33.2113, 0, 0, 0, 0, 0);
INSERT INTO `waypoint_data` VALUES (55802, 44, 9245.94, -6549.07, 31.9428, 0, 0, 0, 0, 0);
INSERT INTO `waypoint_data` VALUES (55802, 45, 9224.78, -6560.53, 31.9582, 0, 0, 0, 0, 0);
INSERT INTO `waypoint_data` VALUES (55802, 46, 9193.19, -6583.57, 32.6867, 0, 0, 0, 0, 0);
INSERT INTO `waypoint_data` VALUES (55802, 47, 9185.34, -6590.89, 32.376, 0, 0, 0, 0, 0);
INSERT INTO `waypoint_data` VALUES (55802, 48, 9174.6, -6606.27, 31.49, 0, 0, 0, 0, 0);
INSERT INTO `waypoint_data` VALUES (55802, 49, 9168.63, -6611.54, 31.2102, 0, 0, 0, 0, 0);
INSERT INTO `waypoint_data` VALUES (55802, 50, 9155.36, -6616.81, 30.5532, 0, 0, 0, 0, 0);
INSERT INTO `waypoint_data` VALUES (55802, 51, 9137.52, -6618.39, 29.2279, 0, 0, 0, 0, 0);
INSERT INTO `waypoint_data` VALUES (55802, 52, 9127.76, -6621.33, 27.8341, 0, 0, 0, 0, 0);
INSERT INTO `waypoint_data` VALUES (55802, 53, 9107.5, -6640.04, 24.401, 0, 0, 0, 0, 0);
INSERT INTO `waypoint_data` VALUES (55802, 54, 9099.88, -6651.96, 22.5778, 0, 0, 0, 0, 0);
INSERT INTO `waypoint_data` VALUES (55802, 55, 9098.93, -6659.86, 21.8473, 0, 0, 0, 0, 0);
INSERT INTO `waypoint_data` VALUES (55802, 56, 9104.61, -6676.34, 21.5272, 0, 0, 0, 0, 0);
INSERT INTO `waypoint_data` VALUES (55802, 57, 9103.24, -6680.22, 21.0557, 0, 0, 0, 0, 0);
INSERT INTO `waypoint_data` VALUES (55802, 58, 9098.15, -6683.2, 20.6473, 0, 0, 0, 0, 0);
INSERT INTO `waypoint_data` VALUES (55802, 59, 9064.97, -6683.33, 16.6582, 5000, 0, 0, 0, 0);
INSERT INTO `waypoint_data` VALUES (55802, 60, 9101.57, -6684.97, 20.8846, 0, 0, 0, 0, 0);
INSERT INTO `waypoint_data` VALUES (55802, 61, 9130.73, -6693.28, 23.2326, 1000, 0, 0, 0, 0); -- 1622102
INSERT INTO `waypoint_data` VALUES (55802, 62, 9151.19, -6702.86, 24.2903, 0, 0, 0, 0, 0);

SET @GUID := 57532;
UPDATE `creature` SET `MovementType`= 2 WHERE `guid` = @GUID;
DELETE FROM `creature_addon` WHERE `guid` = @GUID;
INSERT INTO `creature_addon` (`guid`,`path_id`,`mount`,`bytes0`,`bytes1`,`bytes2`,`emote`,`moveflags`,`auras`) VALUES (@GUID,@GUID,0,0,0,4097,0,0,NULL);
DELETE FROM `waypoint_data` WHERE `id` = @GUID;
INSERT INTO `waypoint_data` VALUES (57532, 1, 193.875, 2691.79, 90.4446, 0, 0, 0, 0, 0);
INSERT INTO `waypoint_data` VALUES (57532, 2, 191.2, 2691.52, 88.8684, 0, 0, 0, 0, 0);
INSERT INTO `waypoint_data` VALUES (57532, 3, 157.955, 2682.04, 84.7984, 0, 0, 0, 0, 0);
INSERT INTO `waypoint_data` VALUES (57532, 4, 141.394, 2682.27, 85.0582, 0, 0, 0, 0, 0);
INSERT INTO `waypoint_data` VALUES (57532, 5, 132.142, 2680.31, 84.5387, 0, 0, 0, 0, 0);
INSERT INTO `waypoint_data` VALUES (57532, 6, 127.41, 2674.16, 83.792, 0, 0, 0, 0, 0);
INSERT INTO `waypoint_data` VALUES (57532, 7, 130.227, 2665.74, 84.1191, 0, 0, 0, 0, 0);
INSERT INTO `waypoint_data` VALUES (57532, 8, 149.295, 2655.32, 85.7645, 0, 0, 0, 0, 0);
INSERT INTO `waypoint_data` VALUES (57532, 9, 173.005, 2636.76, 86.6589, 0, 0, 0, 0, 0);
INSERT INTO `waypoint_data` VALUES (57532, 10, 187.296, 2615.96, 87.2837, 0, 0, 0, 0, 0);
INSERT INTO `waypoint_data` VALUES (57532, 11, 185.294, 2610.45, 87.2837, 0, 0, 0, 0, 0);
INSERT INTO `waypoint_data` VALUES (57532, 12, 185.983, 2605.4, 87.2837, 0, 0, 0, 0, 0);
INSERT INTO `waypoint_data` VALUES (57532, 13, 189.477, 2601.48, 87.2837, 0, 0, 0, 0, 0);
INSERT INTO `waypoint_data` VALUES (57532, 14, 193.971, 2600.82, 87.2837, 0, 0, 0, 0, 0);
INSERT INTO `waypoint_data` VALUES (57532, 15, 199.045, 2603.43, 87.2837, 0, 0, 0, 0, 0);
INSERT INTO `waypoint_data` VALUES (57532, 16, 200.401, 2608.22, 87.2837, 0, 0, 0, 0, 0);
INSERT INTO `waypoint_data` VALUES (57532, 17, 198.212, 2611.95, 87.2837, 0, 0, 0, 0, 0);
INSERT INTO `waypoint_data` VALUES (57532, 18, 186.073, 2618.92, 87.2837, 0, 0, 0, 0, 0);
INSERT INTO `waypoint_data` VALUES (57532, 19, 180.859, 2625.11, 87.8267, 0, 0, 0, 0, 0);
INSERT INTO `waypoint_data` VALUES (57532, 20, 164.915, 2644.56, 86.2701, 0, 0, 0, 0, 0);
INSERT INTO `waypoint_data` VALUES (57532, 21, 145.338, 2655.01, 85.4967, 0, 0, 0, 0, 0);
INSERT INTO `waypoint_data` VALUES (57532, 22, 135.465, 2662.14, 84.5251, 0, 0, 0, 0, 0);
INSERT INTO `waypoint_data` VALUES (57532, 23, 130.392, 2669.21, 84.0476, 0, 0, 0, 0, 0);
INSERT INTO `waypoint_data` VALUES (57532, 24, 130.433, 2676.11, 84.0992, 0, 0, 0, 0, 0);
INSERT INTO `waypoint_data` VALUES (57532, 25, 134.531, 2681.19, 84.7492, 0, 0, 0, 0, 0);
INSERT INTO `waypoint_data` VALUES (57532, 26, 149.893, 2685.69, 85.0317, 0, 0, 0, 0, 0);
INSERT INTO `waypoint_data` VALUES (57532, 27, 191.088, 2690.85, 88.8187, 0, 0, 0, 0, 0);
INSERT INTO `waypoint_data` VALUES (57532, 28, 193.292, 2691.13, 90.313, 0, 0, 0, 0, 0);
INSERT INTO `waypoint_data` VALUES (57532, 29, 216.744, 2693.81, 91.565, 0, 0, 0, 0, 0);
INSERT INTO `waypoint_data` VALUES (57532, 30, 225.475, 2680.62, 90.6967, 0, 0, 0, 0, 0);
INSERT INTO `waypoint_data` VALUES (57532, 31, 239.822, 2680.8, 90.7032, 0, 0, 0, 0, 0);
INSERT INTO `waypoint_data` VALUES (57532, 32, 247.639, 2683.32, 90.7032, 0, 0, 0, 0, 0);
INSERT INTO `waypoint_data` VALUES (57532, 33, 255.599, 2691.21, 90.7032, 0, 0, 0, 0, 0);
INSERT INTO `waypoint_data` VALUES (57532, 34, 254.618, 2704.87, 90.7033, 0, 0, 0, 0, 0);
INSERT INTO `waypoint_data` VALUES (57532, 35, 244.664, 2714.81, 90.7033, 0, 0, 0, 0, 0);
INSERT INTO `waypoint_data` VALUES (57532, 36, 225.82, 2712.12, 90.7023, 0, 0, 0, 0, 0);
INSERT INTO `waypoint_data` VALUES (57532, 37, 220.749, 2707.72, 90.7025, 0, 0, 0, 0, 0);
INSERT INTO `waypoint_data` VALUES (57532, 38, 218.562, 2694.82, 90.8683, 0, 0, 0, 0, 0);
INSERT INTO `waypoint_data` VALUES (57532, 39, 199.561, 2692.09, 90.7037, 0, 0, 0, 0, 0);

SET @GUID := 57537;
UPDATE `creature` SET `MovementType`= 2 WHERE `guid` = @GUID;
DELETE FROM `creature_addon` WHERE `guid` = @GUID;
INSERT INTO `creature_addon` (`guid`,`path_id`,`mount`,`bytes0`,`bytes1`,`bytes2`,`emote`,`moveflags`,`auras`) VALUES (@GUID,@GUID,0,0,0,4097,0,0,NULL);
DELETE FROM `waypoint_data` WHERE `id` = @GUID;
INSERT INTO `waypoint_data` VALUES (57537, 1, -1334.61, 2361.44, 88.952, 0, 0, 0, 0, 0);
INSERT INTO `waypoint_data` VALUES (57537, 2, -1326.63, 2356.51, 88.9537, 0, 0, 0, 0, 0);
INSERT INTO `waypoint_data` VALUES (57537, 3, -1319.9, 2360.74, 88.9537, 0, 0, 0, 0, 0);
INSERT INTO `waypoint_data` VALUES (57537, 4, -1316.27, 2374.49, 88.5711, 0, 0, 0, 0, 0);
INSERT INTO `waypoint_data` VALUES (57537, 5, -1311.84, 2380.79, 86.4663, 0, 0, 0, 0, 0);
INSERT INTO `waypoint_data` VALUES (57537, 6, -1305.65, 2385.17, 83.8705, 0, 0, 0, 0, 0);
INSERT INTO `waypoint_data` VALUES (57537, 7, -1300.34, 2386.99, 81.7855, 60000, 0, 0, 0, 0);
INSERT INTO `waypoint_data` VALUES (57537, 8, -1314.47, 2380.93, 87.1559, 0, 0, 0, 0, 0);
INSERT INTO `waypoint_data` VALUES (57537, 9, -1317.66, 2376, 88.5791, 0, 0, 0, 0, 0);
INSERT INTO `waypoint_data` VALUES (57537, 10, -1321.38, 2374.12, 88.873, 0, 0, 0, 0, 0);
INSERT INTO `waypoint_data` VALUES (57537, 11, -1323.15, 2376.17, 88.8695, 30000, 0, 0, 0, 0);
INSERT INTO `waypoint_data` VALUES (57537, 12, -1322.26, 2373.85, 88.9045, 0, 0, 0, 0, 0);
INSERT INTO `waypoint_data` VALUES (57537, 13, -1318.56, 2374.65, 88.7012, 0, 0, 0, 0, 0);
INSERT INTO `waypoint_data` VALUES (57537, 14, -1313.77, 2380.42, 87.0546, 0, 0, 0, 0, 0);
INSERT INTO `waypoint_data` VALUES (57537, 15, -1307.63, 2384.66, 84.5135, 0, 0, 0, 0, 0);
INSERT INTO `waypoint_data` VALUES (57537, 16, -1299.73, 2387.06, 81.5404, 60000, 0, 0, 0, 0);
INSERT INTO `waypoint_data` VALUES (57537, 17, -1313.26, 2383.31, 86.4903, 0, 0, 0, 0, 0);
INSERT INTO `waypoint_data` VALUES (57537, 18, -1322.3, 2388.47, 88.4279, 0, 0, 0, 0, 0);
INSERT INTO `waypoint_data` VALUES (57537, 19, -1327.29, 2387.27, 88.8594, 0, 0, 0, 0, 0);
INSERT INTO `waypoint_data` VALUES (57537, 20, -1331.12, 2383.82, 88.9524, 0, 0, 0, 0, 0);
INSERT INTO `waypoint_data` VALUES (57537, 21, -1333.59, 2377.26, 88.9512, 0, 0, 0, 0, 0);
INSERT INTO `waypoint_data` VALUES (57537, 22, -1340.06, 2370.25, 88.9512, 5000, 0, 0, 0, 0);

SET @GUID := 57576;
UPDATE `creature` SET `MovementType`= 2 WHERE `guid` = @GUID;
DELETE FROM `creature_addon` WHERE `guid` = @GUID;
INSERT INTO `creature_addon` (`guid`,`path_id`,`mount`,`bytes0`,`bytes1`,`bytes2`,`emote`,`moveflags`,`auras`) VALUES (@GUID,@GUID,0,0,0,4097,0,0,NULL);
DELETE FROM `waypoint_data` WHERE `id` = @GUID;
INSERT INTO `waypoint_data` VALUES (57576, 1, 23.7, 2677.07, 76.7947, 0, 0, 0, 0, 0);
INSERT INTO `waypoint_data` VALUES (57576, 2, 29.5186, 2662.79, 75.5889, 0, 0, 0, 0, 0);
INSERT INTO `waypoint_data` VALUES (57576, 3, 36.7549, 2663.57, 76.6482, 0, 0, 0, 0, 0);
INSERT INTO `waypoint_data` VALUES (57576, 4, 57.1088, 2670.26, 79.1019, 0, 0, 0, 0, 0);
INSERT INTO `waypoint_data` VALUES (57576, 5, 65.1478, 2663.53, 79.9572, 0, 0, 0, 0, 0);
INSERT INTO `waypoint_data` VALUES (57576, 6, 68.2604, 2653.86, 80.6543, 0, 0, 0, 0, 0);
INSERT INTO `waypoint_data` VALUES (57576, 7, 66.6964, 2647.89, 79.1051, 60000, 0, 0, 0, 0);
INSERT INTO `waypoint_data` VALUES (57576, 8, 69.3452, 2654.17, 80.9377, 0, 0, 0, 0, 0);
INSERT INTO `waypoint_data` VALUES (57576, 9, 65.8566, 2661.81, 80.4231, 0, 0, 0, 0, 0);
INSERT INTO `waypoint_data` VALUES (57576, 10, 54.4738, 2667.41, 78.6493, 0, 0, 0, 0, 0);
INSERT INTO `waypoint_data` VALUES (57576, 11, 41.6966, 2665.8, 77.3675, 0, 0, 0, 0, 0);
INSERT INTO `waypoint_data` VALUES (57576, 12, 31.8775, 2658.08, 75.2857, 0, 0, 0, 0, 0);
INSERT INTO `waypoint_data` VALUES (57576, 13, 32.2505, 2643.01, 74.3166, 0, 0, 0, 0, 0);
INSERT INTO `waypoint_data` VALUES (57576, 14, 35.6496, 2635.57, 75.9404, 0, 0, 0, 0, 0);
INSERT INTO `waypoint_data` VALUES (57576, 15, 41.5567, 2626.67, 74.4366, 0, 0, 0, 0, 0);
INSERT INTO `waypoint_data` VALUES (57576, 16, 45.3727, 2626.16, 73.861, 60000, 0, 0, 0, 0);
INSERT INTO `waypoint_data` VALUES (57576, 17, 42.0584, 2627.08, 74.4471, 0, 0, 0, 0, 0);
INSERT INTO `waypoint_data` VALUES (57576, 18, 33.2927, 2635.99, 75.411, 0, 0, 0, 0, 0);
INSERT INTO `waypoint_data` VALUES (57576, 19, 32.4661, 2641.63, 74.3467, 0, 0, 0, 0, 0);
INSERT INTO `waypoint_data` VALUES (57576, 20, 27.458, 2663.08, 75.3224, 0, 0, 0, 0, 0);
INSERT INTO `waypoint_data` VALUES (57576, 21, 24.2932, 2669.6, 76.2387, 0, 0, 0, 0, 0);
INSERT INTO `waypoint_data` VALUES (57576, 22, 23.1339, 2680.03, 76.8103, 0, 0, 0, 0, 0);
INSERT INTO `waypoint_data` VALUES (57576, 23, 26.3861, 2681.9, 77.2808, 60000, 0, 0, 0, 0);

SET @GUID := 57608;
UPDATE `creature` SET `MovementType`= 2 WHERE `guid` = @GUID;
DELETE FROM `creature_addon` WHERE `guid` = @GUID;
INSERT INTO `creature_addon` (`guid`,`path_id`,`mount`,`bytes0`,`bytes1`,`bytes2`,`emote`,`moveflags`,`auras`) VALUES (@GUID,@GUID,0,0,0,4097,0,0,NULL);
DELETE FROM `waypoint_data` WHERE `id` = @GUID;
INSERT INTO `waypoint_data` VALUES (57608, 1, 9572.41, -7060.69, 18.6436, 30000, 0, 0, 100, 0);
INSERT INTO `waypoint_data` VALUES (57608, 2, 9581.56, -7062.5, 18.6436, 0, 0, 0, 100, 0);
INSERT INTO `waypoint_data` VALUES (57608, 3, 9590.1, -7060.46, 18.6436, 30000, 0, 0, 100, 0); -- 1661101
INSERT INTO `waypoint_data` VALUES (57608, 4, 9587.3, -7060.51, 18.6436, 0, 0, 0, 100, 0);
INSERT INTO `waypoint_data` VALUES (57608, 5, 9586.82, -7062.25, 18.6436, 20000, 0, 0, 100, 0);
INSERT INTO `waypoint_data` VALUES (57608, 6, 9581.68, -7062.86, 18.6436, 0, 0, 0, 100, 0);
INSERT INTO `waypoint_data` VALUES (57608, 7, 9571.29, -7061.17, 18.6436, 0, 0, 0, 100, 0);
INSERT INTO `waypoint_data` VALUES (57608, 8, 9572.41, -7060.69, 18.6436, 180000, 0, 0, 100, 0);

SET @GUID := 57621;
UPDATE `creature` SET `MovementType`= 2 WHERE `guid` = @GUID;
DELETE FROM `creature_addon` WHERE `guid` = @GUID;
INSERT INTO `creature_addon` (`guid`,`path_id`,`mount`,`bytes0`,`bytes1`,`bytes2`,`emote`,`moveflags`,`auras`) VALUES (@GUID,@GUID,0,0,0,4097,0,0,NULL);
DELETE FROM `waypoint_data` WHERE `id` = @GUID;
INSERT INTO `waypoint_data` VALUES (57621, 1, 9453.12, -7138.64, 16.1464, 45000, 0, 0, 100, 0);
INSERT INTO `waypoint_data` VALUES (57621, 2, 9455.66, -7135.42, 16.1352, 0, 0, 0, 100, 0);
INSERT INTO `waypoint_data` VALUES (57621, 3, 9453.97, -7134.69, 16.1431, 30000, 0, 0, 100, 0); -- 1662601
INSERT INTO `waypoint_data` VALUES (57621, 4, 9451.15, -7138.66, 16.1464, 30000, 0, 0, 100, 0); -- 1662601
INSERT INTO `waypoint_data` VALUES (57621, 5, 9453.12, -7138.64, 16.1464, 240000, 0, 0, 100, 0);

SET @GUID := 57637;
UPDATE `creature` SET `MovementType`= 2 WHERE `guid` = @GUID;
DELETE FROM `creature_addon` WHERE `guid` = @GUID;
INSERT INTO `creature_addon` (`guid`,`path_id`,`mount`,`bytes0`,`bytes1`,`bytes2`,`emote`,`moveflags`,`auras`) VALUES (@GUID,@GUID,0,0,0,4097,0,0,NULL);
DELETE FROM `waypoint_data` WHERE `id` = @GUID;
INSERT INTO `waypoint_data` VALUES (57637, 1, 10013.3, -7214.86, 32.0748, 30000, 0, 0, 100, 0);
INSERT INTO `waypoint_data` VALUES (57637, 2, 10013.5, -7217.56, 32.0748, 0, 0, 0, 100, 0);
INSERT INTO `waypoint_data` VALUES (57637, 3, 10016.2, -7218.02, 32.0748, 20000, 0, 0, 100, 0); -- 1664301
INSERT INTO `waypoint_data` VALUES (57637, 4, 10014.7, -7217.3, 32.0764, 0, 0, 0, 100, 0);
INSERT INTO `waypoint_data` VALUES (57637, 5, 10017.5, -7213.64, 32.0764, 0, 0, 0, 100, 0);
INSERT INTO `waypoint_data` VALUES (57637, 6, 10017.7, -7210.42, 32.0756, 6000, 0, 0, 100, 0); -- 1664302
INSERT INTO `waypoint_data` VALUES (57637, 7, 10017.5, -7213.48, 32.0764, 0, 0, 0, 100, 0);
INSERT INTO `waypoint_data` VALUES (57637, 8, 10013.3, -7214.86, 32.0748, 0, 0, 0, 100, 0);
INSERT INTO `waypoint_data` VALUES (57637, 9, 10013.3, -7214.86, 32.0748, 240000, 0, 0, 100, 0);

SET @GUID := 57648;
UPDATE `creature` SET `MovementType`= 2 WHERE `guid` = @GUID;
DELETE FROM `creature_addon` WHERE `guid` = @GUID;
INSERT INTO `creature_addon` (`guid`,`path_id`,`mount`,`bytes0`,`bytes1`,`bytes2`,`emote`,`moveflags`,`auras`) VALUES (@GUID,@GUID,0,0,0,4097,0,0,NULL);
DELETE FROM `waypoint_data` WHERE `id` = @GUID;
INSERT INTO `waypoint_data` VALUES (57648, 1, 9703.85, -7267.49, 16.1144, 60000, 0, 0, 100, 0);
INSERT INTO `waypoint_data` VALUES (57648, 2, 9703.63, -7263.83, 15.9914, 0, 0, 0, 100, 0);
INSERT INTO `waypoint_data` VALUES (57648, 3, 9706.74, -7261.86, 16.5287, 30000, 0, 0, 100, 0); -- 1665501
INSERT INTO `waypoint_data` VALUES (57648, 4, 9703.75, -7263.42, 16.0209, 0, 0, 0, 100, 0);
INSERT INTO `waypoint_data` VALUES (57648, 5, 9701.5, -7261.56, 15.9065, 0, 0, 0, 100, 0);
INSERT INTO `waypoint_data` VALUES (57648, 6, 9698.97, -7258.35, 15.599, 0, 0, 0, 100, 0);
INSERT INTO `waypoint_data` VALUES (57648, 7, 9698.97, -7258.35, 15.599, 30000, 0, 0, 100, 0); -- 1665502
INSERT INTO `waypoint_data` VALUES (57648, 8, 9700.7, -7261.93, 15.7977, 0, 0, 0, 100, 0);
INSERT INTO `waypoint_data` VALUES (57648, 9, 9703.63, -7266.76, 16.0817, 0, 0, 0, 100, 0);
INSERT INTO `waypoint_data` VALUES (57648, 10, 9701.12, -7272.78, 15.8364, 0, 0, 0, 100, 0);
INSERT INTO `waypoint_data` VALUES (57648, 11, 9700.66, -7278.72, 15.5704, 30000, 0, 0, 100, 0); -- 1665502
INSERT INTO `waypoint_data` VALUES (57648, 12, 9701.32, -7272.86, 15.8672, 0, 0, 0, 100, 0);
INSERT INTO `waypoint_data` VALUES (57648, 13, 9703.85, -7267.49, 16.1144, 0, 0, 0, 100, 0);
INSERT INTO `waypoint_data` VALUES (57648, 14, 9703.85, -7267.49, 16.1144, 180000, 0, 0, 100, 0);

SET @GUID := 57656;
UPDATE `creature` SET `MovementType`= 2 WHERE `guid` = @GUID;
DELETE FROM `creature_addon` WHERE `guid` = @GUID;
INSERT INTO `creature_addon` (`guid`,`path_id`,`mount`,`bytes0`,`bytes1`,`bytes2`,`emote`,`moveflags`,`auras`) VALUES (@GUID,@GUID,0,0,0,4097,0,0,NULL);
DELETE FROM `waypoint_data` WHERE `id` = @GUID;
INSERT INTO `waypoint_data` VALUES (57656, 1, 9651.49, -7040.08, 15.2471, 0, 0, 0, 100, 0);
INSERT INTO `waypoint_data` VALUES (57656, 2, 9652.64, -7034.86, 15.26, 0, 0, 0, 100, 0);
INSERT INTO `waypoint_data` VALUES (57656, 3, 9647.81, -7031.98, 15.2677, 0, 0, 0, 100, 0);
INSERT INTO `waypoint_data` VALUES (57656, 4, 9648.98, -7029.66, 15.2674, 0, 0, 0, 100, 0);
INSERT INTO `waypoint_data` VALUES (57656, 5, 9650.64, -7037.8, 15.2478, 0, 0, 0, 100, 0);
INSERT INTO `waypoint_data` VALUES (57656, 6, 9644.82, -7038.16, 15.2464, 0, 0, 0, 100, 0);

SET @GUID := 57657;
UPDATE `creature` SET `MovementType`= 2 WHERE `guid` = @GUID;
DELETE FROM `creature_addon` WHERE `guid` = @GUID;
INSERT INTO `creature_addon` (`guid`,`path_id`,`mount`,`bytes0`,`bytes1`,`bytes2`,`emote`,`moveflags`,`auras`) VALUES (@GUID,@GUID,0,0,0,4097,0,0,NULL);
DELETE FROM `waypoint_data` WHERE `id` = @GUID;
INSERT INTO `waypoint_data` VALUES (57657, 1, 9822.16, -7333.16, 26.3, 30000, 0, 0, 100, 0);
INSERT INTO `waypoint_data` VALUES (57657, 2, 9822.35, -7331.03, 26.2814, 0, 0, 0, 100, 0);
INSERT INTO `waypoint_data` VALUES (57657, 3, 9820.39, -7329.52, 26.2814, 0, 0, 0, 100, 0);
INSERT INTO `waypoint_data` VALUES (57657, 4, 9819.43, -7330.37, 26.2814, 30000, 0, 0, 100, 0); -- 1666701
INSERT INTO `waypoint_data` VALUES (57657, 5, 9820.59, -7329.88, 26.2814, 0, 0, 0, 100, 0);
INSERT INTO `waypoint_data` VALUES (57657, 6, 9821.49, -7331.48, 26.2814, 0, 0, 0, 100, 0);
INSERT INTO `waypoint_data` VALUES (57657, 7, 9821.25, -7331.97, 26.2814, 30000, 0, 0, 100, 0); -- 1666702
INSERT INTO `waypoint_data` VALUES (57657, 8, 9822.16, -7333.16, 26.3, 0, 0, 0, 100, 0);
INSERT INTO `waypoint_data` VALUES (57657, 9, 9822.16, -7333.16, 26.3, 200000, 0, 0, 100, 0);

UPDATE `creature` SET `position_x` = '9841.98', `position_y` = '-7362.39', `position_z` = '18.5945', `orientation` = '4.79965', `spawndist` = '0', `MovementType` = '0' WHERE `guid` = 57659;

SET @GUID := 57661;
UPDATE `creature` SET `MovementType`= 2 WHERE `guid` = @GUID;
DELETE FROM `creature_addon` WHERE `guid` = @GUID;
INSERT INTO `creature_addon` (`guid`,`path_id`,`mount`,`bytes0`,`bytes1`,`bytes2`,`emote`,`moveflags`,`auras`) VALUES (@GUID,@GUID,0,0,0,4097,0,0,NULL);
DELETE FROM `waypoint_data` WHERE `id` = @GUID;
INSERT INTO `waypoint_data` VALUES (57661, 1, 9859.67, -7361.79, 18.5932, 30000, 0, 0, 100, 0);
INSERT INTO `waypoint_data` VALUES (57661, 2, 9858.73, -7363.12, 18.5903, 60000, 0, 0, 100, 0); -- 1667101
INSERT INTO `waypoint_data` VALUES (57661, 3, 9859.67, -7361.79, 18.5932, 1000, 0, 0, 100, 0);
INSERT INTO `waypoint_data` VALUES (57661, 4, 9859.67, -7361.79, 18.5932, 240000, 0, 0, 100, 0);

SET @GUID := 57682;
UPDATE `creature` SET `MovementType`= 2 WHERE `guid` = @GUID;
DELETE FROM `creature_addon` WHERE `guid` = @GUID;
INSERT INTO `creature_addon` (`guid`,`path_id`,`mount`,`bytes0`,`bytes1`,`bytes2`,`emote`,`moveflags`,`auras`) VALUES (@GUID,@GUID,0,0,0,4097,0,0,NULL);
DELETE FROM `waypoint_data` WHERE `id` = @GUID;
INSERT INTO `waypoint_data` VALUES (57682, 1, 9451.74, -7122.86, 16.1462, 30000, 0, 0, 100, 0);
INSERT INTO `waypoint_data` VALUES (57682, 2, 9452.37, -7125.35, 16.1465, 30000, 0, 0, 100, 0); -- 1669301
INSERT INTO `waypoint_data` VALUES (57682, 3, 9451.99, -7128.64, 16.1465, 30000, 0, 0, 100, 0); -- 1669301
INSERT INTO `waypoint_data` VALUES (57682, 4, 9451.74, -7122.86, 16.1462, 0, 0, 0, 100, 0);
INSERT INTO `waypoint_data` VALUES (57682, 5, 9451.74, -7122.86, 16.1462, 30000, 0, 0, 100, 0);

SET @GUID := 58236;
UPDATE `creature` SET `MovementType`= 2 WHERE `guid` = @GUID;
DELETE FROM `creature_addon` WHERE `guid` = @GUID;
INSERT INTO `creature_addon` (`guid`,`path_id`,`mount`,`bytes0`,`bytes1`,`bytes2`,`emote`,`moveflags`,`auras`) VALUES (@GUID,@GUID,0,0,0,4097,0,0,NULL);
DELETE FROM `waypoint_data` WHERE `id` = @GUID;
INSERT INTO `waypoint_data` VALUES (58236, 1, -1024.86, 2199.93, 16.0507, 0, 0, 0, 0, 0);
INSERT INTO `waypoint_data` VALUES (58236, 2, -1043.71, 2205.85, 18.2739, 0, 0, 0, 0, 0);
INSERT INTO `waypoint_data` VALUES (58236, 3, -1068.3, 2213.88, 22.7967, 0, 0, 0, 0, 0);
INSERT INTO `waypoint_data` VALUES (58236, 4, -1092.91, 2219.38, 27.9263, 0, 0, 0, 0, 0);
INSERT INTO `waypoint_data` VALUES (58236, 5, -1117.16, 2221.18, 33.0392, 0, 0, 0, 0, 0);
INSERT INTO `waypoint_data` VALUES (58236, 6, -1134.75, 2216.39, 37.4685, 0, 0, 0, 0, 0);
INSERT INTO `waypoint_data` VALUES (58236, 7, -1149.06, 2203.35, 42.9657, 0, 0, 0, 0, 0);
INSERT INTO `waypoint_data` VALUES (58236, 8, -1155.48, 2189.72, 48.2462, 0, 0, 0, 0, 0);
INSERT INTO `waypoint_data` VALUES (58236, 9, -1158.35, 2175.26, 53.319, 0, 0, 0, 0, 0);
INSERT INTO `waypoint_data` VALUES (58236, 10, -1152.85, 2194.93, 46.0027, 0, 0, 0, 0, 0);
INSERT INTO `waypoint_data` VALUES (58236, 11, -1145.53, 2212.2, 40.6077, 0, 0, 0, 0, 0);
INSERT INTO `waypoint_data` VALUES (58236, 12, -1128.85, 2223.86, 35.3135, 0, 0, 0, 0, 0);
INSERT INTO `waypoint_data` VALUES (58236, 13, -1109.89, 2228.37, 30.7806, 0, 0, 0, 0, 0);
INSERT INTO `waypoint_data` VALUES (58236, 14, -1083.28, 2225.96, 25.7495, 0, 0, 0, 0, 0);
INSERT INTO `waypoint_data` VALUES (58236, 15, -1061.53, 2221.22, 21.2006, 0, 0, 0, 0, 0);
INSERT INTO `waypoint_data` VALUES (58236, 16, -1035.28, 2215.97, 16.6068, 0, 0, 0, 0, 0);
INSERT INTO `waypoint_data` VALUES (58236, 17, -1000.94, 2193.2, 13.8464, 0, 0, 0, 0, 0);
INSERT INTO `waypoint_data` VALUES (58236, 18, -976.253, 2185.78, 15.2738, 0, 0, 0, 0, 0);
INSERT INTO `waypoint_data` VALUES (58236, 19, -955.033, 2175.5, 14.9072, 0, 0, 0, 0, 0);
INSERT INTO `waypoint_data` VALUES (58236, 20, -934.932, 2161.59, 15.0371, 0, 0, 0, 0, 0);
INSERT INTO `waypoint_data` VALUES (58236, 21, -910.531, 2137.36, 16.3468, 0, 0, 0, 0, 0);
INSERT INTO `waypoint_data` VALUES (58236, 22, -932.735, 2160.22, 14.8823, 0, 0, 0, 0, 0);
INSERT INTO `waypoint_data` VALUES (58236, 23, -955.265, 2176.38, 14.7504, 0, 0, 0, 0, 0);
INSERT INTO `waypoint_data` VALUES (58236, 24, -980.067, 2185.16, 15.1836, 0, 0, 0, 0, 0);
INSERT INTO `waypoint_data` VALUES (58236, 25, -1001.41, 2192.61, 13.9525, 0, 0, 0, 0, 0);

SET @GUID := 58237;
UPDATE `creature` SET `MovementType`= 2 WHERE `guid` = @GUID;
DELETE FROM `creature_addon` WHERE `guid` = @GUID;
INSERT INTO `creature_addon` (`guid`,`path_id`,`mount`,`bytes0`,`bytes1`,`bytes2`,`emote`,`moveflags`,`auras`) VALUES (@GUID,@GUID,0,0,0,4097,0,0,NULL);
DELETE FROM `waypoint_data` WHERE `id` = @GUID;
INSERT INTO `waypoint_data` VALUES (58237, 1, -974.291, 2186.16, 15.1253, 0, 0, 0, 0, 0);
INSERT INTO `waypoint_data` VALUES (58237, 2, -951.808, 2177.4, 14.1062, 0, 0, 0, 0, 0);
INSERT INTO `waypoint_data` VALUES (58237, 3, -929.571, 2164.15, 13.4644, 0, 0, 0, 0, 0);
INSERT INTO `waypoint_data` VALUES (58237, 4, -902.517, 2138.79, 16.077, 0, 0, 0, 0, 0);
INSERT INTO `waypoint_data` VALUES (58237, 5, -930.448, 2172.64, 12.3099, 0, 0, 0, 0, 0);
INSERT INTO `waypoint_data` VALUES (58237, 6, -944.377, 2186.65, 11.8939, 0, 0, 0, 0, 0);
INSERT INTO `waypoint_data` VALUES (58237, 7, -983.655, 2187.45, 14.8497, 0, 0, 0, 0, 0);
INSERT INTO `waypoint_data` VALUES (58237, 8, -1007.33, 2189.93, 14.9752, 0, 0, 0, 0, 0);
INSERT INTO `waypoint_data` VALUES (58237, 9, -1030.59, 2194.99, 17.4679, 0, 0, 0, 0, 0);
INSERT INTO `waypoint_data` VALUES (58237, 10, -1057.93, 2201.25, 21.0192, 0, 0, 0, 0, 0);
INSERT INTO `waypoint_data` VALUES (58237, 11, -1083.97, 2208.65, 26.6141, 0, 0, 0, 0, 0);
INSERT INTO `waypoint_data` VALUES (58237, 12, -1107.72, 2215.39, 31.3355, 0, 0, 0, 0, 0);
INSERT INTO `waypoint_data` VALUES (58237, 13, -1131.01, 2214.46, 36.8603, 0, 0, 0, 0, 0);
INSERT INTO `waypoint_data` VALUES (58237, 14, -1142.89, 2204.85, 41.0721, 0, 0, 0, 0, 0);
INSERT INTO `waypoint_data` VALUES (58237, 15, -1152.11, 2188.75, 47.5631, 0, 0, 0, 0, 0);
INSERT INTO `waypoint_data` VALUES (58237, 16, -1155.22, 2172.22, 53.6154, 0, 0, 0, 0, 0);
INSERT INTO `waypoint_data` VALUES (58237, 17, -1153.81, 2160.07, 58.6675, 0, 0, 0, 0, 0);
INSERT INTO `waypoint_data` VALUES (58237, 18, -1154.31, 2183.87, 49.6374, 0, 0, 0, 0, 0);
INSERT INTO `waypoint_data` VALUES (58237, 19, -1150.31, 2200.56, 43.8697, 0, 0, 0, 0, 0);
INSERT INTO `waypoint_data` VALUES (58237, 20, -1139.98, 2212.49, 39.1752, 0, 0, 0, 0, 0);
INSERT INTO `waypoint_data` VALUES (58237, 21, -1126.38, 2220.28, 35.1574, 0, 0, 0, 0, 0);
INSERT INTO `waypoint_data` VALUES (58237, 22, -1101.18, 2221.35, 29.5914, 0, 0, 0, 0, 0);
INSERT INTO `waypoint_data` VALUES (58237, 23, -1072.66, 2217.09, 23.5984, 0, 0, 0, 0, 0);
INSERT INTO `waypoint_data` VALUES (58237, 24, -1045.89, 2211.76, 18.5257, 0, 0, 0, 0, 0);
INSERT INTO `waypoint_data` VALUES (58237, 25, -1023.87, 2206.67, 15.177, 0, 0, 0, 0, 0);
INSERT INTO `waypoint_data` VALUES (58237, 26, -1003.5, 2198.92, 13.5018, 0, 0, 0, 0, 0);
INSERT INTO `waypoint_data` VALUES (58237, 27, -983.176, 2187.15, 14.9128, 0, 0, 0, 0, 0);

SET @GUID := 58254;
UPDATE `creature` SET `MovementType`= 2 WHERE `guid` = @GUID;
DELETE FROM `creature_addon` WHERE `guid` = @GUID;
INSERT INTO `creature_addon` (`guid`,`path_id`,`mount`,`bytes0`,`bytes1`,`bytes2`,`emote`,`moveflags`,`auras`) VALUES (@GUID,@GUID,0,0,0,4097,0,0,NULL);
DELETE FROM `waypoint_data` WHERE `id` = @GUID;
INSERT INTO `waypoint_data` VALUES (58254, 1, -790.032, 1962.93, 45.3447, 0, 0, 0, 0, 0);
INSERT INTO `waypoint_data` VALUES (58254, 2, -809.198, 1923.56, 51.8344, 0, 0, 0, 0, 0);
INSERT INTO `waypoint_data` VALUES (58254, 3, -827.004, 1896.67, 59.7061, 0, 0, 0, 0, 0);
INSERT INTO `waypoint_data` VALUES (58254, 4, -849.344, 1879.82, 67.1254, 0, 0, 0, 0, 0);
INSERT INTO `waypoint_data` VALUES (58254, 5, -825.689, 1900.39, 58.7116, 0, 0, 0, 0, 0);
INSERT INTO `waypoint_data` VALUES (58254, 6, -808.322, 1925.15, 51.4201, 0, 0, 0, 0, 0);
INSERT INTO `waypoint_data` VALUES (58254, 7, -791.544, 1962.34, 45.315, 0, 0, 0, 0, 0);
INSERT INTO `waypoint_data` VALUES (58254, 8, -781.957, 1990.77, 40.2408, 0, 0, 0, 0, 0);
INSERT INTO `waypoint_data` VALUES (58254, 9, -773.231, 2018.09, 35.4392, 0, 0, 0, 0, 0);
INSERT INTO `waypoint_data` VALUES (58254, 10, -768.839, 2042.85, 30.9032, 0, 0, 0, 0, 0);
INSERT INTO `waypoint_data` VALUES (58254, 11, -772.551, 2061.69, 27.7752, 0, 0, 0, 0, 0);
INSERT INTO `waypoint_data` VALUES (58254, 12, -787.499, 2083.5, 23.6727, 0, 0, 0, 0, 0);
INSERT INTO `waypoint_data` VALUES (58254, 13, -823.745, 2089.21, 20.9182, 0, 0, 0, 0, 0);
INSERT INTO `waypoint_data` VALUES (58254, 14, -856.988, 2093.57, 22.2103, 0, 0, 0, 0, 0);
INSERT INTO `waypoint_data` VALUES (58254, 15, -886.28, 2099.46, 22.9353, 0, 0, 0, 0, 0);
INSERT INTO `waypoint_data` VALUES (58254, 16, -904.995, 2111.08, 21.1433, 0, 0, 0, 0, 0);
INSERT INTO `waypoint_data` VALUES (58254, 17, -922.803, 2128, 19.3213, 0, 0, 0, 0, 0);
INSERT INTO `waypoint_data` VALUES (58254, 18, -942.02, 2150.8, 16.5509, 0, 0, 0, 0, 0);
INSERT INTO `waypoint_data` VALUES (58254, 19, -959.78, 2164.99, 15.8987, 0, 0, 0, 0, 0);
INSERT INTO `waypoint_data` VALUES (58254, 20, -940.572, 2143.93, 17.6556, 0, 0, 0, 0, 0);
INSERT INTO `waypoint_data` VALUES (58254, 21, -918.177, 2118.69, 20.5409, 0, 0, 0, 0, 0);
INSERT INTO `waypoint_data` VALUES (58254, 22, -899.606, 2102.69, 22.8781, 0, 0, 0, 0, 0);
INSERT INTO `waypoint_data` VALUES (58254, 23, -874.997, 2094.67, 23.1139, 0, 0, 0, 0, 0);
INSERT INTO `waypoint_data` VALUES (58254, 24, -850.269, 2093.94, 21.4416, 0, 0, 0, 0, 0);
INSERT INTO `waypoint_data` VALUES (58254, 25, -816.176, 2094.17, 20.135, 0, 0, 0, 0, 0);
INSERT INTO `waypoint_data` VALUES (58254, 26, -793.212, 2087.5, 22.6706, 0, 0, 0, 0, 0);
INSERT INTO `waypoint_data` VALUES (58254, 27, -781.01, 2077.79, 24.9176, 0, 0, 0, 0, 0);
INSERT INTO `waypoint_data` VALUES (58254, 28, -769.776, 2061.46, 28.0881, 0, 0, 0, 0, 0);
INSERT INTO `waypoint_data` VALUES (58254, 29, -765.403, 2038.76, 31.8703, 0, 0, 0, 0, 0);
INSERT INTO `waypoint_data` VALUES (58254, 30, -769.031, 2017.48, 36.0035, 0, 0, 0, 0, 0);
INSERT INTO `waypoint_data` VALUES (58254, 31, -780.603, 1989.93, 40.5153, 0, 0, 0, 0, 0);

SET @GUID := 58628;
UPDATE `creature` SET `MovementType`= 2 WHERE `guid` = @GUID;
DELETE FROM `creature_addon` WHERE `guid` = @GUID;
INSERT INTO `creature_addon` (`guid`,`path_id`,`mount`,`bytes0`,`bytes1`,`bytes2`,`emote`,`moveflags`,`auras`) VALUES (@GUID,@GUID,0,0,0,4097,0,0,NULL);
DELETE FROM `waypoint_data` WHERE `id` = @GUID;
INSERT INTO `waypoint_data` VALUES (58628, 1, -1066.28, 2076.29, 65.2581, 0, 0, 0, 0, 0);
INSERT INTO `waypoint_data` VALUES (58628, 2, -1084.71, 2090.96, 64.0698, 0, 0, 0, 0, 0);
INSERT INTO `waypoint_data` VALUES (58628, 3, -1107.22, 2093.74, 67.0261, 0, 0, 0, 0, 0);
INSERT INTO `waypoint_data` VALUES (58628, 4, -1126.19, 2091.05, 67.6642, 0, 0, 0, 0, 0);
INSERT INTO `waypoint_data` VALUES (58628, 5, -1140.15, 2088.18, 67.046, 0, 0, 0, 0, 0);
INSERT INTO `waypoint_data` VALUES (58628, 6, -1144.39, 2084.57, 66.9404, 45000, 0, 0, 0, 0);
INSERT INTO `waypoint_data` VALUES (58628, 7, -1132.81, 2089.31, 67.6161, 0, 0, 0, 0, 0);
INSERT INTO `waypoint_data` VALUES (58628, 8, -1115.34, 2093.11, 67.5254, 0, 0, 0, 0, 0);
INSERT INTO `waypoint_data` VALUES (58628, 9, -1091.94, 2092.04, 65.1282, 0, 0, 0, 0, 0);
INSERT INTO `waypoint_data` VALUES (58628, 10, -1073.86, 2086.69, 63.2546, 0, 0, 0, 0, 0);
INSERT INTO `waypoint_data` VALUES (58628, 11, -1064.04, 2075.59, 65.6203, 0, 0, 0, 0, 0);
INSERT INTO `waypoint_data` VALUES (58628, 12, -1064.26, 2062.38, 67.3094, 45000, 0, 0, 0, 0);

SET @GUID := 58636;
UPDATE `creature` SET `MovementType`= 2 WHERE `guid` = @GUID;
DELETE FROM `creature_addon` WHERE `guid` = @GUID;
INSERT INTO `creature_addon` (`guid`,`path_id`,`mount`,`bytes0`,`bytes1`,`bytes2`,`emote`,`moveflags`,`auras`) VALUES (@GUID,@GUID,0,0,0,4097,0,0,NULL);
DELETE FROM `waypoint_data` WHERE `id` = @GUID;
INSERT INTO `waypoint_data` VALUES (58636, 1, -989.995, 1941.95, 71.4595, 0, 0, 0, 0, 0);
INSERT INTO `waypoint_data` VALUES (58636, 2, -1008.41, 1959.06, 68.9236, 0, 0, 0, 0, 0);
INSERT INTO `waypoint_data` VALUES (58636, 3, -1019.71, 1969.1, 68.6018, 0, 0, 0, 0, 0);
INSERT INTO `waypoint_data` VALUES (58636, 4, -1026.27, 1974.99, 70.055, 0, 0, 0, 0, 0);
INSERT INTO `waypoint_data` VALUES (58636, 5, -1026.92, 1982.57, 69.3283, 45000, 0, 0, 0, 0);
INSERT INTO `waypoint_data` VALUES (58636, 6, -1025.51, 1975.34, 69.8823, 0, 0, 0, 0, 0);
INSERT INTO `waypoint_data` VALUES (58636, 7, -1020.08, 1966.5, 68.308, 0, 0, 0, 0, 0);
INSERT INTO `waypoint_data` VALUES (58636, 8, -995.228, 1955.72, 69.9662, 0, 0, 0, 0, 0);
INSERT INTO `waypoint_data` VALUES (58636, 9, -978.143, 1924.37, 75.1594, 0, 0, 0, 0, 0);
INSERT INTO `waypoint_data` VALUES (58636, 10, -971.913, 1906.66, 81.0091, 0, 0, 0, 0, 0);
INSERT INTO `waypoint_data` VALUES (58636, 11, -969.988, 1896.65, 85.587, 0, 0, 0, 0, 0);
INSERT INTO `waypoint_data` VALUES (58636, 12, -968.026, 1884.12, 93.5716, 45000, 0, 0, 0, 0);
INSERT INTO `waypoint_data` VALUES (58636, 13, -968.339, 1894.25, 86.2747, 0, 0, 0, 0, 0);
INSERT INTO `waypoint_data` VALUES (58636, 14, -971.346, 1907.8, 80.164, 0, 0, 0, 0, 0);
INSERT INTO `waypoint_data` VALUES (58636, 15, -978.063, 1919.93, 76.9127, 0, 0, 0, 0, 0);

SET @GUID := 58638;
UPDATE `creature` SET `MovementType`= 2 WHERE `guid` = @GUID;
DELETE FROM `creature_addon` WHERE `guid` = @GUID;
INSERT INTO `creature_addon` (`guid`,`path_id`,`mount`,`bytes0`,`bytes1`,`bytes2`,`emote`,`moveflags`,`auras`) VALUES (@GUID,@GUID,0,0,0,4097,0,0,NULL);
DELETE FROM `waypoint_data` WHERE `id` = @GUID;
INSERT INTO `waypoint_data` VALUES (58638, 1, -969.117, 1895.51, 85.8342, 0, 0, 0, 0, 0);
INSERT INTO `waypoint_data` VALUES (58638, 2, -979.002, 1893.24, 92.7384, 0, 0, 0, 0, 0);
INSERT INTO `waypoint_data` VALUES (58638, 3, -980.753, 1889.95, 94.2667, 45000, 0, 0, 0, 0);
INSERT INTO `waypoint_data` VALUES (58638, 4, -969.104, 1893.87, 86.9405, 0, 0, 0, 0, 0);
INSERT INTO `waypoint_data` VALUES (58638, 5, -943.258, 1896.12, 76.5289, 0, 0, 0, 0, 0);
INSERT INTO `waypoint_data` VALUES (58638, 6, -927.465, 1904.29, 70.9232, 0, 0, 0, 0, 0);
INSERT INTO `waypoint_data` VALUES (58638, 7, -918.028, 1919.59, 67.2824, 0, 0, 0, 0, 0);
INSERT INTO `waypoint_data` VALUES (58638, 8, -912.198, 1930.65, 66.9439, 0, 0, 0, 0, 0);
INSERT INTO `waypoint_data` VALUES (58638, 9, -906.253, 1936.39, 66.9409, 0, 0, 0, 0, 0);
INSERT INTO `waypoint_data` VALUES (58638, 10, -902.916, 1935.38, 66.9409, 0, 0, 0, 0, 0);
INSERT INTO `waypoint_data` VALUES (58638, 11, -899.893, 1931.82, 66.9409, 45000, 0, 0, 0, 0);
INSERT INTO `waypoint_data` VALUES (58638, 12, -904.32, 1933.33, 66.9409, 0, 0, 0, 0, 0);
INSERT INTO `waypoint_data` VALUES (58638, 13, -909.279, 1931.34, 66.9409, 0, 0, 0, 0, 0);
INSERT INTO `waypoint_data` VALUES (58638, 14, -923.102, 1907.03, 69.6799, 0, 0, 0, 0, 0);
INSERT INTO `waypoint_data` VALUES (58638, 15, -935.694, 1898.91, 74.0559, 0, 0, 0, 0, 0);
INSERT INTO `waypoint_data` VALUES (58638, 16, -957.265, 1896.2, 79.8492, 0, 0, 0, 0, 0);

UPDATE `creature` SET `position_x` = '9512.21', `position_y` = '-6840.16', `position_z` = '16.4934', `orientation` = '1.0903', `spawndist` = '0', `MovementType` = '0' WHERE `guid` = 58702;

SET @GUID := 63517;
UPDATE `creature` SET `MovementType`= 2 WHERE `guid` = @GUID;
DELETE FROM `creature_addon` WHERE `guid` = @GUID;
INSERT INTO `creature_addon` (`guid`,`path_id`,`mount`,`bytes0`,`bytes1`,`bytes2`,`emote`,`moveflags`,`auras`) VALUES (@GUID,@GUID,0,0,0,4097,0,0,NULL);
DELETE FROM `waypoint_data` WHERE `id` = @GUID;
INSERT INTO `waypoint_data` VALUES (63517, 1, 9547.9, -7454.35, 15.475, 0, 0, 0, 0, 0);
INSERT INTO `waypoint_data` VALUES (63517, 2, 9550.8, -7458.87, 15.5169, 30000, 0, 0, 0, 0); -- 1784501
INSERT INTO `waypoint_data` VALUES (63517, 3, 9547.9, -7454.35, 15.475, 0, 0, 0, 0, 0);
INSERT INTO `waypoint_data` VALUES (63517, 4, 9542.65, -7453.76, 15.4635, 30000, 0, 0, 0, 0); -- 1784502

SET @GUID := 63553;
DELETE FROM `creature` WHERE `guid` = @GUID;
INSERT INTO `creature` VALUES (63553, 17855, 530, 1, 0, 0, 3111.82, 6150.17, 136.829, 1.50631, 300, 0, 0, 5200, 3155, 0, 2);
DELETE FROM `creature_addon` WHERE `guid` = @GUID;
INSERT INTO `creature_addon` (`guid`,`path_id`,`mount`,`bytes0`,`bytes1`,`bytes2`,`emote`,`moveflags`,`auras`) VALUES (@GUID,@GUID,0,0,0,4097,0,0,NULL);
DELETE FROM `waypoint_data` WHERE `id` = @GUID;
INSERT INTO `waypoint_data` VALUES (63553, 1, 3109.81, 6173.95, 137.984, 0, 0, 0, 0, 0);
INSERT INTO `waypoint_data` VALUES (63553, 2, 3109.81, 6173.95, 137.984, 20000, 0, 0, 0, 0);
INSERT INTO `waypoint_data` VALUES (63553, 3, 3111.17, 6148.88, 136.75, 0, 0, 0, 0, 0);
INSERT INTO `waypoint_data` VALUES (63553, 4, 3103.2, 6126.75, 136.423, 0, 0, 0, 0, 0);
INSERT INTO `waypoint_data` VALUES (63553, 5, 3099.9, 6123.02, 135.407, 10000, 0, 0, 0, 0); -- 1785501
INSERT INTO `waypoint_data` VALUES (63553, 6, 3099.9, 6123.02, 135.407, 10000, 0, 0, 0, 0);
INSERT INTO `waypoint_data` VALUES (63553, 7, 3106.64, 6131.88, 136.447, 0, 0, 0, 0, 0);
INSERT INTO `waypoint_data` VALUES (63553, 8, 3111.01, 6148.43, 136.714, 0, 0, 0, 0, 0);

SET @GUID := 63747;
DELETE FROM `creature` WHERE `guid` = @GUID;
INSERT INTO `creature` VALUES (63747, 18037, 530, 1, 0, 0, -639.086, 8797.5, 202.376, 3.11775, 300, 0, 0, 4892, 2846, 0, 2);
DELETE FROM `creature_addon` WHERE `guid` = @GUID;
INSERT INTO `creature_addon` (`guid`,`path_id`,`mount`,`bytes0`,`bytes1`,`bytes2`,`emote`,`moveflags`,`auras`) VALUES (@GUID,@GUID,0,0,0,4097,0,0,NULL);
DELETE FROM `waypoint_data` WHERE `id` = @GUID;
INSERT INTO `waypoint_data` VALUES (63747, 1, -615.582, 8802.63, 202.345, 0, 0, 0, 0, 0);
INSERT INTO `waypoint_data` VALUES (63747, 2, -600.825, 8812.81, 202.415, 0, 0, 0, 0, 0);
INSERT INTO `waypoint_data` VALUES (63747, 3, -585.726, 8836.05, 208.711, 0, 0, 0, 0, 0);
INSERT INTO `waypoint_data` VALUES (63747, 4, -578.854, 8854.45, 210.43, 0, 0, 0, 0, 0);
INSERT INTO `waypoint_data` VALUES (63747, 5, -571.065, 8864.92, 210.811, 0, 0, 0, 0, 0);
INSERT INTO `waypoint_data` VALUES (63747, 6, -545.818, 8870.41, 209.293, 0, 0, 0, 0, 0);
INSERT INTO `waypoint_data` VALUES (63747, 7, -527.515, 8870.35, 208.791, 0, 0, 0, 0, 0);
INSERT INTO `waypoint_data` VALUES (63747, 8, -507.784, 8874.02, 206.674, 0, 0, 0, 0, 0);
INSERT INTO `waypoint_data` VALUES (63747, 9, -493.743, 8870.43, 205.311, 0, 0, 0, 0, 0);
INSERT INTO `waypoint_data` VALUES (63747, 10, -479.994, 8861.85, 202.677, 0, 0, 0, 0, 0);
INSERT INTO `waypoint_data` VALUES (63747, 11, -476.972, 8848.21, 200.471, 0, 0, 0, 0, 0);
INSERT INTO `waypoint_data` VALUES (63747, 12, -470.752, 8840.76, 200.246, 0, 0, 0, 0, 0);
INSERT INTO `waypoint_data` VALUES (63747, 13, -467.603, 8829.3, 200.161, 0, 0, 0, 0, 0);
INSERT INTO `waypoint_data` VALUES (63747, 14, -466.821, 8824.71, 199.484, 0, 0, 0, 0, 0);
INSERT INTO `waypoint_data` VALUES (63747, 15, -460.125, 8811.44, 199.141, 0, 0, 0, 0, 0);
INSERT INTO `waypoint_data` VALUES (63747, 16, -469.726, 8833.61, 199.837, 0, 0, 0, 0, 0);
INSERT INTO `waypoint_data` VALUES (63747, 17, -469.84, 8839.96, 200.239, 0, 0, 0, 0, 0);
INSERT INTO `waypoint_data` VALUES (63747, 18, -472.816, 8843.81, 200.322, 0, 0, 0, 0, 0);
INSERT INTO `waypoint_data` VALUES (63747, 19, -476.792, 8847.06, 200.327, 0, 0, 0, 0, 0);
INSERT INTO `waypoint_data` VALUES (63747, 20, -479.722, 8858.83, 202.151, 0, 0, 0, 0, 0);
INSERT INTO `waypoint_data` VALUES (63747, 21, -488.953, 8868.02, 204.764, 0, 0, 0, 0, 0);
INSERT INTO `waypoint_data` VALUES (63747, 22, -508.365, 8874.72, 206.782, 0, 0, 0, 0, 0);
INSERT INTO `waypoint_data` VALUES (63747, 23, -531.308, 8871.21, 209.028, 0, 0, 0, 0, 0);
INSERT INTO `waypoint_data` VALUES (63747, 24, -553.054, 8869.24, 210.236, 0, 0, 0, 0, 0);
INSERT INTO `waypoint_data` VALUES (63747, 25, -578.369, 8856.2, 210.501, 0, 0, 0, 0, 0);
INSERT INTO `waypoint_data` VALUES (63747, 26, -590.262, 8828.42, 206.821, 0, 0, 0, 0, 0);
INSERT INTO `waypoint_data` VALUES (63747, 27, -600.374, 8811.61, 202.436, 0, 0, 0, 0, 0);
INSERT INTO `waypoint_data` VALUES (63747, 28, -617.177, 8802.18, 202.332, 0, 0, 0, 0, 0);
INSERT INTO `waypoint_data` VALUES (63747, 29, -645.398, 8792.64, 202.291, 0, 0, 0, 0, 0);
INSERT INTO `waypoint_data` VALUES (63747, 30, -664.069, 8774.4, 199.322, 0, 0, 0, 0, 0);
INSERT INTO `waypoint_data` VALUES (63747, 31, -670.38, 8770.13, 196.108, 0, 0, 0, 0, 0);
INSERT INTO `waypoint_data` VALUES (63747, 32, -667.586, 8760.21, 190.788, 0, 0, 0, 0, 0);
INSERT INTO `waypoint_data` VALUES (63747, 33, -674.619, 8749.05, 184.613, 0, 0, 0, 0, 0);
INSERT INTO `waypoint_data` VALUES (63747, 34, -670.746, 8738.02, 183.901, 0, 0, 0, 0, 0);
INSERT INTO `waypoint_data` VALUES (63747, 35, -657.281, 8735.56, 185.699, 0, 0, 0, 0, 0);
INSERT INTO `waypoint_data` VALUES (63747, 36, -643.428, 8720.48, 187.312, 0, 0, 0, 0, 0);
INSERT INTO `waypoint_data` VALUES (63747, 37, -643.59, 8710.24, 188.658, 0, 0, 0, 0, 0);
INSERT INTO `waypoint_data` VALUES (63747, 38, -655.156, 8705.46, 183.062, 0, 0, 0, 0, 0);
INSERT INTO `waypoint_data` VALUES (63747, 39, -671.749, 8707.96, 173.991, 0, 0, 0, 0, 0);
INSERT INTO `waypoint_data` VALUES (63747, 40, -689.985, 8704.1, 166.154, 0, 0, 0, 0, 0);
INSERT INTO `waypoint_data` VALUES (63747, 41, -709.475, 8690.01, 162.421, 0, 0, 0, 0, 0);
INSERT INTO `waypoint_data` VALUES (63747, 42, -731.992, 8683.27, 157.839, 0, 0, 0, 0, 0);
INSERT INTO `waypoint_data` VALUES (63747, 43, -744.755, 8680.24, 158.933, 0, 0, 0, 0, 0);
INSERT INTO `waypoint_data` VALUES (63747, 44, -761.901, 8684.19, 160.215, 0, 0, 0, 0, 0);
INSERT INTO `waypoint_data` VALUES (63747, 45, -781.68, 8684.99, 159.456, 0, 0, 0, 0, 0);
INSERT INTO `waypoint_data` VALUES (63747, 46, -782.305, 8677.61, 160.878, 5000, 0, 0, 0, 0);
INSERT INTO `waypoint_data` VALUES (63747, 47, -777.187, 8685.67, 159.738, 0, 0, 0, 0, 0);
INSERT INTO `waypoint_data` VALUES (63747, 48, -746.014, 8684.48, 159.437, 0, 0, 0, 0, 0);
INSERT INTO `waypoint_data` VALUES (63747, 49, -731.645, 8683.11, 157.818, 0, 0, 0, 0, 0);
INSERT INTO `waypoint_data` VALUES (63747, 50, -710.33, 8689.28, 162.19, 0, 0, 0, 0, 0);
INSERT INTO `waypoint_data` VALUES (63747, 51, -695.071, 8700.36, 164.616, 0, 0, 0, 0, 0);
INSERT INTO `waypoint_data` VALUES (63747, 52, -679.381, 8709.69, 170.646, 0, 0, 0, 0, 0);
INSERT INTO `waypoint_data` VALUES (63747, 53, -653.7, 8704.46, 184.213, 0, 0, 0, 0, 0);
INSERT INTO `waypoint_data` VALUES (63747, 54, -644.857, 8714.86, 187.227, 0, 0, 0, 0, 0);
INSERT INTO `waypoint_data` VALUES (63747, 55, -648.754, 8730.41, 187.514, 0, 0, 0, 0, 0);
INSERT INTO `waypoint_data` VALUES (63747, 56, -656.726, 8737.37, 186.296, 0, 0, 0, 0, 0);
INSERT INTO `waypoint_data` VALUES (63747, 57, -669.383, 8738.74, 184.065, 0, 0, 0, 0, 0);
INSERT INTO `waypoint_data` VALUES (63747, 58, -673.709, 8749.24, 184.807, 0, 0, 0, 0, 0);
INSERT INTO `waypoint_data` VALUES (63747, 59, -668.139, 8755.95, 189.218, 0, 0, 0, 0, 0);
INSERT INTO `waypoint_data` VALUES (63747, 60, -669.376, 8768.34, 194.909, 0, 0, 0, 0, 0);
INSERT INTO `waypoint_data` VALUES (63747, 61, -664.33, 8773.55, 199.05, 0, 0, 0, 0, 0);
INSERT INTO `waypoint_data` VALUES (63747, 62, -653.616, 8791.43, 200.933, 0, 0, 0, 0, 0);
INSERT INTO `waypoint_data` VALUES (63747, 63, -640.216, 8795.77, 202.349, 0, 0, 0, 0, 0);

SET @GUID := 64056;
DELETE FROM `creature` WHERE `guid` = @GUID;
INSERT INTO `creature` VALUES (64056, 18103, 530, 1, 0, 0, 9690.72, -7459.43, 13.5888, 4.24292, 300, 0, 0, 7400, 0, 0, 2);
DELETE FROM `creature_addon` WHERE `guid` = @GUID;
INSERT INTO `creature_addon` (`guid`,`path_id`,`mount`,`bytes0`,`bytes1`,`bytes2`,`emote`,`moveflags`,`auras`) VALUES (@GUID,@GUID,0,0,0,4097,0,0,NULL);
DELETE FROM `waypoint_data` WHERE `id` = @GUID;
INSERT INTO `waypoint_data` VALUES (64056, 1, 9672.76, -7494.03, 15.7596, 0, 0, 0, 0, 0);
INSERT INTO `waypoint_data` VALUES (64056, 2, 9670.61, -7519.96, 15.7355, 0, 0, 0, 0, 0);
INSERT INTO `waypoint_data` VALUES (64056, 3, 9683.12, -7517.05, 15.7355, 0, 0, 0, 0, 0);
INSERT INTO `waypoint_data` VALUES (64056, 4, 9695.07, -7521.45, 15.7355, 0, 0, 0, 0, 0);
INSERT INTO `waypoint_data` VALUES (64056, 5, 9694.27, -7491.86, 15.8131, 0, 0, 0, 0, 0);
INSERT INTO `waypoint_data` VALUES (64056, 6, 9719.45, -7481.92, 13.561, 0, 0, 0, 0, 0);
INSERT INTO `waypoint_data` VALUES (64056, 7, 9764.07, -7494.9, 13.5244, 0, 0, 0, 0, 0);
INSERT INTO `waypoint_data` VALUES (64056, 8, 9774.78, -7495.4, 13.5485, 0, 0, 0, 0, 0);
INSERT INTO `waypoint_data` VALUES (64056, 9, 9777.26, -7508.34, 13.5485, 0, 0, 0, 0, 0);
INSERT INTO `waypoint_data` VALUES (64056, 10, 9800.95, -7507.69, 13.5485, 0, 0, 0, 0, 0);
INSERT INTO `waypoint_data` VALUES (64056, 11, 9802.55, -7487.94, 13.5485, 0, 0, 0, 0, 0);
INSERT INTO `waypoint_data` VALUES (64056, 12, 9800.7, -7468.54, 13.5485, 0, 0, 0, 0, 0);
INSERT INTO `waypoint_data` VALUES (64056, 13, 9778.3, -7468.61, 13.5485, 0, 0, 0, 0, 0);
INSERT INTO `waypoint_data` VALUES (64056, 14, 9774.68, -7480.5, 13.5485, 0, 0, 0, 0, 0);
INSERT INTO `waypoint_data` VALUES (64056, 15, 9747.55, -7479.94, 13.5705, 0, 0, 0, 0, 0);
INSERT INTO `waypoint_data` VALUES (64056, 16, 9727.59, -7446.16, 13.5727, 0, 0, 0, 0, 0);
INSERT INTO `waypoint_data` VALUES (64056, 17, 9718.75, -7445.93, 13.5856, 0, 0, 0, 0, 0);
INSERT INTO `waypoint_data` VALUES (64056, 18, 9690.75, -7459.64, 13.5864, 0, 0, 0, 0, 0);

SET @GUID := 64060;
DELETE FROM `creature` WHERE `guid` = @GUID;
INSERT INTO `creature` VALUES (64060, 18103, 530, 1, 0, 0, 9648.86, -7161.21, 14.3227, 5.90653, 300, 0, 0, 7400, 0, 0, 2);
DELETE FROM `creature_addon` WHERE `guid` = @GUID;
INSERT INTO `creature_addon` (`guid`,`path_id`,`mount`,`bytes0`,`bytes1`,`bytes2`,`emote`,`moveflags`,`auras`) VALUES (@GUID,@GUID,0,0,0,4097,0,0,NULL);
DELETE FROM `waypoint_data` WHERE `id` = @GUID;
INSERT INTO `waypoint_data` VALUES (64060, 1, 9660.13, -7158.27, 14.3233, 0, 0, 0, 0, 0);
INSERT INTO `waypoint_data` VALUES (64060, 2, 9667.71, -7153.79, 14.3233, 0, 0, 0, 0, 0);
INSERT INTO `waypoint_data` VALUES (64060, 3, 9672.93, -7146.66, 14.3237, 0, 0, 0, 0, 0);
INSERT INTO `waypoint_data` VALUES (64060, 4, 9672.93, -7136.62, 14.3238, 0, 0, 0, 0, 0);
INSERT INTO `waypoint_data` VALUES (64060, 5, 9702.89, -7129.69, 13.9218, 0, 0, 0, 0, 0);
INSERT INTO `waypoint_data` VALUES (64060, 6, 9702.85, -7123.77, 13.9204, 0, 0, 0, 0, 0);
INSERT INTO `waypoint_data` VALUES (64060, 7, 9694.97, -7101.03, 13.9209, 0, 0, 0, 0, 0);
INSERT INTO `waypoint_data` VALUES (64060, 8, 9685.25, -7089.14, 14.3246, 0, 0, 0, 0, 0);
INSERT INTO `waypoint_data` VALUES (64060, 9, 9649.26, -7084.89, 14.3159, 0, 0, 0, 0, 0);
INSERT INTO `waypoint_data` VALUES (64060, 10, 9611.6, -7104.24, 14.4294, 0, 0, 0, 0, 0);
INSERT INTO `waypoint_data` VALUES (64060, 11, 9597.42, -7108.99, 14.4461, 0, 0, 0, 0, 0);
INSERT INTO `waypoint_data` VALUES (64060, 12, 9543.35, -7110.42, 14.3429, 0, 0, 0, 0, 0);
INSERT INTO `waypoint_data` VALUES (64060, 13, 9531.5, -7116.31, 14.2175, 0, 0, 0, 0, 0);
INSERT INTO `waypoint_data` VALUES (64060, 14, 9523.96, -7128.79, 14.1171, 0, 0, 0, 0, 0);
INSERT INTO `waypoint_data` VALUES (64060, 15, 9526.91, -7165.06, 14.139, 0, 0, 0, 0, 0);
INSERT INTO `waypoint_data` VALUES (64060, 16, 9537.07, -7171.87, 14.1139, 0, 0, 0, 0, 0);
INSERT INTO `waypoint_data` VALUES (64060, 17, 9576.68, -7173.84, 14.2325, 0, 0, 0, 0, 0);
INSERT INTO `waypoint_data` VALUES (64060, 18, 9621.82, -7177.9, 14.3065, 0, 0, 0, 0, 0);
INSERT INTO `waypoint_data` VALUES (64060, 19, 9672.7, -7185.15, 14.322, 0, 0, 0, 0, 0);
INSERT INTO `waypoint_data` VALUES (64060, 20, 9696.98, -7166.98, 13.9231, 0, 0, 0, 0, 0);
INSERT INTO `waypoint_data` VALUES (64060, 21, 9704.29, -7137.89, 13.9225, 0, 0, 0, 0, 0);
INSERT INTO `waypoint_data` VALUES (64060, 22, 9674.72, -7136.34, 14.3243, 0, 0, 0, 0, 0);
INSERT INTO `waypoint_data` VALUES (64060, 23, 9672.34, -7124.26, 14.3244, 0, 0, 0, 0, 0);
INSERT INTO `waypoint_data` VALUES (64060, 24, 9666.38, -7115.44, 14.3244, 0, 0, 0, 0, 0);
INSERT INTO `waypoint_data` VALUES (64060, 25, 9654.07, -7111.3, 14.323, 0, 0, 0, 0, 0);
INSERT INTO `waypoint_data` VALUES (64060, 26, 9637.09, -7111.58, 14.323, 0, 0, 0, 0, 0);
INSERT INTO `waypoint_data` VALUES (64060, 27, 9628.53, -7117.47, 14.3232, 0, 0, 0, 0, 0);
INSERT INTO `waypoint_data` VALUES (64060, 28, 9623.45, -7129.11, 14.3235, 0, 0, 0, 0, 0);
INSERT INTO `waypoint_data` VALUES (64060, 29, 9623.23, -7142.6, 14.3236, 0, 0, 0, 0, 0);
INSERT INTO `waypoint_data` VALUES (64060, 30, 9627.91, -7154.79, 14.3237, 0, 0, 0, 0, 0);
INSERT INTO `waypoint_data` VALUES (64060, 31, 9636.41, -7159.43, 14.3237, 0, 0, 0, 0, 0);
INSERT INTO `waypoint_data` VALUES (64060, 32, 9648.92, -7160.64, 14.3237, 0, 0, 0, 0, 0);

SET @GUID := 64208;
DELETE FROM `creature` WHERE `guid` = @GUID;
INSERT INTO `creature` VALUES (64208, 18118, 530, 1, 0, 0, 940.475, 7914.06, 23.5689, 0.93999, 300, 0, 0, 4274, 2568, 0, 2);
DELETE FROM `creature_addon` WHERE `guid` = @GUID;
INSERT INTO `creature_addon` (`guid`,`path_id`,`mount`,`bytes0`,`bytes1`,`bytes2`,`emote`,`moveflags`,`auras`) VALUES (@GUID,@GUID,0,0,0,4097,0,0,NULL);
DELETE FROM `waypoint_data` WHERE `id` = @GUID;
INSERT INTO `waypoint_data` VALUES (64208, 1, 951.569, 7925.04, 22.1276, 0, 0, 0, 0, 0);
INSERT INTO `waypoint_data` VALUES (64208, 2, 943.762, 7943.99, 23.6671, 0, 0, 0, 0, 0);
INSERT INTO `waypoint_data` VALUES (64208, 3, 944.272, 7957.73, 23.067, 5000, 0, 0, 0, 0);
INSERT INTO `waypoint_data` VALUES (64208, 4, 944.234, 7938.25, 23.9457, 0, 0, 0, 0, 0);
INSERT INTO `waypoint_data` VALUES (64208, 5, 947.622, 7915.42, 23.4383, 0, 0, 0, 0, 0);
INSERT INTO `waypoint_data` VALUES (64208, 6, 910.509, 7889.31, 23.3291, 5000, 0, 0, 0, 0);
INSERT INTO `waypoint_data` VALUES (64208, 7, 897.883, 7888.19, 21.2202, 0, 0, 0, 0, 0);
INSERT INTO `waypoint_data` VALUES (64208, 8, 854.364, 7871.38, 20.2576, 0, 0, 0, 0, 0);
INSERT INTO `waypoint_data` VALUES (64208, 9, 845.83, 7848.1, 22.2123, 5000, 0, 0, 0, 0);
INSERT INTO `waypoint_data` VALUES (64208, 10, 837.837, 7840.62, 23.1816, 0, 0, 0, 0, 0);
INSERT INTO `waypoint_data` VALUES (64208, 11, 824.862, 7844.13, 24.0133, 0, 0, 0, 0, 0);
INSERT INTO `waypoint_data` VALUES (64208, 12, 821.483, 7839.45, 22.9234, 0, 0, 0, 0, 0);
INSERT INTO `waypoint_data` VALUES (64208, 13, 826.641, 7837.25, 22.6798, 0, 0, 0, 0, 0);
INSERT INTO `waypoint_data` VALUES (64208, 14, 839.074, 7841.34, 22.9379, 5000, 0, 0, 0, 0);
INSERT INTO `waypoint_data` VALUES (64208, 15, 846.387, 7854.62, 22.7861, 0, 0, 0, 0, 0);
INSERT INTO `waypoint_data` VALUES (64208, 16, 850.112, 7871.5, 20.6027, 0, 0, 0, 0, 0);
INSERT INTO `waypoint_data` VALUES (64208, 17, 901.886, 7893.73, 20.8011, 0, 0, 0, 0, 0);
INSERT INTO `waypoint_data` VALUES (64208, 18, 940.52, 7913.95, 24.0063, 0, 0, 0, 0, 0);

SET @GUID := 64949;
DELETE FROM `creature` WHERE `guid` = @GUID;
INSERT INTO `creature` VALUES (64949, 18146, 530, 1, 0, 0, 9753.25, -7486.52, 13.5461, 6.15987, 300, 0, 0, 1200, 490, 0, 2);
DELETE FROM `creature_addon` WHERE `guid` = @GUID;
INSERT INTO `creature_addon` (`guid`,`path_id`,`mount`,`bytes0`,`bytes1`,`bytes2`,`emote`,`moveflags`,`auras`) VALUES (@GUID,@GUID,19085,512,0,4097,0,0,NULL);
DELETE FROM `waypoint_data` WHERE `id` = @GUID;
INSERT INTO `waypoint_data` VALUES (64949, 1, 9758.3, -7486.95, 13.5323, 9000, 0, 0, 100, 0); -- 6494901
INSERT INTO `waypoint_data` VALUES (64949, 2, 9712.03, -7485.72, 13.5329, 0, 0, 0, 100, 0);
INSERT INTO `waypoint_data` VALUES (64949, 3, 9697.42, -7480.21, 13.5337, 0, 0, 0, 100, 0);
INSERT INTO `waypoint_data` VALUES (64949, 4, 9682.23, -7475.94, 13.5289, 0, 0, 0, 100, 0);
INSERT INTO `waypoint_data` VALUES (64949, 5, 9667.43, -7480.08, 13.533, 0, 0, 0, 100, 0);
INSERT INTO `waypoint_data` VALUES (64949, 6, 9649.83, -7490.18, 13.5203, 0, 0, 0, 100, 0);
INSERT INTO `waypoint_data` VALUES (64949, 7, 9637.59, -7492.43, 13.5093, 0, 0, 0, 100, 0);
INSERT INTO `waypoint_data` VALUES (64949, 8, 9615.31, -7486.32, 13.5157, 0, 0, 0, 100, 0);
INSERT INTO `waypoint_data` VALUES (64949, 9, 9602.26, -7471.78, 13.5412, 0, 0, 0, 100, 0);
INSERT INTO `waypoint_data` VALUES (64949, 10, 9594.68, -7450.51, 13.535, 0, 0, 0, 100, 0);
INSERT INTO `waypoint_data` VALUES (64949, 11, 9591.9, -7450.27, 13.5268, 9000, 0, 0, 100, 0); -- 6494902
INSERT INTO `waypoint_data` VALUES (64949, 12, 9595.3, -7450.07, 13.5353, 0, 0, 0, 100, 0);
INSERT INTO `waypoint_data` VALUES (64949, 13, 9601.99, -7440.08, 13.5751, 0, 0, 0, 100, 0);
INSERT INTO `waypoint_data` VALUES (64949, 14, 9615.58, -7423.01, 13.3049, 0, 0, 0, 100, 0);
INSERT INTO `waypoint_data` VALUES (64949, 15, 9620.4, -7420.15, 13.3034, 0, 0, 0, 100, 0);
INSERT INTO `waypoint_data` VALUES (64949, 16, 9636.99, -7420.27, 13.2989, 0, 0, 0, 100, 0);
INSERT INTO `waypoint_data` VALUES (64949, 17, 9656.24, -7422.07, 13.2945, 0, 0, 0, 100, 0);
INSERT INTO `waypoint_data` VALUES (64949, 18, 9673.69, -7429.95, 13.2931, 0, 0, 0, 100, 0);
INSERT INTO `waypoint_data` VALUES (64949, 19, 9689.85, -7431.43, 13.2931, 0, 0, 0, 100, 0);
INSERT INTO `waypoint_data` VALUES (64949, 20, 9709.92, -7422.14, 13.2931, 0, 0, 0, 100, 0);
INSERT INTO `waypoint_data` VALUES (64949, 21, 9722.75, -7415.23, 13.2941, 0, 0, 0, 100, 0);
INSERT INTO `waypoint_data` VALUES (64949, 22, 9748.41, -7414.39, 13.2639, 0, 0, 0, 100, 0);
INSERT INTO `waypoint_data` VALUES (64949, 23, 9766.89, -7412.92, 13.3848, 0, 0, 0, 100, 0);
INSERT INTO `waypoint_data` VALUES (64949, 24, 9767.48, -7396.72, 14.417, 0, 0, 0, 100, 0);
INSERT INTO `waypoint_data` VALUES (64949, 25, 9779.77, -7394.64, 14.7073, 0, 0, 0, 100, 0);
INSERT INTO `waypoint_data` VALUES (64949, 26, 9792.46, -7396.7, 14.4005, 0, 0, 0, 100, 0);
INSERT INTO `waypoint_data` VALUES (64949, 27, 9794.99, -7413.91, 13.5158, 0, 0, 0, 100, 0);
INSERT INTO `waypoint_data` VALUES (64949, 28, 9809.44, -7416.98, 13.3059, 0, 0, 0, 100, 0);
INSERT INTO `waypoint_data` VALUES (64949, 29, 9825.87, -7413.78, 13.3084, 0, 0, 0, 100, 0);
INSERT INTO `waypoint_data` VALUES (64949, 30, 9848.38, -7414.77, 13.311, 8000, 0, 0, 100, 0); -- 6494903
INSERT INTO `waypoint_data` VALUES (64949, 31, 9847.95, -7429.26, 13.3394, 0, 0, 0, 100, 0);
INSERT INTO `waypoint_data` VALUES (64949, 32, 9846.7, -7447.67, 13.5725, 0, 0, 0, 100, 0);
INSERT INTO `waypoint_data` VALUES (64949, 33, 9850.63, -7465.46, 14.9579, 0, 0, 0, 100, 0);
INSERT INTO `waypoint_data` VALUES (64949, 34, 9851.04, -7480.74, 14.9465, 0, 0, 0, 100, 0);
INSERT INTO `waypoint_data` VALUES (64949, 35, 9841.84, -7480.39, 14.9252, 0, 0, 0, 100, 0);
INSERT INTO `waypoint_data` VALUES (64949, 36, 9843.28, -7480.13, 14.9252, 180000, 0, 0, 100, 0);
INSERT INTO `waypoint_data` VALUES (64949, 37, 9833.81, -7481.23, 14.9269, 0, 0, 0, 100, 0);
INSERT INTO `waypoint_data` VALUES (64949, 38, 9831.49, -7484.97, 14.9279, 0, 0, 0, 100, 0);
INSERT INTO `waypoint_data` VALUES (64949, 39, 9828.81, -7497.09, 14.9368, 0, 0, 0, 100, 0);
INSERT INTO `waypoint_data` VALUES (64949, 40, 9828.75, -7511.25, 19.7384, 0, 0, 0, 100, 0);
INSERT INTO `waypoint_data` VALUES (64949, 41, 9839.4, -7518.51, 19.6957, 0, 0, 0, 100, 0);
INSERT INTO `waypoint_data` VALUES (64949, 42, 9850.56, -7510.75, 19.706, 0, 0, 0, 100, 0);
INSERT INTO `waypoint_data` VALUES (64949, 43, 9850.98, -7513.18, 19.7161, 4000, 0, 0, 100, 0); -- 6494904
INSERT INTO `waypoint_data` VALUES (64949, 44, 9871.53, -7516.45, 19.751, 0, 0, 0, 100, 0);
INSERT INTO `waypoint_data` VALUES (64949, 45, 9874.03, -7511.54, 19.7621, 0, 0, 0, 100, 0);
INSERT INTO `waypoint_data` VALUES (64949, 46, 9873.29, -7497.2, 14.951, 0, 0, 0, 100, 0);
INSERT INTO `waypoint_data` VALUES (64949, 47, 9872.67, -7490.02, 14.9117, 0, 0, 0, 100, 0);
INSERT INTO `waypoint_data` VALUES (64949, 48, 9867.39, -7488.56, 14.9231, 0, 0, 0, 100, 0);
INSERT INTO `waypoint_data` VALUES (64949, 49, 9851.96, -7489.12, 14.9395, 0, 0, 0, 100, 0);
INSERT INTO `waypoint_data` VALUES (64949, 50, 9850.82, -7470.58, 14.9515, 4000, 0, 0, 100, 0); -- 6494905
INSERT INTO `waypoint_data` VALUES (64949, 51, 9850.09, -7457.25, 14.9584, 0, 0, 0, 100, 0);
INSERT INTO `waypoint_data` VALUES (64949, 52, 9849.55, -7452.75, 13.6388, 0, 0, 0, 100, 0);
INSERT INTO `waypoint_data` VALUES (64949, 53, 9847.77, -7428.29, 13.3303, 0, 0, 0, 100, 0);
INSERT INTO `waypoint_data` VALUES (64949, 54, 9845.37, -7424.81, 13.3212, 0, 0, 0, 100, 0);
INSERT INTO `waypoint_data` VALUES (64949, 55, 9815.67, -7423.7, 13.306, 0, 0, 0, 100, 0);
INSERT INTO `waypoint_data` VALUES (64949, 56, 9797.93, -7424.11, 13.4078, 0, 0, 0, 100, 0);
INSERT INTO `waypoint_data` VALUES (64949, 57, 9794.7, -7427.7, 13.5121, 0, 0, 0, 100, 0);
INSERT INTO `waypoint_data` VALUES (64949, 58, 9794, -7441.23, 14.4228, 0, 0, 0, 100, 0);
INSERT INTO `waypoint_data` VALUES (64949, 59, 9780.94, -7442.98, 14.7072, 0, 0, 0, 100, 0);
INSERT INTO `waypoint_data` VALUES (64949, 60, 9767.8, -7440.91, 14.4108, 0, 0, 0, 100, 0);
INSERT INTO `waypoint_data` VALUES (64949, 61, 9766.65, -7427.29, 13.3871, 0, 0, 0, 100, 0);
INSERT INTO `waypoint_data` VALUES (64949, 62, 9761.66, -7423.61, 13.2427, 0, 0, 0, 100, 0);
INSERT INTO `waypoint_data` VALUES (64949, 63, 9740.69, -7422.85, 13.2549, 0, 0, 0, 100, 0);
INSERT INTO `waypoint_data` VALUES (64949, 64, 9737.51, -7426.98, 13.547, 0, 0, 0, 100, 0);
INSERT INTO `waypoint_data` VALUES (64949, 65, 9736.51, -7441.39, 13.544, 0, 0, 0, 100, 0);
INSERT INTO `waypoint_data` VALUES (64949, 66, 9740.24, -7465.66, 13.5734, 0, 0, 0, 100, 0);
INSERT INTO `waypoint_data` VALUES (64949, 67, 9747.14, -7483.3, 13.5566, 0, 0, 0, 100, 0);

SET @GUID := 64956;
DELETE FROM `creature` WHERE `guid` = @GUID;
INSERT INTO `creature` VALUES (64956, 18159, 530, 1, 0, 0, 767.972, 7724.44, 22.0983, 6.10111, 300, 0, 0, 4274, 2568, 0, 2);
DELETE FROM `creature_addon` WHERE `guid` = @GUID;
INSERT INTO `creature_addon` (`guid`,`path_id`,`mount`,`bytes0`,`bytes1`,`bytes2`,`emote`,`moveflags`,`auras`) VALUES (@GUID,@GUID,0,0,0,4097,0,0,NULL);
DELETE FROM `waypoint_data` WHERE `id` = @GUID;
INSERT INTO `waypoint_data` VALUES (64956, 1, 819.3, 7737.21, 23.761, 30000, 0, 0, 100, 0);
INSERT INTO `waypoint_data` VALUES (64956, 2, 783.834, 7732.42, 23.2434, 0, 0, 0, 100, 0);
INSERT INTO `waypoint_data` VALUES (64956, 3, 768.138, 7724.52, 22.0622, 30000, 0, 0, 100, 0);

SET @GUID := 65517;
DELETE FROM `creature` WHERE `guid` = @GUID;
INSERT INTO `creature` VALUES (65517, 18248, 530, 1, 0, 0, 2319.5, 6029.2, 142.701, 3.94444, 300, 0, 0, 15000, 0, 0, 2);
DELETE FROM `creature_addon` WHERE `guid` = @GUID;
INSERT INTO `creature_addon` (`guid`,`path_id`,`mount`,`bytes0`,`bytes1`,`bytes2`,`emote`,`moveflags`,`auras`) VALUES (@GUID,@GUID,0,0,0,4097,0,0,NULL);
DELETE FROM `waypoint_data` WHERE `id` = @GUID;
INSERT INTO `waypoint_data` VALUES (65517, 1, 2317.72, 6030.27, 142.57, 0, 0, 0, 100, 0); -- 1824801
INSERT INTO `waypoint_data` VALUES (65517, 2, 2307.82, 6024.44, 142.56, 0, 0, 0, 100, 0);
INSERT INTO `waypoint_data` VALUES (65517, 3, 2304.89, 6025.77, 142.96, 0, 0, 0, 100, 0);
INSERT INTO `waypoint_data` VALUES (65517, 4, 2304.89, 6025.77, 142.96, 240000, 0, 0, 100, 0); -- 1824802
INSERT INTO `waypoint_data` VALUES (65517, 5, 2306.93, 6023.86, 142.56, 180000, 0, 0, 100, 0);
INSERT INTO `waypoint_data` VALUES (65517, 6, 2317.38, 6030, 142.57, 0, 0, 0, 100, 0);
INSERT INTO `waypoint_data` VALUES (65517, 7, 2319.51, 6029.16, 142.62, 0, 0, 0, 100, 0);
INSERT INTO `waypoint_data` VALUES (65517, 8, 2319.51, 6029.16, 142.62, 240000, 0, 0, 100, 0); -- 1824803

SET @GUID := 65529;
DELETE FROM `creature` WHERE `guid` IN (@GUID, 4030114);
INSERT INTO `creature` VALUES (65529, 18259, 530, 1, 0, 0, -2226.26, 8008.52, -27.0867, 0.748071, 300, 0, 0, 25304, 0, 0, 2);
DELETE FROM `creature_addon` WHERE `guid` IN (@GUID, 4030114);
INSERT INTO `creature_addon` (`guid`,`path_id`,`mount`,`bytes0`,`bytes1`,`bytes2`,`emote`,`moveflags`,`auras`) VALUES (@GUID,@GUID,0,0,0,4097,0,0,NULL);
DELETE FROM `waypoint_data` WHERE `id` IN (@GUID, 4030114);
INSERT INTO `waypoint_data` VALUES (65529, 1, -2227.73, 7961.45, -22.3487, 0, 0, 0, 0, 0);
INSERT INTO `waypoint_data` VALUES (65529, 2, -2227.67, 7940.6, -20.7074, 0, 0, 0, 0, 0);
INSERT INTO `waypoint_data` VALUES (65529, 3, -2226.15, 7892.51, -23.8733, 0, 0, 0, 0, 0);
INSERT INTO `waypoint_data` VALUES (65529, 4, -2235.26, 7870.66, -22.4936, 0, 0, 0, 0, 0);
INSERT INTO `waypoint_data` VALUES (65529, 5, -2245.07, 7841.45, -25.5219, 0, 0, 0, 0, 0);
INSERT INTO `waypoint_data` VALUES (65529, 6, -2254.33, 7823.2, -24.0731, 0, 0, 0, 0, 0);
INSERT INTO `waypoint_data` VALUES (65529, 7, -2280.61, 7783.98, -27.956, 0, 0, 0, 0, 0);
INSERT INTO `waypoint_data` VALUES (65529, 8, -2306.88, 7750.98, -24.8341, 0, 0, 0, 0, 0);
INSERT INTO `waypoint_data` VALUES (65529, 9, -2328.68, 7720, -22.906, 0, 0, 0, 0, 0);
INSERT INTO `waypoint_data` VALUES (65529, 10, -2345.05, 7710.61, -20.8695, 0, 0, 0, 0, 0);
INSERT INTO `waypoint_data` VALUES (65529, 11, -2364.56, 7708.35, -20.0528, 0, 0, 0, 0, 0);
INSERT INTO `waypoint_data` VALUES (65529, 12, -2381.18, 7722.77, -22.1789, 0, 0, 0, 0, 0);
INSERT INTO `waypoint_data` VALUES (65529, 13, -2401.03, 7755.01, -27.6028, 0, 0, 0, 0, 0);
INSERT INTO `waypoint_data` VALUES (65529, 14, -2433.92, 7780.03, -33.6571, 0, 0, 0, 0, 0);
INSERT INTO `waypoint_data` VALUES (65529, 15, -2458.02, 7815.68, -41.4253, 0, 0, 0, 0, 0);
INSERT INTO `waypoint_data` VALUES (65529, 16, -2466.99, 7864.27, -48.3649, 0, 0, 0, 0, 0);
INSERT INTO `waypoint_data` VALUES (65529, 17, -2444.6, 7891.48, -48.2553, 0, 0, 0, 0, 0);
INSERT INTO `waypoint_data` VALUES (65529, 18, -2410.98, 7915.27, -45.8833, 0, 0, 0, 0, 0);
INSERT INTO `waypoint_data` VALUES (65529, 19, -2368.51, 7930.62, -45.3913, 0, 0, 0, 0, 0);
INSERT INTO `waypoint_data` VALUES (65529, 20, -2330.14, 7931.18, -37.4615, 0, 0, 0, 0, 0);
INSERT INTO `waypoint_data` VALUES (65529, 21, -2283.37, 7955.93, -34.5905, 0, 0, 0, 0, 0);
INSERT INTO `waypoint_data` VALUES (65529, 22, -2259.68, 7974.71, -31.0558, 0, 0, 0, 0, 0);
INSERT INTO `waypoint_data` VALUES (65529, 23, -2229.16, 8015.77, -29.1575, 0, 0, 0, 0, 0);
INSERT INTO `waypoint_data` VALUES (65529, 24, -2213.4, 8064.38, -25.5059, 0, 0, 0, 0, 0);
INSERT INTO `waypoint_data` VALUES (65529, 25, -2219.18, 8099.51, -26.7581, 0, 0, 0, 0, 0);
INSERT INTO `waypoint_data` VALUES (65529, 26, -2207.06, 8123.26, -24.8859, 0, 0, 0, 0, 0);
INSERT INTO `waypoint_data` VALUES (65529, 27, -2196.81, 8155.85, -23.7716, 0, 0, 0, 0, 0);
INSERT INTO `waypoint_data` VALUES (65529, 28, -2187.09, 8199.72, -28.816, 0, 0, 0, 0, 0);
INSERT INTO `waypoint_data` VALUES (65529, 29, -2179.85, 8224.05, -23.3386, 0, 0, 0, 0, 0);
INSERT INTO `waypoint_data` VALUES (65529, 30, -2179.86, 8261.49, -21.5663, 0, 0, 0, 0, 0);
INSERT INTO `waypoint_data` VALUES (65529, 31, -2186.54, 8305.24, -24.5347, 0, 0, 0, 0, 0);
INSERT INTO `waypoint_data` VALUES (65529, 32, -2192.23, 8328.02, -23.8125, 0, 0, 0, 0, 0);
INSERT INTO `waypoint_data` VALUES (65529, 33, -2198.77, 8354.23, -22.4042, 0, 0, 0, 0, 0);
INSERT INTO `waypoint_data` VALUES (65529, 34, -2212.43, 8408.96, -26.0342, 0, 0, 0, 0, 0);
INSERT INTO `waypoint_data` VALUES (65529, 35, -2231.18, 8444.61, -25.4202, 0, 0, 0, 0, 0);
INSERT INTO `waypoint_data` VALUES (65529, 36, -2248.94, 8475.21, -24.3082, 0, 0, 0, 0, 0);
INSERT INTO `waypoint_data` VALUES (65529, 37, -2269.11, 8524.71, -23.0163, 0, 0, 0, 0, 0);
INSERT INTO `waypoint_data` VALUES (65529, 38, -2300.84, 8564.23, -22.9392, 0, 0, 0, 0, 0);
INSERT INTO `waypoint_data` VALUES (65529, 39, -2328.61, 8584.54, -22.0139, 0, 0, 0, 0, 0);
INSERT INTO `waypoint_data` VALUES (65529, 40, -2335.01, 8582.13, -23.8312, 0, 0, 0, 0, 0);
INSERT INTO `waypoint_data` VALUES (65529, 41, -2343.49, 8595.75, -23.4162, 0, 0, 0, 0, 0);
INSERT INTO `waypoint_data` VALUES (65529, 42, -2341.78, 8617.54, -19.6364, 0, 0, 0, 0, 0);
INSERT INTO `waypoint_data` VALUES (65529, 43, -2324.52, 8640.86, -16.6755, 0, 0, 0, 0, 0);
INSERT INTO `waypoint_data` VALUES (65529, 44, -2283.86, 8681.77, -9.26158, 0, 0, 0, 0, 0);
INSERT INTO `waypoint_data` VALUES (65529, 45, -2265.57, 8683.55, -6.78726, 0, 0, 0, 0, 0);
INSERT INTO `waypoint_data` VALUES (65529, 46, -2237.9, 8670.51, -8.04751, 0, 0, 0, 0, 0);
INSERT INTO `waypoint_data` VALUES (65529, 47, -2233.98, 8639.64, -8.26335, 0, 0, 0, 0, 0);
INSERT INTO `waypoint_data` VALUES (65529, 48, -2236.65, 8609.03, -9.76679, 0, 0, 0, 0, 0);
INSERT INTO `waypoint_data` VALUES (65529, 49, -2240.85, 8559.79, -13.6016, 0, 0, 0, 0, 0);
INSERT INTO `waypoint_data` VALUES (65529, 50, -2230.44, 8536.35, -14.6979, 0, 0, 0, 0, 0);
INSERT INTO `waypoint_data` VALUES (65529, 51, -2219.64, 8512.06, -17.3604, 0, 0, 0, 0, 0);
INSERT INTO `waypoint_data` VALUES (65529, 52, -2212.95, 8495.99, -15.9993, 0, 0, 0, 0, 0);
INSERT INTO `waypoint_data` VALUES (65529, 53, -2195.97, 8455.36, -19.4063, 0, 0, 0, 0, 0);
INSERT INTO `waypoint_data` VALUES (65529, 54, -2177.98, 8401.19, -18.2321, 0, 0, 0, 0, 0);
INSERT INTO `waypoint_data` VALUES (65529, 55, -2159.22, 8354.39, -17.6834, 0, 0, 0, 0, 0);
INSERT INTO `waypoint_data` VALUES (65529, 56, -2135.89, 8306.36, -20.1996, 0, 0, 0, 0, 0);
INSERT INTO `waypoint_data` VALUES (65529, 57, -2121.28, 8264.14, -18.9994, 0, 0, 0, 0, 0);
INSERT INTO `waypoint_data` VALUES (65529, 58, -2140.08, 8226.05, -19.8673, 0, 0, 0, 0, 0);
INSERT INTO `waypoint_data` VALUES (65529, 59, -2168.54, 8182.94, -25.1656, 0, 0, 0, 0, 0);
INSERT INTO `waypoint_data` VALUES (65529, 60, -2188.09, 8145.66, -22.315, 0, 0, 0, 0, 0);
INSERT INTO `waypoint_data` VALUES (65529, 61, -2197.99, 8112.88, -21.2915, 0, 0, 0, 0, 0);
INSERT INTO `waypoint_data` VALUES (65529, 62, -2209.01, 8067.46, -24.739, 0, 0, 0, 0, 0);
INSERT INTO `waypoint_data` VALUES (65529, 63, -2221.66, 8015.67, -26.4606, 0, 0, 0, 0, 0);

SET @GUID := 65566;
DELETE FROM `creature` WHERE `guid` = @GUID;
INSERT INTO `creature` VALUES (65566, 18274, 530, 1, 0, 0, -2063.32, 8546.73, 23.9367, 1.82673, 300, 0, 0, 14193, 8370, 0, 2);
DELETE FROM `creature_addon` WHERE `guid` = @GUID;
INSERT INTO `creature_addon` (`guid`,`path_id`,`mount`,`bytes0`,`bytes1`,`bytes2`,`emote`,`moveflags`,`auras`) VALUES (@GUID,@GUID,0,0,0,4097,0,0,NULL);
DELETE FROM `waypoint_data` WHERE `id` = @GUID;
INSERT INTO `waypoint_data` VALUES (65566, 1, -2086, 8569.04, 21.5988, 0, 0, 0, 100, 0);
INSERT INTO `waypoint_data` VALUES (65566, 2, -2104.1, 8587.69, 18.2267, 0, 0, 0, 100, 0);
INSERT INTO `waypoint_data` VALUES (65566, 3, -2076.87, 8558.08, 22.9817, 0, 0, 0, 100, 0);
INSERT INTO `waypoint_data` VALUES (65566, 4, -2065.22, 8536.39, 23.9165, 60000, 0, 0, 100, 0); -- 1827401
INSERT INTO `waypoint_data` VALUES (65566, 5, -2074.9, 8545.01, 22.9726, 0, 0, 0, 100, 0);
INSERT INTO `waypoint_data` VALUES (65566, 6, -2078.75, 8557.38, 22.8488, 0, 0, 0, 100, 0);
INSERT INTO `waypoint_data` VALUES (65566, 7, -2086.85, 8569.92, 21.4582, 0, 0, 0, 100, 0);
INSERT INTO `waypoint_data` VALUES (65566, 8, -2103.09, 8588.28, 18.2584, 0, 0, 0, 100, 0);
INSERT INTO `waypoint_data` VALUES (65566, 9, -2091.81, 8599.37, 20.2861, 0, 0, 0, 100, 0);
INSERT INTO `waypoint_data` VALUES (65566, 10, -2068.57, 8594.29, 21.5667, 0, 0, 0, 100, 0);
INSERT INTO `waypoint_data` VALUES (65566, 11, -2064.07, 8583.91, 21.4222, 0, 0, 0, 100, 0);
INSERT INTO `waypoint_data` VALUES (65566, 12, -2063.53, 8571.92, 23.4418, 0, 0, 0, 100, 0);
INSERT INTO `waypoint_data` VALUES (65566, 13, -2063.37, 8546.69, 23.9351, 60000, 0, 0, 100, 0); -- 1827402

SET @GUID := 65801;
DELETE FROM `creature` WHERE `guid` IN (@GUID, 3884646);
INSERT INTO `creature` VALUES (65801, 18411, 530, 1, 0, 1557, -2257.32, 8530.86, -20.882, 2.41626, 600, 0, 0, 126520, 0, 0, 2);
DELETE FROM `creature_addon` WHERE `guid` IN (@GUID, 3884646);
INSERT INTO `creature_addon` (`guid`,`path_id`,`mount`,`bytes0`,`bytes1`,`bytes2`,`emote`,`moveflags`,`auras`) VALUES (@GUID,@GUID,0,0,0,4097,0,0,NULL);
DELETE FROM `waypoint_data` WHERE `id` IN (@GUID, 3884646);
INSERT INTO `waypoint_data` VALUES (65801, 1, -2257.32, 8530.86, -20.882, 0, 0, 0, 100, 0);
INSERT INTO `waypoint_data` VALUES (65801, 2, -2252.26, 8519.59, -21.5458, 0, 0, 0, 100, 0);
INSERT INTO `waypoint_data` VALUES (65801, 3, -2241.7, 8498.65, -20.7299, 0, 0, 0, 100, 0);
INSERT INTO `waypoint_data` VALUES (65801, 4, -2240.68, 8497.17, -20.8824, 0, 0, 0, 100, 0);
INSERT INTO `waypoint_data` VALUES (65801, 5, -2222, 8460.11, -23.4296, 0, 0, 0, 100, 0);
INSERT INTO `waypoint_data` VALUES (65801, 6, -2215.23, 8447.5, -23.1655, 0, 0, 0, 100, 0);
INSERT INTO `waypoint_data` VALUES (65801, 7, -2199.86, 8414.12, -22.4603, 0, 0, 0, 100, 0);
INSERT INTO `waypoint_data` VALUES (65801, 8, -2192.54, 8390.16, -21.7744, 0, 0, 0, 100, 0);
INSERT INTO `waypoint_data` VALUES (65801, 9, -2186.24, 8366.97, -20.2285, 0, 0, 0, 100, 0);
INSERT INTO `waypoint_data` VALUES (65801, 10, -2185.68, 8365.4, -20.452, 0, 0, 0, 100, 0);
INSERT INTO `waypoint_data` VALUES (65801, 11, -2172.92, 8321.55, -22.6175, 0, 0, 0, 100, 0);
INSERT INTO `waypoint_data` VALUES (65801, 12, -2166.72, 8298.99, -21.8207, 0, 0, 0, 100, 0);
INSERT INTO `waypoint_data` VALUES (65801, 13, -2165.3, 8292.68, -20.9529, 0, 0, 0, 100, 0);
INSERT INTO `waypoint_data` VALUES (65801, 14, -2161.02, 8252.41, -22.0102, 0, 0, 0, 100, 0);
INSERT INTO `waypoint_data` VALUES (65801, 15, -2162.08, 8231.44, -21.7704, 0, 0, 0, 100, 0);
INSERT INTO `waypoint_data` VALUES (65801, 16, -2175.17, 8200.85, -26.3434, 0, 0, 0, 100, 0);
INSERT INTO `waypoint_data` VALUES (65801, 17, -2183.84, 8179.06, -25.1971, 0, 0, 0, 100, 0);
INSERT INTO `waypoint_data` VALUES (65801, 18, -2190.8, 8160.83, -23.2695, 0, 0, 0, 100, 0);
INSERT INTO `waypoint_data` VALUES (65801, 19, -2199.17, 8122.88, -22.1975, 0, 0, 0, 100, 0);
INSERT INTO `waypoint_data` VALUES (65801, 20, -2204, 8090.2, -24.5627, 0, 0, 0, 100, 0);
INSERT INTO `waypoint_data` VALUES (65801, 21, -2206.65, 8055.29, -22.4948, 0, 0, 0, 100, 0);
INSERT INTO `waypoint_data` VALUES (65801, 22, -2211.31, 8026.46, -23.0063, 0, 0, 0, 100, 0);
INSERT INTO `waypoint_data` VALUES (65801, 23, -2221.73, 7982.89, -23.5907, 0, 0, 0, 100, 0);
INSERT INTO `waypoint_data` VALUES (65801, 24, -2213.23, 7946.28, -18.3402, 0, 0, 0, 100, 0);
INSERT INTO `waypoint_data` VALUES (65801, 25, -2212.47, 7942.96, -17.9052, 0, 0, 0, 100, 0);
INSERT INTO `waypoint_data` VALUES (65801, 26, -2213.98, 7890.52, -20.3474, 0, 0, 0, 100, 0);
INSERT INTO `waypoint_data` VALUES (65801, 27, -2221.44, 7868.06, -20.1303, 0, 0, 0, 100, 0);
INSERT INTO `waypoint_data` VALUES (65801, 28, -2232.14, 7838.45, -23.4087, 0, 0, 0, 100, 0);
INSERT INTO `waypoint_data` VALUES (65801, 29, -2246.16, 7825.06, -23.8899, 0, 0, 0, 100, 0);
INSERT INTO `waypoint_data` VALUES (65801, 30, -2252.8, 7796.94, -24.7975, 0, 0, 0, 100, 0);
INSERT INTO `waypoint_data` VALUES (65801, 31, -2261.15, 7768.64, -24.5098, 0, 0, 0, 100, 0);
INSERT INTO `waypoint_data` VALUES (65801, 32, -2275.62, 7755.85, -23.5947, 0, 0, 0, 100, 0);
INSERT INTO `waypoint_data` VALUES (65801, 33, -2297.37, 7735.58, -21.9697, 0, 0, 0, 100, 0);
INSERT INTO `waypoint_data` VALUES (65801, 34, -2325.27, 7714.61, -20.6177, 0, 0, 0, 100, 0);
INSERT INTO `waypoint_data` VALUES (65801, 35, -2328.12, 7712.66, -20.2273, 0, 0, 0, 100, 0);
INSERT INTO `waypoint_data` VALUES (65801, 36, -2382.41, 7710.03, -19.1264, 0, 0, 0, 100, 0);
INSERT INTO `waypoint_data` VALUES (65801, 37, -2410.73, 7710.38, -16.6338, 0, 0, 0, 100, 0);
INSERT INTO `waypoint_data` VALUES (65801, 38, -2419.14, 7710.54, -16.102, 0, 0, 0, 100, 0);
INSERT INTO `waypoint_data` VALUES (65801, 39, -2472.43, 7719.35, -21.8353, 0, 0, 0, 100, 0);
INSERT INTO `waypoint_data` VALUES (65801, 40, -2504.84, 7734.83, -29.3339, 0, 0, 0, 100, 0);
INSERT INTO `waypoint_data` VALUES (65801, 41, -2536.08, 7755.19, -34.1463, 0, 0, 0, 100, 0);
INSERT INTO `waypoint_data` VALUES (65801, 42, -2561.34, 7770.17, -39.3241, 0, 0, 0, 100, 0);
INSERT INTO `waypoint_data` VALUES (65801, 43, -2586.1, 7787.99, -41.4256, 0, 0, 0, 100, 0);
INSERT INTO `waypoint_data` VALUES (65801, 44, -2616.09, 7808.47, -43.617, 0, 0, 0, 100, 0);
INSERT INTO `waypoint_data` VALUES (65801, 45, -2639.41, 7811.06, -41.4185, 0, 0, 0, 100, 0);
INSERT INTO `waypoint_data` VALUES (65801, 46, -2681.27, 7820.43, -41.4904, 0, 0, 0, 100, 0);
INSERT INTO `waypoint_data` VALUES (65801, 47, -2701.53, 7828.73, -39.2527, 0, 0, 0, 100, 0);
INSERT INTO `waypoint_data` VALUES (65801, 48, -2739.73, 7861.4, -36.7699, 0, 0, 0, 100, 0);
INSERT INTO `waypoint_data` VALUES (65801, 49, -2749.82, 7898.72, -39.9877, 0, 0, 0, 100, 0);
INSERT INTO `waypoint_data` VALUES (65801, 50, -2748.94, 7914.82, -39.1026, 0, 0, 0, 100, 0);
INSERT INTO `waypoint_data` VALUES (65801, 51, -2738.81, 7964.15, -42.3842, 0, 0, 0, 100, 0);
INSERT INTO `waypoint_data` VALUES (65801, 52, -2744.89, 7993.45, -40.151, 0, 0, 0, 100, 0);
INSERT INTO `waypoint_data` VALUES (65801, 53, -2766.23, 8018.19, -40.7636, 0, 0, 0, 100, 0);
INSERT INTO `waypoint_data` VALUES (65801, 54, -2815.9, 8041.84, -35.4897, 0, 0, 0, 100, 0);
INSERT INTO `waypoint_data` VALUES (65801, 55, -2845.74, 8063.08, -33.927, 0, 0, 0, 100, 0);
INSERT INTO `waypoint_data` VALUES (65801, 56, -2850.27, 8089.4, -36.4988, 0, 0, 0, 100, 0);
INSERT INTO `waypoint_data` VALUES (65801, 57, -2852.79, 8105.44, -38.6439, 0, 0, 0, 100, 0);
INSERT INTO `waypoint_data` VALUES (65801, 58, -2854.84, 8152, -40.6039, 0, 0, 0, 100, 0);
INSERT INTO `waypoint_data` VALUES (65801, 59, -2851.16, 8177.88, -40.1314, 0, 0, 0, 100, 0);
INSERT INTO `waypoint_data` VALUES (65801, 60, -2849.26, 8209.07, -39.1218, 0, 0, 0, 100, 0);
INSERT INTO `waypoint_data` VALUES (65801, 61, -2848.84, 8238.16, -39.3396, 0, 0, 0, 100, 0);
INSERT INTO `waypoint_data` VALUES (65801, 62, -2853.47, 8279.85, -38.5374, 0, 0, 0, 100, 0);
INSERT INTO `waypoint_data` VALUES (65801, 63, -2859.29, 8308.51, -33.6164, 0, 0, 0, 100, 0);
INSERT INTO `waypoint_data` VALUES (65801, 64, -2848, 8351.32, -31.2619, 0, 0, 0, 100, 0);
INSERT INTO `waypoint_data` VALUES (65801, 65, -2842.83, 8364.22, -30.8117, 0, 0, 0, 100, 0);
INSERT INTO `waypoint_data` VALUES (65801, 66, -2835.23, 8384.75, -31.0829, 0, 0, 0, 100, 0);
INSERT INTO `waypoint_data` VALUES (65801, 67, -2824.18, 8435.48, -33.1641, 0, 0, 0, 100, 0);
INSERT INTO `waypoint_data` VALUES (65801, 68, -2811.65, 8453.35, -35.8087, 0, 0, 0, 100, 0);
INSERT INTO `waypoint_data` VALUES (65801, 69, -2785.57, 8480.2, -35.3232, 0, 0, 0, 100, 0);
INSERT INTO `waypoint_data` VALUES (65801, 70, -2751.76, 8517.62, -39.0636, 0, 0, 0, 100, 0);
INSERT INTO `waypoint_data` VALUES (65801, 71, -2743.68, 8523.37, -38.7321, 0, 0, 0, 100, 0);
INSERT INTO `waypoint_data` VALUES (65801, 72, -2691.31, 8550.52, -34.8566, 0, 0, 0, 100, 0);
INSERT INTO `waypoint_data` VALUES (65801, 73, -2656.81, 8558.81, -34.5578, 0, 0, 0, 100, 0);
INSERT INTO `waypoint_data` VALUES (65801, 74, -2633.76, 8553.14, -35.3443, 0, 0, 0, 100, 0);
INSERT INTO `waypoint_data` VALUES (65801, 75, -2606.92, 8550.96, -33.6182, 0, 0, 0, 100, 0);
INSERT INTO `waypoint_data` VALUES (65801, 76, -2589.56, 8549.77, -33.4821, 0, 0, 0, 100, 0);
INSERT INTO `waypoint_data` VALUES (65801, 77, -2556.24, 8575.77, -32.6988, 0, 0, 0, 100, 0);
INSERT INTO `waypoint_data` VALUES (65801, 78, -2522.76, 8603.38, -27.8142, 0, 0, 0, 100, 0);
INSERT INTO `waypoint_data` VALUES (65801, 79, -2500.65, 8624.22, -23.5221, 0, 0, 0, 100, 0);
INSERT INTO `waypoint_data` VALUES (65801, 80, -2486.98, 8632.39, -22.3012, 0, 0, 0, 100, 0);
INSERT INTO `waypoint_data` VALUES (65801, 81, -2428.26, 8643.5, -23.6964, 0, 0, 0, 100, 0);
INSERT INTO `waypoint_data` VALUES (65801, 82, -2400.62, 8643.93, -22.1475, 0, 0, 0, 100, 0);
INSERT INTO `waypoint_data` VALUES (65801, 83, -2372.61, 8641.53, -16.7397, 0, 0, 0, 100, 0);
INSERT INTO `waypoint_data` VALUES (65801, 84, -2362.85, 8641.48, -15.5248, 0, 0, 0, 100, 0);
INSERT INTO `waypoint_data` VALUES (65801, 85, -2298.69, 8620, -12.9287, 0, 0, 0, 100, 0);
INSERT INTO `waypoint_data` VALUES (65801, 86, -2282.51, 8598.66, -13.9163, 0, 0, 0, 100, 0);
INSERT INTO `waypoint_data` VALUES (65801, 87, -2274.15, 8579.07, -17.1576, 0, 0, 0, 100, 0);
INSERT INTO `waypoint_data` VALUES (65801, 88, -2270.74, 8570.44, -18.6072, 0, 0, 0, 100, 0);

SET @GUID := 66481;
DELETE FROM `creature` WHERE `guid` = @GUID;
INSERT INTO `creature` VALUES (66481, 18475, 530, 1, 0, 0, -3516.72, 5804.83, -8.98603, 4.15958, 300, 0, 0, 5800, 0, 0, 2);
DELETE FROM `creature_addon` WHERE `guid` = @GUID;
INSERT INTO `creature_addon` (`guid`,`path_id`,`mount`,`bytes0`,`bytes1`,`bytes2`,`emote`,`moveflags`,`auras`) VALUES (@GUID,@GUID,0,0,0,4097,0,0,NULL);
DELETE FROM `waypoint_data` WHERE `id` = @GUID;
INSERT INTO `waypoint_data` VALUES (66481, 1, -3536.68, 5787.4, -6.59531, 0, 0, 0, 100, 0);
INSERT INTO `waypoint_data` VALUES (66481, 2, -3562.41, 5785.56, -2.00246, 0, 0, 0, 100, 0);
INSERT INTO `waypoint_data` VALUES (66481, 3, -3580.61, 5788.38, -3.69901, 13000, 0, 0, 100, 0); -- 6648101
INSERT INTO `waypoint_data` VALUES (66481, 4, -3589.24, 5790.31, -4.90877, 0, 0, 0, 100, 0);
INSERT INTO `waypoint_data` VALUES (66481, 5, -3609.38, 5803.49, -4.02221, 0, 0, 0, 100, 0);
INSERT INTO `waypoint_data` VALUES (66481, 6, -3615.74, 5820.5, -4.67745, 0, 0, 0, 100, 0);
INSERT INTO `waypoint_data` VALUES (66481, 7, -3622.37, 5834.25, 0.294291, 0, 0, 0, 100, 0);
INSERT INTO `waypoint_data` VALUES (66481, 8, -3637.95, 5850.92, -0.542909, 0, 0, 0, 100, 0);
INSERT INTO `waypoint_data` VALUES (66481, 9, -3646.58, 5872.23, -6.128, 0, 0, 0, 100, 0);
INSERT INTO `waypoint_data` VALUES (66481, 10, -3636.95, 5912.25, -23.4443, 0, 0, 0, 100, 0);
INSERT INTO `waypoint_data` VALUES (66481, 11, -3640.31, 5927.94, -30.2711, 0, 0, 0, 100, 0);
INSERT INTO `waypoint_data` VALUES (66481, 12, -3640.04, 5947.71, -31.4042, 0, 0, 0, 100, 0);
INSERT INTO `waypoint_data` VALUES (66481, 13, -3638.97, 5958.55, -27.3119, 0, 0, 0, 100, 0);
INSERT INTO `waypoint_data` VALUES (66481, 14, -3627.43, 5980.86, -20.8827, 0, 0, 0, 100, 0);
INSERT INTO `waypoint_data` VALUES (66481, 15, -3622.81, 5987.12, -20.286, 0, 0, 0, 100, 0);
INSERT INTO `waypoint_data` VALUES (66481, 16, -3611.57, 5987.58, -25.0752, 0, 0, 0, 100, 0);
INSERT INTO `waypoint_data` VALUES (66481, 17, -3604.92, 5981.8, -29.6902, 0, 0, 0, 100, 0);
INSERT INTO `waypoint_data` VALUES (66481, 18, -3599.89, 5982.2, -30.8126, 0, 0, 0, 100, 0);
INSERT INTO `waypoint_data` VALUES (66481, 19, -3556.21, 5996.2, -34.9259, 0, 0, 0, 100, 0);
INSERT INTO `waypoint_data` VALUES (66481, 20, -3546.77, 6008.55, -32.8145, 0, 0, 0, 100, 0);
INSERT INTO `waypoint_data` VALUES (66481, 21, -3526.8, 6046.15, -21.48, 0, 0, 0, 100, 0);
INSERT INTO `waypoint_data` VALUES (66481, 22, -3507.05, 6060.53, -15.6156, 0, 0, 0, 100, 0);
INSERT INTO `waypoint_data` VALUES (66481, 23, -3501.47, 6061.66, -15.4096, 0, 0, 0, 100, 0);
INSERT INTO `waypoint_data` VALUES (66481, 24, -3485.31, 6060.18, -18.0959, 0, 0, 0, 100, 0);
INSERT INTO `waypoint_data` VALUES (66481, 25, -3455.85, 6050.59, -12.3859, 0, 0, 0, 100, 0);
INSERT INTO `waypoint_data` VALUES (66481, 26, -3452.47, 6033.86, -14.0961, 0, 0, 0, 100, 0);
INSERT INTO `waypoint_data` VALUES (66481, 27, -3449.56, 6010.21, -18.4125, 0, 0, 0, 100, 0);
INSERT INTO `waypoint_data` VALUES (66481, 28, -3440.77, 5986.13, -24.7572, 0, 0, 0, 100, 0);
INSERT INTO `waypoint_data` VALUES (66481, 29, -3434.65, 5972.64, -24.643, 0, 0, 0, 100, 0);
INSERT INTO `waypoint_data` VALUES (66481, 30, -3435.52, 5950.69, -25.7819, 0, 0, 0, 100, 0);
INSERT INTO `waypoint_data` VALUES (66481, 31, -3448.67, 5923.3, -33.8689, 0, 0, 0, 100, 0);
INSERT INTO `waypoint_data` VALUES (66481, 32, -3454.38, 5908.85, -32.9945, 0, 0, 0, 100, 0);
INSERT INTO `waypoint_data` VALUES (66481, 33, -3467.35, 5894.72, -29.4213, 0, 0, 0, 100, 0);
INSERT INTO `waypoint_data` VALUES (66481, 34, -3486.01, 5866.78, -23.0018, 0, 0, 0, 100, 0);
INSERT INTO `waypoint_data` VALUES (66481, 35, -3496.11, 5848.12, -15.6849, 0, 0, 0, 100, 0);
INSERT INTO `waypoint_data` VALUES (66481, 36, -3503.11, 5830.48, -14.2908, 0, 0, 0, 100, 0);
INSERT INTO `waypoint_data` VALUES (66481, 37, -3508.39, 5818.03, -12.4956, 0, 0, 0, 100, 0);
INSERT INTO `waypoint_data` VALUES (66481, 38, -3516.37, 5805.25, -9.1044, 0, 0, 0, 100, 0);

SET @GUID := 66907;
DELETE FROM `creature` WHERE `guid` = @GUID;
INSERT INTO `creature` VALUES (66907, 18647, 530, 1, 0, 0, -3326.11, 4201.69, -9.78603, 2.05276, 300, 0, 0, 22860, 0, 0, 2);
DELETE FROM `creature_addon` WHERE `guid` = @GUID;
INSERT INTO `creature_addon` (`guid`,`path_id`,`mount`,`bytes0`,`bytes1`,`bytes2`,`emote`,`moveflags`,`auras`) VALUES (@GUID,@GUID,0,0,0,4097,0,0,NULL);
DELETE FROM `waypoint_data` WHERE `id` = @GUID;
INSERT INTO `waypoint_data` VALUES (66907, 1, -3327.78, 4217.31, -12.9577, 2000, 0, 0, 100, 0);
INSERT INTO `waypoint_data` VALUES (66907, 2, -3326.23, 4201.74, -9.91916, 0, 0, 0, 100, 0);
INSERT INTO `waypoint_data` VALUES (66907, 3, -3317.02, 4185.02, -7.49581, 0, 0, 0, 100, 0);
INSERT INTO `waypoint_data` VALUES (66907, 4, -3305.05, 4178.67, -7.55846, 0, 0, 0, 100, 0);
INSERT INTO `waypoint_data` VALUES (66907, 5, -3287, 4177.99, -8.39443, 0, 0, 0, 100, 0);
INSERT INTO `waypoint_data` VALUES (66907, 6, -3270.33, 4184.74, -9.3174, 0, 0, 0, 100, 0);
INSERT INTO `waypoint_data` VALUES (66907, 7, -3244.46, 4194.5, -9.6127, 0, 0, 0, 100, 0);
INSERT INTO `waypoint_data` VALUES (66907, 8, -3225, 4208.24, -11.6414, 0, 0, 0, 100, 0);
INSERT INTO `waypoint_data` VALUES (66907, 9, -3212.57, 4220.03, -10.4427, 0, 0, 0, 100, 0);
INSERT INTO `waypoint_data` VALUES (66907, 10, -3203.5, 4225.33, -16.0323, 0, 0, 0, 100, 0);
INSERT INTO `waypoint_data` VALUES (66907, 11, -3198.25, 4228.88, -15.9147, 0, 0, 0, 100, 0);
INSERT INTO `waypoint_data` VALUES (66907, 12, -3188.78, 4228.9, -10.1867, 0, 0, 0, 100, 0);
INSERT INTO `waypoint_data` VALUES (66907, 13, -3174.5, 4225.05, -10.3182, 0, 0, 0, 100, 0);
INSERT INTO `waypoint_data` VALUES (66907, 14, -3157.01, 4221.4, -9.12844, 0, 0, 0, 100, 0);
INSERT INTO `waypoint_data` VALUES (66907, 15, -3136.5, 4219.6, -8.63327, 0, 0, 0, 100, 0);
INSERT INTO `waypoint_data` VALUES (66907, 16, -3123.31, 4206.28, -7.73802, 0, 0, 0, 100, 0);
INSERT INTO `waypoint_data` VALUES (66907, 17, -3107.38, 4201.32, -6.7678, 0, 0, 0, 100, 0);
INSERT INTO `waypoint_data` VALUES (66907, 18, -3091.73, 4203.14, -5.42721, 2000, 0, 0, 100, 0);
INSERT INTO `waypoint_data` VALUES (66907, 19, -3107.07, 4201.19, -6.74563, 0, 0, 0, 100, 0);
INSERT INTO `waypoint_data` VALUES (66907, 20, -3122.93, 4205.97, -7.70735, 0, 0, 0, 100, 0);
INSERT INTO `waypoint_data` VALUES (66907, 21, -3137.18, 4219.95, -8.64952, 0, 0, 0, 100, 0);
INSERT INTO `waypoint_data` VALUES (66907, 22, -3160.71, 4221.39, -9.38807, 0, 0, 0, 100, 0);
INSERT INTO `waypoint_data` VALUES (66907, 23, -3175.26, 4225.25, -10.2814, 0, 0, 0, 100, 0);
INSERT INTO `waypoint_data` VALUES (66907, 24, -3188.33, 4228.68, -10.0172, 0, 0, 0, 100, 0);
INSERT INTO `waypoint_data` VALUES (66907, 25, -3197.78, 4229.09, -15.6928, 0, 0, 0, 100, 0);
INSERT INTO `waypoint_data` VALUES (66907, 26, -3203.9, 4224.92, -15.925, 0, 0, 0, 100, 0);
INSERT INTO `waypoint_data` VALUES (66907, 27, -3212.64, 4219.94, -10.45, 0, 0, 0, 100, 0);
INSERT INTO `waypoint_data` VALUES (66907, 28, -3224.85, 4208.35, -11.6416, 0, 0, 0, 100, 0);
INSERT INTO `waypoint_data` VALUES (66907, 29, -3244.95, 4194.08, -9.55214, 0, 0, 0, 100, 0);
INSERT INTO `waypoint_data` VALUES (66907, 30, -3270.84, 4184.57, -9.31029, 0, 0, 0, 100, 0);
INSERT INTO `waypoint_data` VALUES (66907, 31, -3287.67, 4177.81, -8.35741, 0, 0, 0, 100, 0);
INSERT INTO `waypoint_data` VALUES (66907, 32, -3305.46, 4178.7, -7.5413, 0, 0, 0, 100, 0);
INSERT INTO `waypoint_data` VALUES (66907, 33, -3317.9, 4185.58, -7.51244, 0, 0, 0, 100, 0);
INSERT INTO `waypoint_data` VALUES (66907, 34, -3326.53, 4202.08, -9.97886, 0, 0, 0, 100, 0);

SET @GUID := 66923;
DELETE FROM `creature` WHERE `guid` = @GUID;
INSERT INTO `creature` VALUES (66923, 18661, 530, 1, 0, 0, -2710.19, 8339.99, -83.3241, 1.93417, 300, 0, 0, 5060, 2933, 0, 2);
DELETE FROM `creature_addon` WHERE `guid` = @GUID;
INSERT INTO `creature_addon` (`guid`,`path_id`,`mount`,`bytes0`,`bytes1`,`bytes2`,`emote`,`moveflags`,`auras`) VALUES (@GUID,@GUID,0,0,0,4097,0,0,NULL);
DELETE FROM `waypoint_data` WHERE `id` = @GUID;
INSERT INTO `waypoint_data` VALUES (66923, 1, -2720.15, 8344.97, -83.3097, 0, 0, 0, 0, 0);
INSERT INTO `waypoint_data` VALUES (66923, 2, -2720.34, 8351.65, -83.083, 0, 0, 0, 0, 0);
INSERT INTO `waypoint_data` VALUES (66923, 3, -2720.2, 8363.61, -83.1148, 0, 0, 0, 0, 0);
INSERT INTO `waypoint_data` VALUES (66923, 4, -2719.72, 8375.37, -88.5825, 0, 0, 0, 0, 0);
INSERT INTO `waypoint_data` VALUES (66923, 5, -2717.1, 8379.37, -88.7731, 0, 0, 0, 0, 0);
INSERT INTO `waypoint_data` VALUES (66923, 6, -2717.81, 8383.22, -88.7729, 0, 0, 0, 0, 0);
INSERT INTO `waypoint_data` VALUES (66923, 7, -2721.73, 8383.71, -88.7728, 0, 0, 0, 0, 0);
INSERT INTO `waypoint_data` VALUES (66923, 8, -2723.09, 8380.19, -88.7728, 0, 0, 0, 0, 0);
INSERT INTO `waypoint_data` VALUES (66923, 9, -2720.12, 8375.72, -88.6462, 0, 0, 0, 0, 0);
INSERT INTO `waypoint_data` VALUES (66923, 10, -2720.11, 8364.51, -83.1117, 0, 0, 0, 0, 0);
INSERT INTO `waypoint_data` VALUES (66923, 11, -2720.7, 8346.77, -83.3104, 0, 0, 0, 0, 0);
INSERT INTO `waypoint_data` VALUES (66923, 12, -2726.51, 8343.8, -83.323, 0, 0, 0, 0, 0);
INSERT INTO `waypoint_data` VALUES (66923, 13, -2731.97, 8336.6, -83.323, 0, 0, 0, 0, 0);
INSERT INTO `waypoint_data` VALUES (66923, 14, -2731.89, 8328.23, -83.323, 0, 0, 0, 0, 0);
INSERT INTO `waypoint_data` VALUES (66923, 15, -2726.42, 8321.16, -83.323, 0, 0, 0, 0, 0);
INSERT INTO `waypoint_data` VALUES (66923, 16, -2717.32, 8319.53, -83.3165, 0, 0, 0, 0, 0);
INSERT INTO `waypoint_data` VALUES (66923, 17, -2709.97, 8324.87, -83.3237, 0, 0, 0, 0, 0);
INSERT INTO `waypoint_data` VALUES (66923, 18, -2707.45, 8332.97, -83.3237, 0, 0, 0, 0, 0);
INSERT INTO `waypoint_data` VALUES (66923, 19, -2710.46, 8340.3, -83.3237, 0, 0, 0, 0, 0);

SET @GUID := 66924;
DELETE FROM `creature` WHERE `guid` = @GUID;
INSERT INTO `creature` VALUES (66924, 18661, 530, 1, 0, 0, -2725.76, 8320.45, -83.3241, 5.97988, 300, 0, 0, 5060, 2933, 0, 2);
DELETE FROM `creature_addon` WHERE `guid` = @GUID;
INSERT INTO `creature_addon` (`guid`,`path_id`,`mount`,`bytes0`,`bytes1`,`bytes2`,`emote`,`moveflags`,`auras`) VALUES (@GUID,@GUID,0,0,0,4097,0,0,NULL);
DELETE FROM `waypoint_data` WHERE `id` = @GUID;
INSERT INTO `waypoint_data` VALUES (66924, 1, -2720.82, 8316.9, -83.083, 0, 0, 0, 0, 0);
INSERT INTO `waypoint_data` VALUES (66924, 2, -2720.32, 8309.37, -83.083, 0, 0, 0, 0, 0);
INSERT INTO `waypoint_data` VALUES (66924, 3, -2720.7, 8303.31, -83.0812, 0, 0, 0, 0, 0);
INSERT INTO `waypoint_data` VALUES (66924, 4, -2720.67, 8291.87, -77.5434, 0, 0, 0, 0, 0);
INSERT INTO `waypoint_data` VALUES (66924, 5, -2720.51, 8284.5, -77.5452, 0, 0, 0, 0, 0);
INSERT INTO `waypoint_data` VALUES (66924, 6, -2724.71, 8278.45, -77.5769, 0, 0, 0, 0, 0);
INSERT INTO `waypoint_data` VALUES (66924, 7, -2725.22, 8274.37, -77.7375, 0, 0, 0, 0, 0);
INSERT INTO `waypoint_data` VALUES (66924, 8, -2720.43, 8272.51, -77.7408, 0, 0, 0, 0, 0);
INSERT INTO `waypoint_data` VALUES (66924, 9, -2716.98, 8274.74, -77.7408, 0, 0, 0, 0, 0);
INSERT INTO `waypoint_data` VALUES (66924, 10, -2716.83, 8279.97, -77.5478, 0, 0, 0, 0, 0);
INSERT INTO `waypoint_data` VALUES (66924, 11, -2720.73, 8291.24, -77.5459, 0, 0, 0, 0, 0);
INSERT INTO `waypoint_data` VALUES (66924, 12, -2720.62, 8302.51, -82.83, 0, 0, 0, 0, 0);
INSERT INTO `waypoint_data` VALUES (66924, 13, -2720.21, 8315.76, -83.0822, 0, 0, 0, 0, 0);
INSERT INTO `waypoint_data` VALUES (66924, 14, -2715.95, 8320.68, -83.3228, 0, 0, 0, 0, 0);
INSERT INTO `waypoint_data` VALUES (66924, 15, -2709.59, 8326.74, -83.3228, 0, 0, 0, 0, 0);
INSERT INTO `waypoint_data` VALUES (66924, 16, -2708.05, 8334.05, -83.3228, 0, 0, 0, 0, 0);
INSERT INTO `waypoint_data` VALUES (66924, 17, -2710.32, 8340.11, -83.3228, 0, 0, 0, 0, 0);
INSERT INTO `waypoint_data` VALUES (66924, 18, -2715.71, 8344.05, -83.3228, 0, 0, 0, 0, 0);
INSERT INTO `waypoint_data` VALUES (66924, 19, -2723.85, 8344.39, -83.3228, 0, 0, 0, 0, 0);
INSERT INTO `waypoint_data` VALUES (66924, 20, -2729.84, 8340.11, -83.3228, 0, 0, 0, 0, 0);
INSERT INTO `waypoint_data` VALUES (66924, 21, -2732.99, 8332.49, -83.3228, 0, 0, 0, 0, 0);
INSERT INTO `waypoint_data` VALUES (66924, 22, -2730.26, 8324.39, -83.3228, 0, 0, 0, 0, 0);

SET @GUID := 66925;
DELETE FROM `creature` WHERE `guid` = @GUID;
INSERT INTO `creature` VALUES (66925, 18661, 530, 1, 0, 0, -2767.4, 8334.96, -88.7724, 1.59618, 300, 0, 0, 5060, 2933, 0, 2);
DELETE FROM `creature_addon` WHERE `guid` = @GUID;
INSERT INTO `creature_addon` (`guid`,`path_id`,`mount`,`bytes0`,`bytes1`,`bytes2`,`emote`,`moveflags`,`auras`) VALUES (@GUID,@GUID,0,0,0,4097,0,0,NULL);
DELETE FROM `waypoint_data` WHERE `id` = @GUID;
INSERT INTO `waypoint_data` VALUES (66925, 1, -2765.8, 8348.99, -88.77, 0, 0, 0, 0, 0);
INSERT INTO `waypoint_data` VALUES (66925, 2, -2761.96, 8357.91, -88.7715, 0, 0, 0, 0, 0);
INSERT INTO `waypoint_data` VALUES (66925, 3, -2753.43, 8368.98, -88.7715, 0, 0, 0, 0, 0);
INSERT INTO `waypoint_data` VALUES (66925, 4, -2742.41, 8377.02, -88.7715, 0, 0, 0, 0, 0);
INSERT INTO `waypoint_data` VALUES (66925, 5, -2731.35, 8381.08, -88.7715, 0, 0, 0, 0, 0);
INSERT INTO `waypoint_data` VALUES (66925, 6, -2721.06, 8382.38, -88.7715, 0, 0, 0, 0, 0);
INSERT INTO `waypoint_data` VALUES (66925, 7, -2711.59, 8381.52, -88.772, 0, 0, 0, 0, 0);
INSERT INTO `waypoint_data` VALUES (66925, 8, -2700.85, 8378.13, -88.7715, 0, 0, 0, 0, 0);
INSERT INTO `waypoint_data` VALUES (66925, 9, -2712.31, 8381.7, -88.7715, 0, 0, 0, 0, 0);
INSERT INTO `waypoint_data` VALUES (66925, 10, -2724.56, 8382.32, -88.7729, 0, 0, 0, 0, 0);
INSERT INTO `waypoint_data` VALUES (66925, 11, -2737.57, 8379.19, -88.7724, 0, 0, 0, 0, 0);
INSERT INTO `waypoint_data` VALUES (66925, 12, -2749.49, 8372.8, -88.7723, 0, 0, 0, 0, 0);
INSERT INTO `waypoint_data` VALUES (66925, 13, -2757.68, 8364.98, -88.7723, 0, 0, 0, 0, 0);
INSERT INTO `waypoint_data` VALUES (66925, 14, -2764.34, 8353.49, -88.7723, 0, 0, 0, 0, 0);
INSERT INTO `waypoint_data` VALUES (66925, 15, -2767.41, 8341.63, -88.7711, 0, 0, 0, 0, 0);
INSERT INTO `waypoint_data` VALUES (66925, 16, -2767.61, 8329.98, -88.771, 0, 0, 0, 0, 0);
INSERT INTO `waypoint_data` VALUES (66925, 17, -2764.56, 8318.13, -88.771, 0, 0, 0, 0, 0);
INSERT INTO `waypoint_data` VALUES (66925, 18, -2767.08, 8327.13, -88.771, 0, 0, 0, 0, 0);
INSERT INTO `waypoint_data` VALUES (66925, 19, -2767.47, 8334.99, -88.7709, 0, 0, 0, 0, 0);

SET @GUID := 66926;
DELETE FROM `creature` WHERE `guid` = @GUID;
INSERT INTO `creature` VALUES (66926, 18661, 530, 1, 0, 0, -2676.53, 8341.16, -77.6729, 4.46804, 300, 0, 0, 5060, 2933, 0, 2);
DELETE FROM `creature_addon` WHERE `guid` = @GUID;
INSERT INTO `creature_addon` (`guid`,`path_id`,`mount`,`bytes0`,`bytes1`,`bytes2`,`emote`,`moveflags`,`auras`) VALUES (@GUID,@GUID,0,0,0,4097,0,0,NULL);
DELETE FROM `waypoint_data` WHERE `id` = @GUID;
INSERT INTO `waypoint_data` VALUES (66926, 1, -2673.1, 8323.16, -77.7367, 0, 0, 0, 0, 0);
INSERT INTO `waypoint_data` VALUES (66926, 2, -2674, 8310.93, -77.7355, 0, 0, 0, 0, 0);
INSERT INTO `waypoint_data` VALUES (66926, 3, -2678.22, 8299.24, -77.7355, 0, 0, 0, 0, 0);
INSERT INTO `waypoint_data` VALUES (66926, 4, -2684.34, 8290.26, -77.7355, 0, 0, 0, 0, 0);
INSERT INTO `waypoint_data` VALUES (66926, 5, -2693, 8282.27, -77.7355, 0, 0, 0, 0, 0);
INSERT INTO `waypoint_data` VALUES (66926, 6, -2705.06, 8276.62, -77.7355, 3000, 0, 0, 0, 0);
INSERT INTO `waypoint_data` VALUES (66926, 7, -2692.97, 8282.54, -77.7365, 0, 0, 0, 0, 0);
INSERT INTO `waypoint_data` VALUES (66926, 8, -2683.36, 8291.38, -77.7365, 0, 0, 0, 0, 0);
INSERT INTO `waypoint_data` VALUES (66926, 9, -2677.06, 8301.8, -77.7365, 0, 0, 0, 0, 0);
INSERT INTO `waypoint_data` VALUES (66926, 10, -2673.36, 8314.69, -77.7352, 0, 0, 0, 0, 0);
INSERT INTO `waypoint_data` VALUES (66926, 11, -2673.71, 8328.43, -77.7382, 0, 0, 0, 0, 0);
INSERT INTO `waypoint_data` VALUES (66926, 12, -2676.61, 8341.22, -77.7567, 4000, 0, 0, 0, 0);

SET @GUID := 66927;
DELETE FROM `creature` WHERE `guid` = @GUID;
INSERT INTO `creature` VALUES (66927, 18661, 530, 1, 0, 0, -2628.72, 8320.46, -65.946, 6.10865, 300, 0, 0, 5060, 2933, 0, 2);
DELETE FROM `creature_addon` WHERE `guid` = @GUID;
INSERT INTO `creature_addon` (`guid`,`path_id`,`mount`,`bytes0`,`bytes1`,`bytes2`,`emote`,`moveflags`,`auras`) VALUES (@GUID,@GUID,0,0,0,4097,0,0,NULL);
DELETE FROM `waypoint_data` WHERE `id` = @GUID;
INSERT INTO `waypoint_data` VALUES (66927, 1, -2606.47, 8320.52, -52.5701, 4000, 0, 0, 0, 0);
INSERT INTO `waypoint_data` VALUES (66927, 2, -2621.8, 8320.77, -63.5614, 0, 0, 0, 0, 0);
INSERT INTO `waypoint_data` VALUES (66927, 3, -2634.19, 8320.85, -71.9921, 0, 0, 0, 0, 0);
INSERT INTO `waypoint_data` VALUES (66927, 4, -2655.36, 8320.99, -72.0223, 0, 0, 0, 0, 0);
INSERT INTO `waypoint_data` VALUES (66927, 5, -2668.78, 8320.65, -77.5559, 0, 0, 0, 0, 0);
INSERT INTO `waypoint_data` VALUES (66927, 6, -2673.06, 8317.81, -77.7356, 0, 0, 0, 0, 0);
INSERT INTO `waypoint_data` VALUES (66927, 7, -2674.96, 8307.81, -77.7351, 0, 0, 0, 0, 0);
INSERT INTO `waypoint_data` VALUES (66927, 8, -2673.24, 8318.07, -77.735, 0, 0, 0, 0, 0);
INSERT INTO `waypoint_data` VALUES (66927, 9, -2668.48, 8320.77, -77.5563, 0, 0, 0, 0, 0);
INSERT INTO `waypoint_data` VALUES (66927, 10, -2656.08, 8320.97, -72.0216, 0, 0, 0, 0, 0);
INSERT INTO `waypoint_data` VALUES (66927, 11, -2633.97, 8320.85, -71.9921, 0, 0, 0, 0, 0);

DELETE FROM `creature` WHERE `guid` = 400000;
INSERT INTO `creature` VALUES (400000, 9658, 1, 1, 1141, 0, 16234.0468, 16396.9902, -64.3804, 2.3490, 300, 0, 0, 1, 0, 0, 0);

SET @GUID := 68009;
DELETE FROM `creature` WHERE `guid` = @GUID;
INSERT INTO `creature` VALUES (68009, 18947, 530, 1, 0, 0, 9308.56, -6554.44, 34.6806, 2.17051, 300, 0, 0, 112, 191, 0, 2);
DELETE FROM `creature_addon` WHERE `guid` = @GUID;
INSERT INTO `creature_addon` (`guid`,`path_id`,`mount`,`bytes0`,`bytes1`,`bytes2`,`emote`,`moveflags`,`auras`) VALUES (@GUID,@GUID,0,0,0,4097,0,0,NULL);
DELETE FROM `waypoint_data` WHERE `id` = @GUID;
INSERT INTO `waypoint_data` VALUES (68009, 1, 9308.56, -6554.44, 34.6806, 30000, 0, 0, 100, 0);
INSERT INTO `waypoint_data` VALUES (68009, 2, 9308.9, -6549.6, 34.6871, 0, 0, 0, 100, 0);
INSERT INTO `waypoint_data` VALUES (68009, 3, 9310.42, -6547.2, 34.6966, 0, 0, 0, 100, 0);
INSERT INTO `waypoint_data` VALUES (68009, 4, 9312.12, -6546.47, 35.6365, 10000, 0, 0, 100, 0); -- 1894701
INSERT INTO `waypoint_data` VALUES (68009, 5, 9309.84, -6546.45, 34.6963, 0, 0, 0, 100, 0);
INSERT INTO `waypoint_data` VALUES (68009, 6, 9306.75, -6544.39, 34.6448, 0, 0, 0, 100, 0);
INSERT INTO `waypoint_data` VALUES (68009, 7, 9304.57, -6542.03, 34.7358, 10000, 0, 0, 100, 0); -- 1894701
INSERT INTO `waypoint_data` VALUES (68009, 8, 9300.32, -6553.67, 34.6046, 15000, 0, 0, 100, 0);
INSERT INTO `waypoint_data` VALUES (68009, 9, 9302.13, -6550.81, 34.623, 0, 0, 0, 100, 0);
INSERT INTO `waypoint_data` VALUES (68009, 10, 9305.58, -6548.93, 34.6424, 0, 0, 0, 100, 0);
INSERT INTO `waypoint_data` VALUES (68009, 11, 9311.03, -6549.56, 34.7268, 14000, 0, 0, 100, 0); -- 1894702
INSERT INTO `waypoint_data` VALUES (68009, 12, 9308.56, -6554.44, 34.6806, 0, 0, 0, 100, 0);
INSERT INTO `waypoint_data` VALUES (68009, 13, 9308.56, -6554.44, 34.6806, 180000, 0, 0, 100, 0);

UPDATE `creature_template` SET `faction_A` = 1754, `faction_H` = 1754 WHERE `entry` = 18977;
DELETE FROM `creature_ai_scripts` WHERE `entryOrGUID` = 18977;
INSERT INTO `creature_ai_scripts` VALUES (1897701, 18977, 4, 0, 100, 0, 0, 0, 0, 0, 11, 33971, 1, 2, 11, 40602, 1, 7, 0, 0, 0, 0, 'Felguard Destroyer - Cast Sweeping Charge on Aggro');

UPDATE `waypoint_data` SET `action` = 209 WHERE `id` = 1726 AND `point` = 42;
DELETE FROM `waypoint_scripts` WHERE `guid` = 210;
INSERT INTO `waypoint_scripts` VALUES (210, 0, 21, 0, 0, 0, 0, 0, 0, 0, 210, 'Creature - Despawn');

DELETE FROM `waypoint_scripts` WHERE `guid` = 1897701;
INSERT INTO `waypoint_scripts` VALUES (1897701, 0, 15, 7741, 1, 0, 0, 0, 0, 0, 1897701, 'Felguard Destroyer - Cast Summoned Demon');

SET @GUID := 68187;
DELETE FROM `creature` WHERE `guid` = @GUID;
INSERT INTO `creature` VALUES (68187, 18977, 530, 1, 0, 0, 146.974, 1718.26, 38.3065, 3.00328, 120, 0, 0, 9958, 0, 0, 2);
DELETE FROM `creature_addon` WHERE `guid` = @GUID;
INSERT INTO `creature_addon` (`guid`,`path_id`,`mount`,`bytes0`,`bytes1`,`bytes2`,`emote`,`moveflags`,`auras`) VALUES (@GUID,@GUID,0,0,0,4097,0,0,NULL);
DELETE FROM `waypoint_data` WHERE `id` = @GUID;
INSERT INTO `waypoint_data` VALUES (68187, 1, 146.974, 1718.26, 38.3065, 5000, 0, 1897701, 100, 0); -- 1897701
INSERT INTO `waypoint_data` VALUES (68187, 2, 136.14, 1718.34, 39.668, 0, 0, 0, 0, 0);
INSERT INTO `waypoint_data` VALUES (68187, 3, 88.8104, 1705.05, 41.6697, 0, 0, 0, 0, 0);
INSERT INTO `waypoint_data` VALUES (68187, 4, 82.1218, 1703.73, 39.8766, 0, 0, 0, 0, 0);
INSERT INTO `waypoint_data` VALUES (68187, 5, 76.4519, 1694.45, 41.9352, 0, 0, 0, 0, 0);
INSERT INTO `waypoint_data` VALUES (68187, 6, 59.2275, 1658.92, 40.4723, 0, 0, 0, 0, 0);
INSERT INTO `waypoint_data` VALUES (68187, 7, 37.7368, 1630.22, 40.4495, 0, 0, 0, 0, 0);
INSERT INTO `waypoint_data` VALUES (68187, 8, 11.3192, 1609.2, 38.5375, 0, 0, 0, 0, 0);
INSERT INTO `waypoint_data` VALUES (68187, 9, 2.02095, 1602.75, 37.2254, 0, 0, 0, 0, 0);
INSERT INTO `waypoint_data` VALUES (68187, 10, -5.44604, 1595.57, 39.46, 0, 0, 0, 0, 0);
INSERT INTO `waypoint_data` VALUES (68187, 11, -8.80662, 1587.53, 38.9472, 0, 0, 0, 0, 0);
INSERT INTO `waypoint_data` VALUES (68187, 12, -16.944, 1575.29, 37.4055, 0, 0, 0, 0, 0);
INSERT INTO `waypoint_data` VALUES (68187, 13, -27.1672, 1539.12, 29.9471, 0, 0, 0, 0, 0);
INSERT INTO `waypoint_data` VALUES (68187, 14, -31.0452, 1516.04, 23.8711, 0, 0, 0, 0, 0);
INSERT INTO `waypoint_data` VALUES (68187, 15, -33.1563, 1508.03, 19.6868, 0, 0, 0, 0, 0);
INSERT INTO `waypoint_data` VALUES (68187, 16, -37.6349, 1504.89, 18.1432, 0, 0, 0, 0, 0);
INSERT INTO `waypoint_data` VALUES (68187, 17, -43.8562, 1499.88, 22.6268, 0, 0, 0, 0, 0);
INSERT INTO `waypoint_data` VALUES (68187, 18, -56.4263, 1489.25, 24.203, 0, 0, 0, 0, 0);
INSERT INTO `waypoint_data` VALUES (68187, 19, -60.6662, 1482.24, 18.5646, 0, 0, 0, 0, 0);
INSERT INTO `waypoint_data` VALUES (68187, 20, -62.2762, 1471.64, 18.1834, 0, 0, 0, 0, 0);
INSERT INTO `waypoint_data` VALUES (68187, 21, -83.3243, 1453.51, 18.1357, 0, 0, 0, 0, 0);
INSERT INTO `waypoint_data` VALUES (68187, 22, -90.7173, 1449.74, 14.4253, 0, 0, 0, 0, 0);
INSERT INTO `waypoint_data` VALUES (68187, 23, -95.1895, 1443.93, 13.583, 0, 0, 0, 0, 0);
INSERT INTO `waypoint_data` VALUES (68187, 24, -99.6358, 1440.52, 16.7588, 0, 0, 0, 0, 0);
INSERT INTO `waypoint_data` VALUES (68187, 25, -122.879, 1421.33, 18.8397, 0, 0, 0, 0, 0);
INSERT INTO `waypoint_data` VALUES (68187, 26, -144.426, 1392.7, 14.4535, 0, 0, 0, 0, 0);
INSERT INTO `waypoint_data` VALUES (68187, 27, -158.298, 1370.54, 11.8894, 0, 0, 0, 0, 0);
INSERT INTO `waypoint_data` VALUES (68187, 28, -168.949, 1348.08, 8.04313, 0, 0, 0, 0, 0);
INSERT INTO `waypoint_data` VALUES (68187, 29, -172.158, 1341.32, 11.6357, 0, 0, 0, 0, 0);
INSERT INTO `waypoint_data` VALUES (68187, 30, -175.913, 1311.72, 17.8113, 0, 0, 0, 0, 0);
INSERT INTO `waypoint_data` VALUES (68187, 31, -186.56, 1284.94, 26.9644, 0, 0, 0, 0, 0);
INSERT INTO `waypoint_data` VALUES (68187, 32, -200.465, 1251.87, 34.7689, 10000, 0, 0, 0, 0);
INSERT INTO `waypoint_data` VALUES (68187, 33, -200.465, 1251.87, 34.7689, 1000, 0, 210, 100, 0); -- 1897702

SET @GUID := 68188;
DELETE FROM `creature` WHERE `guid` = @GUID;
INSERT INTO `creature` VALUES (68188, 18977, 530, 1, 0, 0, -418.684, 1847.7, 81.0938, 4.63013, 120, 0, 0, 9958, 0, 0, 2);
DELETE FROM `creature_addon` WHERE `guid` = @GUID;
INSERT INTO `creature_addon` (`guid`,`path_id`,`mount`,`bytes0`,`bytes1`,`bytes2`,`emote`,`moveflags`,`auras`) VALUES (@GUID,@GUID,0,0,0,4097,0,0,NULL);
DELETE FROM `waypoint_data` WHERE `id` = @GUID;
INSERT INTO `waypoint_data` VALUES (68188, 1, -418.684, 1847.7, 81.0938, 5000, 0, 1897701, 100, 0); -- 1897701
INSERT INTO `waypoint_data` VALUES (68188, 2, -417.971, 1837.02, 76.8658, 0, 0, 0, 0, 0);
INSERT INTO `waypoint_data` VALUES (68188, 3, -405.054, 1790.16, 65.1598, 0, 0, 0, 0, 0);
INSERT INTO `waypoint_data` VALUES (68188, 4, -392.992, 1761.18, 59.1604, 0, 0, 0, 0, 0);
INSERT INTO `waypoint_data` VALUES (68188, 5, -374.273, 1730.57, 55.6068, 0, 0, 0, 0, 0);
INSERT INTO `waypoint_data` VALUES (68188, 6, -368.784, 1726.27, 53.5258, 0, 0, 0, 0, 0);
INSERT INTO `waypoint_data` VALUES (68188, 7, -364.108, 1717.45, 55.1667, 0, 0, 0, 0, 0);
INSERT INTO `waypoint_data` VALUES (68188, 8, -350.564, 1680.91, 54.143, 0, 0, 0, 0, 0);
INSERT INTO `waypoint_data` VALUES (68188, 9, -331.799, 1633.08, 59.0785, 0, 0, 0, 0, 0);
INSERT INTO `waypoint_data` VALUES (68188, 10, -321.523, 1609.61, 57.9399, 0, 0, 0, 0, 0);
INSERT INTO `waypoint_data` VALUES (68188, 11, -320.148, 1574.2, 49.4685, 0, 0, 0, 0, 0);
INSERT INTO `waypoint_data` VALUES (68188, 12, -330.446, 1537.61, 42.7065, 0, 0, 0, 0, 0);
INSERT INTO `waypoint_data` VALUES (68188, 13, -329.748, 1495.1, 32.3995, 0, 0, 0, 0, 0);
INSERT INTO `waypoint_data` VALUES (68188, 14, -327.481, 1456.15, 21.774, 0, 0, 0, 0, 0);
INSERT INTO `waypoint_data` VALUES (68188, 15, -326.607, 1425.59, 14.9244, 0, 0, 0, 0, 0);
INSERT INTO `waypoint_data` VALUES (68188, 16, -329.437, 1419.7, 10.0179, 0, 0, 0, 0, 0);
INSERT INTO `waypoint_data` VALUES (68188, 17, -331.679, 1412.19, 9.89117, 0, 0, 0, 0, 0);
INSERT INTO `waypoint_data` VALUES (68188, 18, -333.99, 1404.04, 12.5504, 0, 0, 0, 0, 0);
INSERT INTO `waypoint_data` VALUES (68188, 19, -333.571, 1366.64, 13.2063, 0, 0, 0, 0, 0);
INSERT INTO `waypoint_data` VALUES (68188, 20, -324.498, 1332.78, 18.0149, 0, 0, 0, 0, 0);
INSERT INTO `waypoint_data` VALUES (68188, 21, -310.87, 1297.21, 24.4017, 0, 0, 0, 0, 0);
INSERT INTO `waypoint_data` VALUES (68188, 22, -291.883, 1264.71, 31.3752, 0, 0, 0, 0, 0);
INSERT INTO `waypoint_data` VALUES (68188, 23, -286.375, 1256.75, 33.0537, 0, 0, 0, 0, 0);
INSERT INTO `waypoint_data` VALUES (68188, 24, -278.524, 1241.67, 35.2826, 10000, 0, 0, 0, 0);
INSERT INTO `waypoint_data` VALUES (68188, 25, -278.524, 1241.67, 35.2826, 1000, 0, 210, 100, 0); -- 1897702

SET @GUID := 68189;
DELETE FROM `creature` WHERE `guid` = @GUID;
INSERT INTO `creature` VALUES (68189, 18977, 530, 1, 0, 0, -84.6836, 1881.47, 74.695, 5.68932, 120, 0, 0, 9958, 0, 0, 2);
DELETE FROM `creature_addon` WHERE `guid` = @GUID;
INSERT INTO `creature_addon` (`guid`,`path_id`,`mount`,`bytes0`,`bytes1`,`bytes2`,`emote`,`moveflags`,`auras`) VALUES (@GUID,@GUID,0,0,0,4097,0,0,NULL);
DELETE FROM `waypoint_data` WHERE `id` = @GUID;
INSERT INTO `waypoint_data` VALUES (68189, 1, -84.6836, 1881.47, 74.695, 5000, 0, 1897701, 100, 0); -- 1897701
INSERT INTO `waypoint_data` VALUES (68189, 2, -73.7038, 1873.04, 71.3422, 0, 0, 0, 0, 0);
INSERT INTO `waypoint_data` VALUES (68189, 3, -76.5257, 1856.16, 70.1537, 0, 0, 0, 0, 0);
INSERT INTO `waypoint_data` VALUES (68189, 4, -103.248, 1816.39, 69.5072, 0, 0, 0, 0, 0);
INSERT INTO `waypoint_data` VALUES (68189, 5, -118.046, 1774.96, 66.762, 0, 0, 0, 0, 0);
INSERT INTO `waypoint_data` VALUES (68189, 6, -140.647, 1742, 65.1115, 0, 0, 0, 0, 0);
INSERT INTO `waypoint_data` VALUES (68189, 7, -147.946, 1704.46, 59.5284, 0, 0, 0, 0, 0);
INSERT INTO `waypoint_data` VALUES (68189, 8, -158.767, 1669.02, 50.4069, 0, 0, 0, 0, 0);
INSERT INTO `waypoint_data` VALUES (68189, 9, -162.744, 1661.78, 47.0241, 0, 0, 0, 0, 0);
INSERT INTO `waypoint_data` VALUES (68189, 10, -162.393, 1651.14, 45.2469, 0, 0, 0, 0, 0);
INSERT INTO `waypoint_data` VALUES (68189, 11, -163.436, 1639.86, 45.6848, 0, 0, 0, 0, 0);
INSERT INTO `waypoint_data` VALUES (68189, 12, -165.127, 1618.18, 43.3727, 0, 0, 0, 0, 0);
INSERT INTO `waypoint_data` VALUES (68189, 13, -165.351, 1590.24, 37.7744, 0, 0, 0, 0, 0);
INSERT INTO `waypoint_data` VALUES (68189, 14, -163.907, 1571.56, 34.868, 0, 0, 0, 0, 0);
INSERT INTO `waypoint_data` VALUES (68189, 15, -166.539, 1564.38, 30.8405, 0, 0, 0, 0, 0);
INSERT INTO `waypoint_data` VALUES (68189, 16, -168.3, 1557.99, 32.0816, 0, 0, 0, 0, 0);
INSERT INTO `waypoint_data` VALUES (68189, 17, -180.223, 1519.54, 27.9732, 0, 0, 0, 0, 0);
INSERT INTO `waypoint_data` VALUES (68189, 18, -189.469, 1478.23, 24.0397, 0, 0, 0, 0, 0);
INSERT INTO `waypoint_data` VALUES (68189, 19, -186.49, 1440.5, 19.931, 0, 0, 0, 0, 0);
INSERT INTO `waypoint_data` VALUES (68189, 20, -184.815, 1406.19, 17.5609, 0, 0, 0, 0, 0);
INSERT INTO `waypoint_data` VALUES (68189, 21, -198.149, 1359.6, 13.7377, 0, 0, 0, 0, 0);
INSERT INTO `waypoint_data` VALUES (68189, 22, -200.635, 1351.7, 13.5938, 0, 0, 0, 0, 0);
INSERT INTO `waypoint_data` VALUES (68189, 23, -196.219, 1344.72, 14.9146, 0, 0, 0, 0, 0);
INSERT INTO `waypoint_data` VALUES (68189, 24, -185.332, 1314.39, 19.0676, 0, 0, 0, 0, 0);
INSERT INTO `waypoint_data` VALUES (68189, 25, -184.324, 1279.34, 28.113, 0, 0, 0, 0, 0);
INSERT INTO `waypoint_data` VALUES (68189, 26, -190.785, 1251.4, 35.008, 10000, 0, 0, 0, 0);
INSERT INTO `waypoint_data` VALUES (68189, 27, -190.785, 1251.4, 35.008, 1000, 0, 210, 100, 0); -- 1897702

SET @GUID := 68190;
DELETE FROM `creature` WHERE `guid` = @GUID;
INSERT INTO `creature` VALUES (68190, 18977, 530, 1, 0, 0, -548.751, 1783.9, 58.7928, 5.75795, 120, 0, 0, 9958, 0, 0, 2);
DELETE FROM `creature_addon` WHERE `guid` = @GUID;
INSERT INTO `creature_addon` (`guid`,`path_id`,`mount`,`bytes0`,`bytes1`,`bytes2`,`emote`,`moveflags`,`auras`) VALUES (@GUID,@GUID,0,0,0,4097,0,0,NULL);
DELETE FROM `waypoint_data` WHERE `id` = @GUID;
INSERT INTO `waypoint_data` VALUES (68190, 1, -548.751, 1783.9, 58.7928, 5000, 0, 1897701, 100, 0); -- 1897701
INSERT INTO `waypoint_data` VALUES (68190, 2, -539.332, 1778.15, 54.9166, 0, 0, 0, 0, 0);
INSERT INTO `waypoint_data` VALUES (68190, 3, -484.651, 1762, 47.9689, 0, 0, 0, 0, 0);
INSERT INTO `waypoint_data` VALUES (68190, 4, -477.387, 1759.1, 44.3182, 0, 0, 0, 0, 0);
INSERT INTO `waypoint_data` VALUES (68190, 5, -470.217, 1751.53, 44.7839, 0, 0, 0, 0, 0);
INSERT INTO `waypoint_data` VALUES (68190, 6, -428.524, 1713.26, 48.1163, 0, 0, 0, 0, 0);
INSERT INTO `waypoint_data` VALUES (68190, 7, -420.193, 1706.26, 46.9401, 0, 0, 0, 0, 0);
INSERT INTO `waypoint_data` VALUES (68190, 8, -415.045, 1697.1, 49.8067, 0, 0, 0, 0, 0);
INSERT INTO `waypoint_data` VALUES (68190, 9, -402.634, 1677.48, 49.7941, 0, 0, 0, 0, 0);
INSERT INTO `waypoint_data` VALUES (68190, 10, -399.692, 1633.82, 52.2305, 0, 0, 0, 0, 0);
INSERT INTO `waypoint_data` VALUES (68190, 11, -411.174, 1581.67, 43.1752, 0, 0, 0, 0, 0);
INSERT INTO `waypoint_data` VALUES (68190, 12, -393.939, 1535.16, 36.96, 0, 0, 0, 0, 0);
INSERT INTO `waypoint_data` VALUES (68190, 13, -376.504, 1505.15, 29.9051, 0, 0, 0, 0, 0);
INSERT INTO `waypoint_data` VALUES (68190, 14, -354.074, 1464.56, 21.603, 0, 0, 0, 0, 0);
INSERT INTO `waypoint_data` VALUES (68190, 15, -347.61, 1441.91, 12.3608, 0, 0, 0, 0, 0);
INSERT INTO `waypoint_data` VALUES (68190, 16, -347.823, 1428.78, 9.38403, 0, 0, 0, 0, 0);
INSERT INTO `waypoint_data` VALUES (68190, 17, -359.393, 1413.81, 8.10839, 0, 0, 0, 0, 0);
INSERT INTO `waypoint_data` VALUES (68190, 18, -357.893, 1401.74, 2.89555, 0, 0, 0, 0, 0);
INSERT INTO `waypoint_data` VALUES (68190, 19, -354.706, 1392.34, 7.13694, 0, 0, 0, 0, 0);
INSERT INTO `waypoint_data` VALUES (68190, 20, -339.185, 1336.58, 16.0035, 0, 0, 0, 0, 0);
INSERT INTO `waypoint_data` VALUES (68190, 21, -317.356, 1281.35, 28.2195, 0, 0, 0, 0, 0);
INSERT INTO `waypoint_data` VALUES (68190, 22, -309.27, 1254.1, 30.9437, 0, 0, 0, 0, 0);
INSERT INTO `waypoint_data` VALUES (68190, 23, -296.135, 1230.56, 33.484, 10000, 0, 0, 0, 0);
INSERT INTO `waypoint_data` VALUES (68190, 24, -296.135, 1230.56, 33.484, 1000, 0, 210, 100, 0); -- 1897702

DELETE FROM `creature` WHERE `guid` IN (68394,68395,68398,68399);
DELETE FROM `creature` WHERE `guid` BETWEEN 400001 AND 400004;
INSERT INTO `creature` VALUES (400001, 26251, 530, 1, 0, 0, -337.196, 961.669, 54.2979, 1.5884, 30, 0, 0, 1, 0, 0, 0);
INSERT INTO `creature` VALUES (400002, 26251, 530, 1, 0, 0, -161.63, 964.481, 54.2989, 1.6004, 30, 0, 0, 1, 0, 0, 0);
INSERT INTO `creature` VALUES (400003, 26255, 530, 1, 0, 0, -337.196, 961.669, 54.2979, 1.5884, 30, 0, 0, 1, 0, 0, 0);
INSERT INTO `creature` VALUES (400004, 26255, 530, 1, 0, 0, -161.63, 964.481, 54.2989, 1.6004, 30, 0, 0, 1, 0, 0, 0);

SET @GUID := 68393;
DELETE FROM `creature` WHERE `guid` = @GUID;
INSERT INTO `creature` VALUES (68393, 19077, 530, 1, 0, 0, -1893.76, 5181.95, -46.6776, 6.23994, 300, 5, 0, 5600, 0, 0, 2);
DELETE FROM `creature_addon` WHERE `guid` = @GUID;
INSERT INTO `creature_addon` (`guid`,`path_id`,`mount`,`bytes0`,`bytes1`,`bytes2`,`emote`,`moveflags`,`auras`) VALUES (@GUID,@GUID,0,0,0,4097,0,0,NULL);
DELETE FROM `waypoint_data` WHERE `id` = @GUID;
INSERT INTO `waypoint_data` VALUES (68393, 1, -1861.92, 5170.83, -49.3571, 0, 0, 0, 0, 0);
INSERT INTO `waypoint_data` VALUES (68393, 2, -1875.78, 5179.95, -50.1392, 0, 0, 0, 0, 0);
INSERT INTO `waypoint_data` VALUES (68393, 3, -1888.46, 5157.1, -40.5147, 0, 0, 0, 0, 0);
INSERT INTO `waypoint_data` VALUES (68393, 4, -1915.48, 5174.51, -40.2088, 0, 0, 0, 0, 0);
INSERT INTO `waypoint_data` VALUES (68393, 5, -1902.55, 5215.19, -48.5745, 0, 0, 0, 0, 0);
INSERT INTO `waypoint_data` VALUES (68393, 6, -1870.6, 5221.16, -40.2084, 0, 0, 0, 0, 0);
INSERT INTO `waypoint_data` VALUES (68393, 7, -1872.77, 5151.86, -45.9423, 0, 0, 0, 0, 0);
INSERT INTO `waypoint_data` VALUES (68393, 8, -1830.71, 5173.15, -49.4324, 0, 0, 0, 0, 0);
INSERT INTO `waypoint_data` VALUES (68393, 9, -1865.38, 5176.11, -49.7907, 0, 0, 0, 0, 0);

SET @GUID := 68394;
DELETE FROM `creature` WHERE `guid` = @GUID;
INSERT INTO `creature` VALUES (68394, 19077, 530, 1, 0, 0, -1892.38, 5179.57, -46.6341, 6.23994, 300, 5, 0, 5600, 0, 0, 2);
DELETE FROM `creature_addon` WHERE `guid` = @GUID;
INSERT INTO `creature_addon` (`guid`,`path_id`,`mount`,`bytes0`,`bytes1`,`bytes2`,`emote`,`moveflags`,`auras`) VALUES (@GUID,@GUID,0,0,0,4097,0,0,NULL);
DELETE FROM `waypoint_data` WHERE `id` = @GUID;
INSERT INTO `waypoint_data` VALUES (68394, 1, -1865.79, 5169.72, -49.6475, 0, 0, 0, 0, 0);
INSERT INTO `waypoint_data` VALUES (68394, 2, -1876.58, 5177.51, -49.6518, 0, 0, 0, 0, 0);
INSERT INTO `waypoint_data` VALUES (68394, 3, -1887.59, 5161.49, -42.3299, 0, 0, 0, 0, 0);
INSERT INTO `waypoint_data` VALUES (68394, 4, -1912.86, 5176.21, -40.2088, 0, 0, 0, 0, 0);
INSERT INTO `waypoint_data` VALUES (68394, 5, -1904.29, 5218.9, -47.7058, 0, 0, 0, 0, 0);
INSERT INTO `waypoint_data` VALUES (68394, 6, -1874.02, 5229.39, -40.2084, 0, 0, 0, 0, 0);
INSERT INTO `waypoint_data` VALUES (68394, 7, -1867.6, 5151.35, -44.6094, 0, 0, 0, 0, 0);
INSERT INTO `waypoint_data` VALUES (68394, 8, -1835.97, 5178.56, -49.7912, 0, 0, 0, 0, 0);
INSERT INTO `waypoint_data` VALUES (68394, 9, -1865.57, 5179.66, -49.8009, 0, 0, 0, 0, 0);

SET @GUID := 68395;
DELETE FROM `creature` WHERE `guid` = @GUID;
INSERT INTO `creature` VALUES (68395, 19077, 530, 1, 0, 0, -1889.54, 5179.68, -47.2435, 6.23994, 300, 5, 0, 5600, 0, 0, 2);
DELETE FROM `creature_addon` WHERE `guid` = @GUID;
INSERT INTO `creature_addon` (`guid`,`path_id`,`mount`,`bytes0`,`bytes1`,`bytes2`,`emote`,`moveflags`,`auras`) VALUES (@GUID,@GUID,0,0,0,4097,0,0,NULL);
DELETE FROM `waypoint_data` WHERE `id` = @GUID;
INSERT INTO `waypoint_data` VALUES (68395, 1, -1859.48, 5167.44, -48.7334, 0, 0, 0, 0, 0);
INSERT INTO `waypoint_data` VALUES (68395, 2, -1880.71, 5180.71, -48.8896, 0, 0, 0, 0, 0);
INSERT INTO `waypoint_data` VALUES (68395, 3, -1890.13, 5161.01, -40.8421, 0, 0, 0, 0, 0);
INSERT INTO `waypoint_data` VALUES (68395, 4, -1915.89, 5176.17, -40.2088, 0, 0, 0, 0, 0);
INSERT INTO `waypoint_data` VALUES (68395, 5, -1898.73, 5217.78, -48.0446, 0, 0, 0, 0, 0);
INSERT INTO `waypoint_data` VALUES (68395, 6, -1870.32, 5226.94, -40.2084, 0, 0, 0, 0, 0);
INSERT INTO `waypoint_data` VALUES (68395, 7, -1874.87, 5149.71, -46.0181, 0, 0, 0, 0, 0);
INSERT INTO `waypoint_data` VALUES (68395, 8, -1836.54, 5172.59, -48.7732, 0, 0, 0, 0, 0);
INSERT INTO `waypoint_data` VALUES (68395, 9, -1869.23, 5175.23, -50.0966, 0, 0, 0, 0, 0);

SET @GUID := 68744;
DELETE FROM `creature` WHERE `guid` = @GUID;
INSERT INTO `creature` VALUES (68744, 19215, 530, 1, 0, 0, -266.312, 1099.08, 41.7916, 1.73303, 300, 0, 0, 8, 0, 0, 2);
DELETE FROM `creature_addon` WHERE `guid` = @GUID;
INSERT INTO `creature_addon` (`guid`,`path_id`,`mount`,`bytes0`,`bytes1`,`bytes2`,`emote`,`moveflags`,`auras`) VALUES (@GUID,@GUID,0,0,0,4097,0,0,NULL);
DELETE FROM `waypoint_data` WHERE `id` = @GUID;
INSERT INTO `waypoint_data` VALUES (68744, 1, -260.766, 1093.41, 41.6666, 0, 0, 0, 0, 0);
INSERT INTO `waypoint_data` VALUES (68744, 2, -259.812, 1098.64, 41.6666, 0, 0, 0, 0, 0);
INSERT INTO `waypoint_data` VALUES (68744, 3, -242.463, 1099.17, 41.6666, 0, 0, 0, 0, 0);
INSERT INTO `waypoint_data` VALUES (68744, 4, -242.316, 1094.29, 41.6666, 0, 0, 0, 0, 0);

SET @GUID := 68745;
DELETE FROM `creature` WHERE `guid` = @GUID;
INSERT INTO `creature` VALUES (68745, 19215, 530, 1, 0, 0, -234.448, 1097.6, 41.7916, 2.89898, 300, 0, 0, 8, 0, 0, 2);
DELETE FROM `creature_addon` WHERE `guid` = @GUID;
INSERT INTO `creature_addon` (`guid`,`path_id`,`mount`,`bytes0`,`bytes1`,`bytes2`,`emote`,`moveflags`,`auras`) VALUES (@GUID,@GUID,0,0,0,4097,0,0,NULL);
DELETE FROM `waypoint_data` WHERE `id` = @GUID;
INSERT INTO `waypoint_data` VALUES (68745, 1, -233.971, 1094.96, 41.668, 0, 0, 0, 0, 0);
INSERT INTO `waypoint_data` VALUES (68745, 2, -246.08, 1094.57, 41.668, 0, 0, 0, 0, 0);
INSERT INTO `waypoint_data` VALUES (68745, 3, -247.234, 1097.84, 41.668, 0, 0, 0, 0, 0);
INSERT INTO `waypoint_data` VALUES (68745, 4, -232.666, 1097.36, 41.668, 0, 0, 0, 0, 0);

SET @GUID := 68835; -- Gameeventbound which is not yet implemented
DELETE FROM `creature` WHERE `guid` = @GUID;
INSERT INTO `creature` VALUES (68835, 19270, 530, 1, 0, 0, -1751.44, 5167.03, -37.2049, 4.73719, 300, 0, 0, 881, 0, 0, 2);
DELETE FROM `creature_addon` WHERE `guid` = @GUID;
INSERT INTO `creature_addon` (`guid`,`path_id`,`mount`,`bytes0`,`bytes1`,`bytes2`,`emote`,`moveflags`,`auras`) VALUES (@GUID,@GUID,0,0,0,4097,0,0,NULL);
DELETE FROM `waypoint_data` WHERE `id` = @GUID;
INSERT INTO `waypoint_data` VALUES (68835, 1, -1757.02, 5165.38, -37.2038, 0, 0, 0, 0, 0);
INSERT INTO `waypoint_data` VALUES (68835, 2, -1762.27, 5180.57, -40.2091, 0, 0, 0, 0, 0);
INSERT INTO `waypoint_data` VALUES (68835, 3, -1716.24, 5182.46, -40.2091, 4000, 0, 0, 0, 0); -- 6883501
INSERT INTO `waypoint_data` VALUES (68835, 4, -1705.72, 5191, -40.2091, 0, 0, 0, 0, 0);
INSERT INTO `waypoint_data` VALUES (68835, 5, -1699.66, 5195.93, -44.0718, 0, 0, 0, 0, 0);
INSERT INTO `waypoint_data` VALUES (68835, 6, -1690.79, 5203.14, -48.6574, 0, 0, 0, 0, 0);
INSERT INTO `waypoint_data` VALUES (68835, 7, -1656.28, 5223.15, -44.9596, 0, 0, 0, 0, 0);
INSERT INTO `waypoint_data` VALUES (68835, 8, -1650.44, 5230.44, -42.5304, 0, 0, 0, 0, 0);
INSERT INTO `waypoint_data` VALUES (68835, 9, -1631.12, 5254.6, -40.9607, 0, 0, 0, 0, 0);
INSERT INTO `waypoint_data` VALUES (68835, 10, -1640.88, 5304.2, -40.2084, 6000, 0, 0, 0, 0); -- 6883501
INSERT INTO `waypoint_data` VALUES (68835, 11, -1636.22, 5314.78, -40.2084, 0, 0, 0, 0, 0);
INSERT INTO `waypoint_data` VALUES (68835, 12, -1622.16, 5326.45, -40.2084, 0, 0, 0, 0, 0);
INSERT INTO `waypoint_data` VALUES (68835, 13, -1610.3, 5355.94, -40.2084, 0, 0, 0, 0, 0);
INSERT INTO `waypoint_data` VALUES (68835, 14, -1609.98, 5366.09, -40.2084, 0, 0, 0, 0, 0);
INSERT INTO `waypoint_data` VALUES (68835, 15, -1622.1, 5373.63, -40.0386, 0, 0, 0, 0, 0);
INSERT INTO `waypoint_data` VALUES (68835, 16, -1625.53, 5377.08, -42.8777, 0, 0, 0, 0, 0);
INSERT INTO `waypoint_data` VALUES (68835, 17, -1630.16, 5381.02, -45.0095, 0, 0, 0, 0, 0);
INSERT INTO `waypoint_data` VALUES (68835, 18, -1639.84, 5390.49, -45.3814, 6000, 0, 0, 0, 0); -- 6883501
INSERT INTO `waypoint_data` VALUES (68835, 19, -1651.62, 5378.31, -45.7854, 0, 0, 0, 0, 0);
INSERT INTO `waypoint_data` VALUES (68835, 20, -1666.03, 5353.6, -46.0252, 0, 0, 0, 0, 0);
INSERT INTO `waypoint_data` VALUES (68835, 21, -1673.58, 5311.18, -49.4892, 0, 0, 0, 0, 0);
INSERT INTO `waypoint_data` VALUES (68835, 22, -1674.79, 5289.95, -50.821, 0, 0, 0, 0, 0);
INSERT INTO `waypoint_data` VALUES (68835, 23, -1686.38, 5261.5, -51.5536, 0, 0, 0, 0, 0);
INSERT INTO `waypoint_data` VALUES (68835, 24, -1693.98, 5257.05, -51.2394, 0, 0, 0, 0, 0);
INSERT INTO `waypoint_data` VALUES (68835, 25, -1699.58, 5259.92, -49.9008, 0, 0, 0, 0, 0);
INSERT INTO `waypoint_data` VALUES (68835, 26, -1702.56, 5258.06, -49.4939, 0, 0, 0, 0, 0);
INSERT INTO `waypoint_data` VALUES (68835, 27, -1706.01, 5263.32, -47.3521, 0, 0, 0, 0, 0);
INSERT INTO `waypoint_data` VALUES (68835, 28, -1709.49, 5268.41, -43.9396, 0, 0, 0, 0, 0);
INSERT INTO `waypoint_data` VALUES (68835, 29, -1728.39, 5269.04, -40.2088, 0, 0, 0, 0, 0);
INSERT INTO `waypoint_data` VALUES (68835, 30, -1738.07, 5268.11, -40.2088, 0, 0, 0, 0, 0);
INSERT INTO `waypoint_data` VALUES (68835, 31, -1747.25, 5258.58, -40.2088, 0, 0, 0, 0, 0);
INSERT INTO `waypoint_data` VALUES (68835, 32, -1772.78, 5264.65, -38.8085, 0, 0, 0, 0, 0);
INSERT INTO `waypoint_data` VALUES (68835, 33, -1772.22, 5261.73, -38.8165, 6000, 0, 0, 0, 0); -- 6883501
INSERT INTO `waypoint_data` VALUES (68835, 34, -1771.43, 5253.67, -38.8506, 0, 0, 0, 0, 0);
INSERT INTO `waypoint_data` VALUES (68835, 35, -1772.21, 5250.13, -40.2087, 0, 0, 0, 0, 0);
INSERT INTO `waypoint_data` VALUES (68835, 36, -1778.68, 5242.04, -40.2087, 0, 0, 0, 0, 0);
INSERT INTO `waypoint_data` VALUES (68835, 37, -1782.5, 5233.71, -44.9431, 0, 0, 0, 0, 0);
INSERT INTO `waypoint_data` VALUES (68835, 38, -1786.48, 5223.96, -48.7779, 0, 0, 0, 0, 0);
INSERT INTO `waypoint_data` VALUES (68835, 39, -1794.15, 5216.84, -48.9563, 0, 0, 0, 0, 0);
INSERT INTO `waypoint_data` VALUES (68835, 40, -1804.09, 5212.84, -49.6782, 0, 0, 0, 0, 0);
INSERT INTO `waypoint_data` VALUES (68835, 41, -1808.76, 5211.69, -47.2981, 0, 0, 0, 0, 0);
INSERT INTO `waypoint_data` VALUES (68835, 42, -1815.07, 5201.33, -50.6577, 0, 0, 0, 0, 0);
INSERT INTO `waypoint_data` VALUES (68835, 43, -1820.61, 5189.25, -51.6386, 0, 0, 0, 0, 0);
INSERT INTO `waypoint_data` VALUES (68835, 44, -1823.28, 5180.36, -51.0135, 0, 0, 0, 0, 0);
INSERT INTO `waypoint_data` VALUES (68835, 45, -1843.79, 5167.99, -47.3273, 0, 0, 0, 0, 0);
INSERT INTO `waypoint_data` VALUES (68835, 46, -1875.47, 5164.36, -48.6481, 0, 0, 0, 0, 0);
INSERT INTO `waypoint_data` VALUES (68835, 47, -1883.85, 5162.45, -44.7312, 0, 0, 0, 0, 0);
INSERT INTO `waypoint_data` VALUES (68835, 48, -1893.51, 5160.85, -40.2086, 0, 0, 0, 0, 0);
INSERT INTO `waypoint_data` VALUES (68835, 49, -1899.91, 5163.16, -40.2086, 0, 0, 0, 0, 0);
INSERT INTO `waypoint_data` VALUES (68835, 50, -1900.45, 5166.11, -40.2086, 6000, 0, 0, 0, 0); -- 6883501
INSERT INTO `waypoint_data` VALUES (68835, 51, -1911.95, 5176.88, -40.2086, 0, 0, 0, 0, 0);
INSERT INTO `waypoint_data` VALUES (68835, 52, -1912.36, 5191.24, -43.7403, 0, 0, 0, 0, 0);
INSERT INTO `waypoint_data` VALUES (68835, 53, -1914.22, 5198.11, -47.7808, 0, 0, 0, 0, 0);
INSERT INTO `waypoint_data` VALUES (68835, 54, -1956.55, 5221.12, -47.2991, 0, 0, 0, 0, 0);
INSERT INTO `waypoint_data` VALUES (68835, 55, -1977.54, 5237.32, -46.0225, 0, 0, 0, 0, 0);
INSERT INTO `waypoint_data` VALUES (68835, 56, -2002.27, 5244.7, -45.778, 6000, 0, 0, 0, 0); -- 6883501
INSERT INTO `waypoint_data` VALUES (68835, 57, -1970.32, 5232.98, -46.1144, 0, 0, 0, 0, 0);
INSERT INTO `waypoint_data` VALUES (68835, 58, -1944.62, 5221.73, -47.4958, 0, 0, 0, 0, 0);
INSERT INTO `waypoint_data` VALUES (68835, 59, -1933, 5215.72, -47.2901, 0, 0, 0, 0, 0);
INSERT INTO `waypoint_data` VALUES (68835, 60, -1897.02, 5206.23, -49.8338, 0, 0, 0, 0, 0);
INSERT INTO `waypoint_data` VALUES (68835, 61, -1863.63, 5171.77, -49.6511, 0, 0, 0, 0, 0);
INSERT INTO `waypoint_data` VALUES (68835, 62, -1827.33, 5172.78, -49.8559, 0, 0, 0, 0, 0);
INSERT INTO `waypoint_data` VALUES (68835, 63, -1820.73, 5168.81, -46.3806, 0, 0, 0, 0, 0);
INSERT INTO `waypoint_data` VALUES (68835, 64, -1800.07, 5169.96, -40.7856, 0, 0, 0, 0, 0);
INSERT INTO `waypoint_data` VALUES (68835, 65, -1791.76, 5171.2, -40.4463, 0, 0, 0, 0, 0);
INSERT INTO `waypoint_data` VALUES (68835, 66, -1785.11, 5172.43, -40.2089, 0, 0, 0, 0, 0);
INSERT INTO `waypoint_data` VALUES (68835, 67, -1764.39, 5181.62, -40.2089, 0, 0, 0, 0, 0);
INSERT INTO `waypoint_data` VALUES (68835, 68, -1758.2, 5165.99, -37.2046, 0, 0, 0, 0, 0);
INSERT INTO `waypoint_data` VALUES (68835, 69, -1751.66, 5168.17, -37.2046, 0, 0, 0, 0, 0);
INSERT INTO `waypoint_data` VALUES (68835, 70, -1751.63, 5167.24, -37.2046, 1800000, 0, 0, 0, 0);

SET @GUID := 68836; -- Gameeventbound which is not yet implemented
DELETE FROM `creature` WHERE `guid` = @GUID;
INSERT INTO `creature` VALUES (68836, 19271, 530, 1, 0, 0, -1737.89, 5139.73, -37.3229, 2.03774, 300, 0, 0, 5900, 0, 0, 2);
DELETE FROM `creature_addon` WHERE `guid` = @GUID;
INSERT INTO `creature_addon` (`guid`,`path_id`,`mount`,`bytes0`,`bytes1`,`bytes2`,`emote`,`moveflags`,`auras`) VALUES (@GUID,@GUID,0,0,0,4097,0,0,NULL);
DELETE FROM `waypoint_data` WHERE `id` = @GUID;
INSERT INTO `waypoint_data` VALUES (68836, 1, -1737.89, 5139.73, -37.3229, 715000, 0, 0, 0, 0);
INSERT INTO `waypoint_data` VALUES (68836, 2, -1740.95, 5139.05, -36.7629, 0, 0, 0, 0, 0);
INSERT INTO `waypoint_data` VALUES (68836, 3, -1743.18, 5138.94, -36.2607, 0, 0, 0, 0, 0);
INSERT INTO `waypoint_data` VALUES (68836, 4, -1751.3, 5139.58, -36.2607, 0, 0, 0, 0, 0);
INSERT INTO `waypoint_data` VALUES (68836, 5, -1752.33, 5142.55, -36.2607, 5000, 0, 0, 0, 0);
INSERT INTO `waypoint_data` VALUES (68836, 6, -1752.12, 5142.02, -36.2607, 4000, 0, 0, 0, 0);
INSERT INTO `waypoint_data` VALUES (68836, 7, -1752.12, 5142.02, -36.2607, 4000, 0, 0, 0, 0);
INSERT INTO `waypoint_data` VALUES (68836, 8, -1750.27, 5143.63, -36.3534, 0, 0, 0, 0, 0);
INSERT INTO `waypoint_data` VALUES (68836, 9, -1749.59, 5145.78, -37.2049, 0, 0, 0, 0, 0);
INSERT INTO `waypoint_data` VALUES (68836, 10, -1746.59, 5145.33, -37.2049, 0, 0, 0, 0, 0);
INSERT INTO `waypoint_data` VALUES (68836, 11, -1740.9, 5143.23, -37.2049, 0, 0, 0, 0, 0);
INSERT INTO `waypoint_data` VALUES (68836, 12, -1735.95, 5139.95, -37.2779, 0, 0, 0, 0, 0);
INSERT INTO `waypoint_data` VALUES (68836, 13, -1737.58, 5140.13, -37.3003, 269000, 0, 0, 0, 0);
INSERT INTO `waypoint_data` VALUES (68836, 14, -1745.1, 5144.54, -37.2038, 0, 0, 0, 0, 0);
INSERT INTO `waypoint_data` VALUES (68836, 15, -1748.36, 5145.45, -37.2038, 0, 0, 0, 0, 0);
INSERT INTO `waypoint_data` VALUES (68836, 16, -1751.1, 5139.39, -36.0873, 0, 0, 0, 0, 0);
INSERT INTO `waypoint_data` VALUES (68836, 17, -1752.21, 5142.52, -36.2611, 4000, 0, 0, 0, 0);
INSERT INTO `waypoint_data` VALUES (68836, 18, -1752.21, 5142.52, -36.2611, 4000, 0, 0, 0, 0);
INSERT INTO `waypoint_data` VALUES (68836, 19, -1752.21, 5142.52, -36.2611, 11000, 0, 0, 0, 0);
INSERT INTO `waypoint_data` VALUES (68836, 20, -1752.21, 5142.52, -36.2611, 3000, 0, 0, 0, 0);
INSERT INTO `waypoint_data` VALUES (68836, 21, -1749.96, 5146.13, -37.2039, 0, 0, 0, 0, 0);
INSERT INTO `waypoint_data` VALUES (68836, 22, -1743.97, 5144.62, -37.2039, 0, 0, 0, 0, 0);
INSERT INTO `waypoint_data` VALUES (68836, 23, -1736.66, 5138.91, -37.325, 0, 0, 0, 0, 0);
INSERT INTO `waypoint_data` VALUES (68836, 24, -1737.89, 5139.73, -37.3229, 600000, 0, 0, 0, 0);

UPDATE `waypoint_data` SET `action` = 159 WHERE `id` = 1516 AND `point` = 3;
DELETE FROM `waypoint_scripts` WHERE `guid` = 160;
INSERT INTO `waypoint_scripts` VALUES (160, 0, 16, 0, 0, 0, 0, 0, 0, 0, 160, 'Creature - Stop Waypoint Movement');

SET @GUID := 68868;
DELETE FROM `creature` WHERE `guid` = @GUID;
INSERT INTO `creature` VALUES (68868, 19294, 530, 1, 0, 0, -294.766, 4715.08, 28.1862, 0.20944, 300, 0, 0, 5700, 5410, 0, 2);
DELETE FROM `creature_addon` WHERE `guid` = @GUID;
INSERT INTO `creature_addon` (`guid`,`path_id`,`mount`,`bytes0`,`bytes1`,`bytes2`,`emote`,`moveflags`,`auras`) VALUES (@GUID,@GUID,0,0,0,4097,0,0,NULL);
DELETE FROM `waypoint_data` WHERE `id` = @GUID;
INSERT INTO `waypoint_data` VALUES (68868, 1, -287.691, 4730.5, 18.3553, 0, 0, 0, 100, 0);
INSERT INTO `waypoint_data` VALUES (68868, 2, -287.691, 4730.5, 18.3553, 20000, 0, 0, 100, 0); -- 1929401
INSERT INTO `waypoint_data` VALUES (68868, 3, -294.766, 4715.08, 28.1862, 0, 0, 0, 100, 0);
INSERT INTO `waypoint_data` VALUES (68868, 4, -294.766, 4715.08, 28.1862, 0, 0, 0, 100, 0);
INSERT INTO `waypoint_data` VALUES (68868, 5, -294.766, 4715.08, 28.1862, 5000, 0, 160, 100, 0);

SET @GUID := 68898;
DELETE FROM `creature` WHERE `guid` = @GUID;
INSERT INTO `creature` VALUES (68898, 19312, 530, 1, 0, 0, -456.882, 3061.48, -52.9424, 5.42724, 300, 0, 0, 21364, 0, 0, 2);
DELETE FROM `creature_addon` WHERE `guid` = @GUID;
INSERT INTO `creature_addon` (`guid`,`path_id`,`mount`,`bytes0`,`bytes1`,`bytes2`,`emote`,`moveflags`,`auras`) VALUES (@GUID,@GUID,0,0,0,4097,0,0,NULL);
DELETE FROM `waypoint_data` WHERE `id` = @GUID;
INSERT INTO `waypoint_data` VALUES (68898, 1, -456.882, 3061.48, -52.9424, 0, 0, 0, 0, 0);
INSERT INTO `waypoint_data` VALUES (68898, 2, -452.976, 3054.48, -52.8244, 10000, 0, 0, 0, 0);
INSERT INTO `waypoint_data` VALUES (68898, 3, -452.054, 3073.36, -52.9916, 5000, 0, 0, 0, 0);
INSERT INTO `waypoint_data` VALUES (68898, 4, -469.602, 3079.04, -51.5688, 10000, 0, 0, 0, 0);

SET @GUID := 69058;
DELETE FROM `creature` WHERE `guid` = @GUID;
INSERT INTO `creature` VALUES (69058, 19355, 530, 1, 0, 0, -2960.15, 2578.3, 76.601, 4.548, 300, 0, 0, 3052, 0, 0, 2);
DELETE FROM `creature_addon` WHERE `guid` = @GUID;
INSERT INTO `creature_addon` (`guid`,`path_id`,`mount`,`bytes0`,`bytes1`,`bytes2`,`emote`,`moveflags`,`auras`) VALUES (@GUID,@GUID,0,0,0,4097,0,0,NULL);
DELETE FROM `waypoint_data` WHERE `id` = @GUID;
INSERT INTO `waypoint_data` VALUES (69058, 1, -2961.77, 2580.02, 76.6315, 0, 0, 0, 0, 0);
INSERT INTO `waypoint_data` VALUES (69058, 2, -2969.93, 2582.73, 76.6074, 0, 0, 0, 0, 0);
INSERT INTO `waypoint_data` VALUES (69058, 3, -2979.89, 2582.2, 76.7159, 0, 0, 0, 0, 0);
INSERT INTO `waypoint_data` VALUES (69058, 4, -2986.86, 2578.18, 76.5467, 0, 0, 0, 0, 0);
INSERT INTO `waypoint_data` VALUES (69058, 5, -2994.66, 2565.47, 76.5969, 0, 0, 0, 0, 0);
INSERT INTO `waypoint_data` VALUES (69058, 6, -2995, 2561.25, 76.7025, 0, 0, 0, 0, 0);
INSERT INTO `waypoint_data` VALUES (69058, 7, -2989.7, 2553.02, 76.544, 0, 0, 0, 0, 0);
INSERT INTO `waypoint_data` VALUES (69058, 8, -2975.72, 2541.5, 76.544, 0, 0, 0, 0, 0);
INSERT INTO `waypoint_data` VALUES (69058, 9, -2966.21, 2538.27, 76.544, 0, 0, 0, 0, 0);
INSERT INTO `waypoint_data` VALUES (69058, 10, -2958.14, 2537.13, 76.544, 0, 0, 0, 0, 0);
INSERT INTO `waypoint_data` VALUES (69058, 11, -2957.46, 2540.13, 76.544, 60000, 0, 0, 0, 0); -- 1935502
INSERT INTO `waypoint_data` VALUES (69058, 12, -2954.92, 2539.23, 76.544, 0, 0, 0, 0, 0);
INSERT INTO `waypoint_data` VALUES (69058, 13, -2950.72, 2539.54, 76.544, 0, 0, 0, 0, 0);
INSERT INTO `waypoint_data` VALUES (69058, 14, -2941.84, 2555.1, 76.5368, 0, 0, 0, 0, 0);
INSERT INTO `waypoint_data` VALUES (69058, 15, -2942.38, 2560.67, 76.453, 0, 0, 0, 0, 0);
INSERT INTO `waypoint_data` VALUES (69058, 16, -2950.02, 2573.23, 76.5052, 0, 0, 0, 0, 0);
INSERT INTO `waypoint_data` VALUES (69058, 17, -2955.78, 2578.84, 76.81, 0, 0, 0, 0, 0);
INSERT INTO `waypoint_data` VALUES (69058, 18, -2959.71, 2578.55, 76.6279, 60000, 0, 0, 0, 0); -- 1935502

SET @GUID := 69062;
DELETE FROM `creature` WHERE `guid` = @GUID;
INSERT INTO `creature` VALUES (69062, 19355, 530, 1, 0, 0, -3037, 2523, 62.79, 0, 300, 0, 0, 3052, 0, 0, 2);
DELETE FROM `creature_addon` WHERE `guid` = @GUID;
INSERT INTO `creature_addon` (`guid`,`path_id`,`mount`,`bytes0`,`bytes1`,`bytes2`,`emote`,`moveflags`,`auras`) VALUES (@GUID,@GUID,0,0,0,4097,0,0,NULL);
DELETE FROM `waypoint_data` WHERE `id` = @GUID;
INSERT INTO `waypoint_data` VALUES (69062, 1, -3056.67, 2514.83, 62.2971, 0, 0, 0, 0, 0);
INSERT INTO `waypoint_data` VALUES (69062, 2, -3058.29, 2510.66, 62.8859, 0, 0, 0, 0, 0);
INSERT INTO `waypoint_data` VALUES (69062, 3, -3057.79, 2504.41, 63.0217, 0, 0, 0, 0, 0);
INSERT INTO `waypoint_data` VALUES (69062, 4, -3054.61, 2498.85, 63.5269, 0, 0, 0, 0, 0);
INSERT INTO `waypoint_data` VALUES (69062, 5, -3049.98, 2496.51, 63.5463, 0, 0, 0, 0, 0);
INSERT INTO `waypoint_data` VALUES (69062, 6, -3040.85, 2502.48, 62.8464, 60000, 0, 0, 0, 0); -- 1935502
INSERT INTO `waypoint_data` VALUES (69062, 7, -3049.42, 2497.03, 63.4375, 0, 0, 0, 0, 0);
INSERT INTO `waypoint_data` VALUES (69062, 8, -3053.86, 2498.14, 63.5696, 0, 0, 0, 0, 0);
INSERT INTO `waypoint_data` VALUES (69062, 9, -3059.52, 2504.94, 62.9774, 0, 0, 0, 0, 0);
INSERT INTO `waypoint_data` VALUES (69062, 10, -3059.28, 2510.55, 62.9044, 0, 0, 0, 0, 0);
INSERT INTO `waypoint_data` VALUES (69062, 11, -3055.18, 2513.61, 62.3955, 0, 0, 0, 0, 0);
INSERT INTO `waypoint_data` VALUES (69062, 12, -3037.3, 2523.28, 62.7923, 60000, 0, 0, 0, 0); -- 1935502

SET @GUID := 69063;
DELETE FROM `creature` WHERE `guid` = @GUID;
INSERT INTO `creature` VALUES (69063, 19355, 530, 1, 0, 0, -3037, 2528, 63.39, 5, 300, 0, 0, 3052, 0, 0, 2);
DELETE FROM `creature_addon` WHERE `guid` = @GUID;
INSERT INTO `creature_addon` (`guid`,`path_id`,`mount`,`bytes0`,`bytes1`,`bytes2`,`emote`,`moveflags`,`auras`) VALUES (@GUID,@GUID,0,0,0,4097,0,0,NULL);
DELETE FROM `waypoint_data` WHERE `id` = @GUID;
INSERT INTO `waypoint_data` VALUES (69063, 1, -3038.74, 2529.66, 63.6941, 0, 0, 0, 0, 0);
INSERT INTO `waypoint_data` VALUES (69063, 2, -3067.88, 2529.54, 61.7375, 0, 0, 0, 0, 0);
INSERT INTO `waypoint_data` VALUES (69063, 3, -3083.25, 2532.27, 62.2109, 0, 0, 0, 0, 0);
INSERT INTO `waypoint_data` VALUES (69063, 4, -3102.37, 2527.62, 62.5549, 0, 0, 0, 0, 0);
INSERT INTO `waypoint_data` VALUES (69063, 5, -3106.63, 2523.94, 62.5927, 0, 0, 0, 0, 0);
INSERT INTO `waypoint_data` VALUES (69063, 6, -3108.07, 2510.02, 62.3835, 60000, 0, 0, 0, 0); -- 1935502
INSERT INTO `waypoint_data` VALUES (69063, 7, -3107.33, 2521.02, 62.6933, 0, 0, 0, 0, 0);
INSERT INTO `waypoint_data` VALUES (69063, 8, -3104.38, 2526.09, 62.6008, 0, 0, 0, 0, 0);
INSERT INTO `waypoint_data` VALUES (69063, 9, -3089.15, 2532.62, 62.315, 0, 0, 0, 0, 0);
INSERT INTO `waypoint_data` VALUES (69063, 10, -3058.59, 2531.74, 62.195, 0, 0, 0, 0, 0);
INSERT INTO `waypoint_data` VALUES (69063, 11, -3038.45, 2530.36, 63.8704, 0, 0, 0, 0, 0);
INSERT INTO `waypoint_data` VALUES (69063, 12, -3036.48, 2528.65, 63.5111, 60000, 0, 0, 0, 0); -- 1935502

SET @GUID := 69066;
DELETE FROM `creature` WHERE `guid` = @GUID;
INSERT INTO `creature` VALUES (69066, 19355, 530, 1, 0, 0, -3173.56, 2491.29, 62.632, 2.219, 300, 0, 0, 3052, 0, 0, 2);
DELETE FROM `creature_addon` WHERE `guid` = @GUID;
INSERT INTO `creature_addon` (`guid`,`path_id`,`mount`,`bytes0`,`bytes1`,`bytes2`,`emote`,`moveflags`,`auras`) VALUES (@GUID,@GUID,0,0,0,4097,0,0,NULL);
DELETE FROM `waypoint_data` WHERE `id` = @GUID;
INSERT INTO `waypoint_data` VALUES (69066, 1, -3173.56, 2491.29, 62.632, 12000, 0, 0, 0, 0); -- 1935501
INSERT INTO `waypoint_data` VALUES (69066, 2, -3173.56, 2491.29, 62.632, 60000, 0, 0, 0, 0); -- 1935503
INSERT INTO `waypoint_data` VALUES (69066, 3, -3173.56, 2491.29, 62.632, 3000, 0, 0, 0, 0);
INSERT INTO `waypoint_data` VALUES (69066, 4, -3173.56, 2491.29, 62.6317, 0, 0, 0, 0, 0);
INSERT INTO `waypoint_data` VALUES (69066, 5, -3152.44, 2480.45, 61.9384, 0, 0, 0, 0, 0);
INSERT INTO `waypoint_data` VALUES (69066, 6, -3144.52, 2469.61, 62.2388, 0, 0, 0, 0, 0);
INSERT INTO `waypoint_data` VALUES (69066, 7, -3144.04, 2453.07, 64.3027, 60000, 0, 0, 0, 0); -- 1935503
INSERT INTO `waypoint_data` VALUES (69066, 8, -3144.04, 2453.07, 64.3027, 0, 0, 0, 0, 0);
INSERT INTO `waypoint_data` VALUES (69066, 9, -3145.88, 2471.43, 62.224, 0, 0, 0, 0, 0);
INSERT INTO `waypoint_data` VALUES (69066, 10, -3153.54, 2483.97, 61.9492, 0, 0, 0, 0, 0);
INSERT INTO `waypoint_data` VALUES (69066, 11, -3173.56, 2491.29, 62.632, 0, 0, 0, 0, 0);

SET @GUID := 69069;
DELETE FROM `creature` WHERE `guid` = @GUID;
INSERT INTO `creature` VALUES (69069, 19355, 530, 1, 0, 0, -2996.39, 2508.83, 61.0712, 1.73924, 300, 0, 0, 3052, 0, 0, 2);
DELETE FROM `creature_addon` WHERE `guid` = @GUID;
INSERT INTO `creature_addon` (`guid`,`path_id`,`mount`,`bytes0`,`bytes1`,`bytes2`,`emote`,`moveflags`,`auras`) VALUES (@GUID,@GUID,0,0,0,4097,0,0,NULL);
DELETE FROM `waypoint_data` WHERE `id` = @GUID;
INSERT INTO `waypoint_data` VALUES (69069, 1, -2996.5, 2505.12, 60.8425, 0, 0, 0, 0, 0);
INSERT INTO `waypoint_data` VALUES (69069, 2, -3006.43, 2500.08, 62.2098, 0, 0, 0, 0, 0);
INSERT INTO `waypoint_data` VALUES (69069, 3, -3016.86, 2496.55, 62.7357, 0, 0, 0, 0, 0);
INSERT INTO `waypoint_data` VALUES (69069, 4, -3031.44, 2495.81, 63.3779, 0, 0, 0, 0, 0);
INSERT INTO `waypoint_data` VALUES (69069, 5, -3033.58, 2499.9, 63.044, 60000, 0, 0, 0, 0); -- 1935502
INSERT INTO `waypoint_data` VALUES (69069, 6, -3032.03, 2496, 63.4441, 0, 0, 0, 0, 0);
INSERT INTO `waypoint_data` VALUES (69069, 7, -3022.13, 2494.63, 62.746, 0, 0, 0, 0, 0);
INSERT INTO `waypoint_data` VALUES (69069, 8, -3004.16, 2499.54, 61.7559, 0, 0, 0, 0, 0);
INSERT INTO `waypoint_data` VALUES (69069, 9, -2997.32, 2505.29, 60.9061, 0, 0, 0, 0, 0);
INSERT INTO `waypoint_data` VALUES (69069, 10, -2996.37, 2508.72, 61.0472, 60000, 0, 0, 0, 0); -- 1935502

SET @GUID := 69070;
DELETE FROM `creature` WHERE `guid` = @GUID;
INSERT INTO `creature` VALUES (69070, 19355, 530, 1, 0, 0, -3127.64, 2479.66, 61.9797, 1.01755, 300, 0, 0, 3052, 0, 0, 2);
DELETE FROM `creature_addon` WHERE `guid` = @GUID;
INSERT INTO `creature_addon` (`guid`,`path_id`,`mount`,`bytes0`,`bytes1`,`bytes2`,`emote`,`moveflags`,`auras`) VALUES (@GUID,@GUID,0,0,0,4097,0,0,NULL);
DELETE FROM `waypoint_data` WHERE `id` = @GUID;
INSERT INTO `waypoint_data` VALUES (69070, 1, -3127.64, 2479.66, 61.9797, 1000, 0, 0, 0, 0); -- 1935501
INSERT INTO `waypoint_data` VALUES (69070, 2, -3133.47, 2455.16, 62.6615, 60000, 0, 0, 0, 0); -- 1935503
INSERT INTO `waypoint_data` VALUES (69070, 3, -3133.47, 2455.16, 62.6615, 3000, 0, 0, 0, 0);
INSERT INTO `waypoint_data` VALUES (69070, 4, -3127.64, 2479.66, 61.9797, 60000, 0, 0, 0, 0); -- 1935503
INSERT INTO `waypoint_data` VALUES (69070, 5, -3127.64, 2479.66, 61.9797, 3000, 0, 0, 0, 0);

SET @GUID := 69071;
DELETE FROM `creature` WHERE `guid` = @GUID;
INSERT INTO `creature` VALUES (69071, 19355, 530, 1, 0, 0, -3163.27, 2504.62, 63.1041, 2.94101, 300, 0, 0, 3052, 0, 0, 2);
DELETE FROM `creature_addon` WHERE `guid` = @GUID;
INSERT INTO `creature_addon` (`guid`,`path_id`,`mount`,`bytes0`,`bytes1`,`bytes2`,`emote`,`moveflags`,`auras`) VALUES (@GUID,@GUID,0,0,0,4097,0,0,NULL);
DELETE FROM `waypoint_data` WHERE `id` = @GUID;
INSERT INTO `waypoint_data` VALUES (69071, 1, -3163.27, 2504.62, 63.0599, 2000, 0, 0, 0, 0); -- 1935501
INSERT INTO `waypoint_data` VALUES (69071, 2, -3127.7, 2498.97, 62.6807, 60000, 0, 0, 0, 0); -- 1935503
INSERT INTO `waypoint_data` VALUES (69071, 3, -3127.7, 2498.97, 62.6807, 3000, 0, 0, 0, 0);
INSERT INTO `waypoint_data` VALUES (69071, 4, -3163.29, 2504.88, 63.0677, 60000, 0, 0, 0, 0); -- 1935503
INSERT INTO `waypoint_data` VALUES (69071, 5, -3163.29, 2504.88, 63.0677, 3000, 0, 0, 0, 0);

SET @GUID := 69075;
DELETE FROM `creature` WHERE `guid` = @GUID;
INSERT INTO `creature` VALUES (69075, 19362, 530, 1, 0, 0, -3132, 2478, 61.8, 0, 300, 0, 0, 14000, 0, 0, 2);
DELETE FROM `creature_addon` WHERE `guid` = @GUID;
INSERT INTO `creature_addon` (`guid`,`path_id`,`mount`,`bytes0`,`bytes1`,`bytes2`,`emote`,`moveflags`,`auras`) VALUES (@GUID,@GUID,0,0,0,4097,0,0,NULL);
DELETE FROM `waypoint_data` WHERE `id` = @GUID;
INSERT INTO `waypoint_data` VALUES (69075, 1, -3116.08, 2456.06, 62.3628, 5000, 0, 0, 0, 0);
INSERT INTO `waypoint_data` VALUES (69075, 2, -3131.84, 2461.44, 62.429, 0, 0, 0, 0, 0);
INSERT INTO `waypoint_data` VALUES (69075, 3, -3149.82, 2467.2, 62.9047, 5000, 0, 0, 0, 0);
INSERT INTO `waypoint_data` VALUES (69075, 4, -3113.34, 2455.63, 62.4148, 0, 0, 0, 0, 0);

DELETE FROM `creature_equip_template` WHERE `entry` = 8021;
INSERT INTO `creature_equip_template` VALUES
(8021,36079,0,0,285345026 ,0,0,1,0,0);

SET @GUID := 69092;
DELETE FROM `creature` WHERE `guid` = @GUID;
INSERT INTO `creature` VALUES (69092, 19362, 530, 1, 0, 0, -3095, 2569, 61.8, 2, 300, 0, 0, 14000, 0, 0, 2);
DELETE FROM `creature_formations` WHERE `leaderGUID` = 69091;
DELETE FROM `creature_addon` WHERE `guid` = @GUID;
INSERT INTO `creature_addon` (`guid`,`path_id`,`mount`,`bytes0`,`bytes1`,`bytes2`,`emote`,`moveflags`,`auras`) VALUES (@GUID,@GUID,0,0,0,4097,0,0,NULL);
DELETE FROM `waypoint_data` WHERE `id` = @GUID;
INSERT INTO `waypoint_data` VALUES (69092, 1, -3098.8, 2569.76, 61.9221, 0, 0, 0, 0, 0);
INSERT INTO `waypoint_data` VALUES (69092, 2, -3110.36, 2565.96, 61.7519, 0, 0, 0, 0, 0);
INSERT INTO `waypoint_data` VALUES (69092, 3, -3117.38, 2563.9, 61.7295, 0, 0, 0, 0, 0);
INSERT INTO `waypoint_data` VALUES (69092, 4, -3128.11, 2562.69, 61.4678, 0, 0, 0, 0, 0);
INSERT INTO `waypoint_data` VALUES (69092, 5, -3138.46, 2561.95, 61.565, 3000, 0, 0, 0, 0);
INSERT INTO `waypoint_data` VALUES (69092, 6, -3127.19, 2566.71, 61.5345, 0, 0, 0, 0, 0);
INSERT INTO `waypoint_data` VALUES (69092, 7, -3113.74, 2565.72, 61.728, 0, 0, 0, 0, 0);
INSERT INTO `waypoint_data` VALUES (69092, 8, -3102.76, 2548.82, 61.7651, 0, 0, 0, 0, 0);
INSERT INTO `waypoint_data` VALUES (69092, 9, -3099.4, 2540.67, 61.7475, 0, 0, 0, 0, 0);
INSERT INTO `waypoint_data` VALUES (69092, 10, -3094.17, 2537.39, 61.768, 0, 0, 0, 0, 0);
INSERT INTO `waypoint_data` VALUES (69092, 11, -3086, 2535.53, 61.9257, 0, 0, 0, 0, 0);
INSERT INTO `waypoint_data` VALUES (69092, 12, -3079.59, 2534.95, 61.9703, 0, 0, 0, 0, 0);
INSERT INTO `waypoint_data` VALUES (69092, 13, -3075.3, 2531.15, 61.9733, 0, 0, 0, 0, 0);
INSERT INTO `waypoint_data` VALUES (69092, 14, -3070.82, 2519.82, 61.9557, 0, 0, 0, 0, 0);
INSERT INTO `waypoint_data` VALUES (69092, 15, -3066.88, 2508.25, 62.8506, 0, 0, 0, 0, 0);
INSERT INTO `waypoint_data` VALUES (69092, 16, -3064.53, 2501.43, 63.7287, 0, 0, 0, 0, 0);
INSERT INTO `waypoint_data` VALUES (69092, 17, -3065.44, 2509.9, 62.717, 0, 0, 0, 0, 0);
INSERT INTO `waypoint_data` VALUES (69092, 18, -3069.87, 2524.05, 61.8529, 0, 0, 0, 0, 0);
INSERT INTO `waypoint_data` VALUES (69092, 19, -3073.53, 2533.52, 61.7762, 0, 0, 0, 0, 0);
INSERT INTO `waypoint_data` VALUES (69092, 20, -3080.67, 2535.9, 61.8317, 0, 0, 0, 0, 0);
INSERT INTO `waypoint_data` VALUES (69092, 21, -3089.11, 2536.99, 61.7959, 0, 0, 0, 0, 0);
INSERT INTO `waypoint_data` VALUES (69092, 22, -3093.71, 2539.81, 61.7361, 0, 0, 0, 0, 0);
INSERT INTO `waypoint_data` VALUES (69092, 23, -3097.2, 2545.88, 61.8048, 0, 0, 0, 0, 0);
INSERT INTO `waypoint_data` VALUES (69092, 24, -3093.68, 2554.11, 61.7428, 0, 0, 0, 0, 0);
INSERT INTO `waypoint_data` VALUES (69092, 25, -3091.09, 2560.01, 61.8888, 0, 0, 0, 0, 0);
INSERT INTO `waypoint_data` VALUES (69092, 26, -3092.41, 2565.26, 62.0795, 0, 0, 0, 0, 0);
INSERT INTO `waypoint_data` VALUES (69092, 27, -3095.45, 2568.81, 61.9759, 0, 0, 0, 0, 0);

SET @GUID := 69096;
DELETE FROM `creature` WHERE `guid` IN (69096, 69097);
INSERT INTO `creature` VALUES (69096, 19364, 530, 1, 0, 0, -3068.23, 2522.3, 61.924, 5.037, 300, 0, 0, 7200, 0, 0, 2);
INSERT INTO `creature` VALUES (69097, 19364, 530, 1, 0, 0, -3071.64, 2523.18, 61.885, 4.959, 300, 0, 0, 7200, 0, 0, 0);
DELETE FROM `creature_formations` WHERE `leaderGUID` = 69096;
INSERT INTO `creature_formations` VALUES (69096, 69096, 100, 360, 2), (69096, 69097, 8, 0, 2);
DELETE FROM `creature_addon` WHERE `guid` = @GUID;
INSERT INTO `creature_addon` (`guid`,`path_id`,`mount`,`bytes0`,`bytes1`,`bytes2`,`emote`,`moveflags`,`auras`) VALUES (@GUID,@GUID,17408,16777472,0,4097,0,0,NULL);
DELETE FROM `waypoint_data` WHERE `id` = @GUID;
INSERT INTO `waypoint_data` VALUES (69096, 1, -3062.45, 2490.91, 64.8917, 0, 0, 0, 0, 0);
INSERT INTO `waypoint_data` VALUES (69096, 2, -3067.67, 2456.22, 65.0258, 0, 0, 0, 0, 0);
INSERT INTO `waypoint_data` VALUES (69096, 3, -3083.87, 2453.77, 64.4832, 0, 0, 0, 0, 0);
INSERT INTO `waypoint_data` VALUES (69096, 4, -3136.38, 2472.47, 61.8574, 3000, 0, 0, 0, 0);
INSERT INTO `waypoint_data` VALUES (69096, 5, -3175.65, 2562.08, 61.078, 0, 0, 0, 0, 0);
INSERT INTO `waypoint_data` VALUES (69096, 6, -3190.72, 2669.31, 63.3809, 0, 0, 0, 0, 0);
INSERT INTO `waypoint_data` VALUES (69096, 7, -3158.04, 2743.13, 73.2708, 0, 0, 0, 0, 0);
INSERT INTO `waypoint_data` VALUES (69096, 8, -3104.82, 2833.49, 78.5224, 3000, 0, 0, 0, 0);
INSERT INTO `waypoint_data` VALUES (69096, 9, -3154.38, 2753.39, 73.9939, 0, 0, 0, 0, 0);
INSERT INTO `waypoint_data` VALUES (69096, 10, -3193.01, 2669.56, 63.2876, 0, 0, 0, 0, 0);
INSERT INTO `waypoint_data` VALUES (69096, 11, -3171.98, 2560.56, 61.1095, 0, 0, 0, 0, 0);
INSERT INTO `waypoint_data` VALUES (69096, 12, -3112.32, 2564.49, 61.731, 0, 0, 0, 0, 0);
INSERT INTO `waypoint_data` VALUES (69096, 13, -3060.67, 2539.73, 62.2679, 0, 0, 0, 0, 0);
INSERT INTO `waypoint_data` VALUES (69096, 14, -3034.76, 2597.94, 76.4209, 0, 0, 0, 0, 0);
INSERT INTO `waypoint_data` VALUES (69096, 15, -2978.68, 2600.51, 79.2011, 0, 0, 0, 0, 0);
INSERT INTO `waypoint_data` VALUES (69096, 16, -2937.95, 2636.89, 93.285, 15000, 0, 0, 0, 0);
INSERT INTO `waypoint_data` VALUES (69096, 17, -2981.57, 2599.49, 78.6029, 0, 0, 0, 0, 0);
INSERT INTO `waypoint_data` VALUES (69096, 18, -3043.21, 2590.19, 75.1548, 0, 0, 0, 0, 0);
INSERT INTO `waypoint_data` VALUES (69096, 19, -3061, 2540.92, 62.3484, 0, 0, 0, 0, 0);
INSERT INTO `waypoint_data` VALUES (69096, 20, -3093.4, 2538.86, 61.741, 0, 0, 0, 0, 0);
INSERT INTO `waypoint_data` VALUES (69096, 21, -3110.85, 2560.55, 61.7336, 0, 0, 0, 0, 0);
INSERT INTO `waypoint_data` VALUES (69096, 22, -3109.84, 2567.11, 61.7608, 0, 0, 0, 0, 0);
INSERT INTO `waypoint_data` VALUES (69096, 23, -3102.25, 2573.32, 61.7685, 0, 0, 0, 0, 0);
INSERT INTO `waypoint_data` VALUES (69096, 24, -3093, 2571.4, 61.7609, 0, 0, 0, 0, 0);
INSERT INTO `waypoint_data` VALUES (69096, 25, -3068.21, 2522.24, 61.927, 0, 0, 0, 0, 0);

SET @GUID := 69643;
DELETE FROM `creature` WHERE `guid` = @GUID;
INSERT INTO `creature` VALUES (69643, 19447, 530, 1, 0, 0, -369.141, 977.486, 54.1879, 3.99375, 300, 0, 0, 5725, 0, 0, 2);
DELETE FROM `creature_addon` WHERE `guid` = @GUID;
INSERT INTO `creature_addon` (`guid`,`path_id`,`mount`,`bytes0`,`bytes1`,`bytes2`,`emote`,`moveflags`,`auras`) VALUES (@GUID,@GUID,0,0,0,4097,0,0,NULL);
DELETE FROM `waypoint_data` WHERE `id` = @GUID;
INSERT INTO `waypoint_data` VALUES (69643, 1, -365.8, 980.679, 54.1955, 0, 0, 0, 100, 0);
INSERT INTO `waypoint_data` VALUES (69643, 2, -354.904, 978.248, 54.2496, 2000, 0, 0, 100, 0);
INSERT INTO `waypoint_data` VALUES (69643, 3, -354.904, 978.248, 54.2496, 155000, 0, 0, 100, 0); -- 1944701
INSERT INTO `waypoint_data` VALUES (69643, 4, -366.477, 980.557, 54.1895, 0, 0, 0, 100, 0);
INSERT INTO `waypoint_data` VALUES (69643, 5, -369.43, 977.106, 54.1679, 155000, 0, 0, 100, 0); -- 1944702

SET @GUID := 69673;
DELETE FROM `creature` WHERE `guid` = @GUID;
INSERT INTO `creature` VALUES (69673, 19455, 530, 1, 0, 0, -364.813, 984.265, 54.2077, 2.00272, 300, 0, 0, 6900, 0, 0, 2);
DELETE FROM `creature_addon` WHERE `guid` = @GUID;
INSERT INTO `creature_addon` (`guid`,`path_id`,`mount`,`bytes0`,`bytes1`,`bytes2`,`emote`,`moveflags`,`auras`) VALUES (@GUID,@GUID,0,0,0,4097,0,0,NULL);
DELETE FROM `waypoint_data` WHERE `id` = @GUID;
INSERT INTO `waypoint_data` VALUES (69673, 1, -365.789, 981.419, 54.195, 0, 0, 0, 100, 0);
INSERT INTO `waypoint_data` VALUES (69673, 2, -368.858, 982.56, 54.1727, 12000, 0, 0, 100, 0); -- 1945501
INSERT INTO `waypoint_data` VALUES (69673, 3, -363.252, 980.47, 54.2127, 0, 0, 0, 100, 0);
INSERT INTO `waypoint_data` VALUES (69673, 4, -357.494, 978.322, 54.2425, 0, 0, 0, 100, 0);
INSERT INTO `waypoint_data` VALUES (69673, 5, -358.948, 975.922, 54.243, 12000, 0, 0, 100, 0); -- 1945501
INSERT INTO `waypoint_data` VALUES (69673, 6, -357.512, 973.939, 54.2493, 0, 0, 0, 100, 0);
INSERT INTO `waypoint_data` VALUES (69673, 7, -360.045, 968.102, 54.2344, 12000, 0, 0, 100, 0); -- 1945501
INSERT INTO `waypoint_data` VALUES (69673, 8, -358.571, 965.26, 54.2447, 0, 0, 0, 100, 0);
INSERT INTO `waypoint_data` VALUES (69673, 9, -362.99, 962.005, 54.2135, 12000, 0, 0, 100, 0); -- 1945501
INSERT INTO `waypoint_data` VALUES (69673, 10, -352.415, 973.809, 54.2617, 0, 0, 0, 100, 0);
INSERT INTO `waypoint_data` VALUES (69673, 11, -349.296, 971.591, 54.2724, 0, 0, 0, 100, 0);
INSERT INTO `waypoint_data` VALUES (69673, 12, -349.964, 970.224, 54.2733, 12000, 0, 0, 100, 0); -- 1945501
INSERT INTO `waypoint_data` VALUES (69673, 13, -350.597, 974.797, 54.2635, 0, 0, 0, 100, 0);
INSERT INTO `waypoint_data` VALUES (69673, 14, -362.665, 981.665, 54.2171, 0, 0, 0, 100, 0);
INSERT INTO `waypoint_data` VALUES (69673, 15, -364.29, 984.89, 54.2066, 12000, 0, 0, 100, 0); -- 1945501

SET @GUID := 69718;
DELETE FROM `creature` WHERE `guid` = @GUID;
INSERT INTO `creature` VALUES (69718, 21384, 530, 1, 0, 0, -4000.23, 1733.87, 96.6562, 3.04418, 300, 0, 0, 5233, 2991, 0, 2);
DELETE FROM `creature_addon` WHERE `guid` = @GUID;
INSERT INTO `creature_addon` (`guid`,`path_id`,`mount`,`bytes0`,`bytes1`,`bytes2`,`emote`,`moveflags`,`auras`) VALUES (@GUID,@GUID,0,0,0,4097,0,0,NULL);
DELETE FROM `waypoint_data` WHERE `id` = @GUID;
INSERT INTO `waypoint_data` VALUES (69718, 1, -4022.7, 1734.59, 95.0915, 0, 0, 0, 0, 0);
INSERT INTO `waypoint_data` VALUES (69718, 2, -4041.05, 1729.84, 94.6274, 0, 0, 0, 0, 0);
INSERT INTO `waypoint_data` VALUES (69718, 3, -4055.16, 1732.13, 95.3026, 0, 0, 0, 0, 0);
INSERT INTO `waypoint_data` VALUES (69718, 4, -4061.19, 1736.95, 96.6475, 0, 0, 0, 0, 0);
INSERT INTO `waypoint_data` VALUES (69718, 5, -4068.8, 1748.78, 98.5375, 0, 0, 0, 0, 0);
INSERT INTO `waypoint_data` VALUES (69718, 6, -4070.1, 1757.51, 98.7897, 0, 0, 0, 0, 0);
INSERT INTO `waypoint_data` VALUES (69718, 7, -4071.61, 1775.28, 98.9516, 0, 0, 0, 0, 0);
INSERT INTO `waypoint_data` VALUES (69718, 8, -4076.04, 1781.2, 99.1083, 0, 0, 0, 0, 0);
INSERT INTO `waypoint_data` VALUES (69718, 9, -4087.18, 1785.62, 100.23, 0, 0, 0, 0, 0);
INSERT INTO `waypoint_data` VALUES (69718, 10, -4114.94, 1790.69, 106.056, 0, 0, 0, 0, 0);
INSERT INTO `waypoint_data` VALUES (69718, 11, -4139.38, 1810.75, 110.329, 0, 0, 0, 0, 0);
INSERT INTO `waypoint_data` VALUES (69718, 12, -4147.85, 1817.54, 110.724, 0, 0, 0, 0, 0);
INSERT INTO `waypoint_data` VALUES (69718, 13, -4159.25, 1821.31, 110.262, 0, 0, 0, 0, 0);
INSERT INTO `waypoint_data` VALUES (69718, 14, -4147.58, 1817.36, 110.717, 0, 0, 0, 0, 0);
INSERT INTO `waypoint_data` VALUES (69718, 15, -4138.98, 1810.45, 110.294, 0, 0, 0, 0, 0);
INSERT INTO `waypoint_data` VALUES (69718, 16, -4114.99, 1790.67, 106.064, 0, 0, 0, 0, 0);
INSERT INTO `waypoint_data` VALUES (69718, 17, -4105.13, 1786.53, 103.67, 0, 0, 0, 0, 0);
INSERT INTO `waypoint_data` VALUES (69718, 18, -4080.7, 1783.58, 99.4478, 0, 0, 0, 0, 0);
INSERT INTO `waypoint_data` VALUES (69718, 19, -4072.58, 1778.1, 98.9482, 0, 0, 0, 0, 0);
INSERT INTO `waypoint_data` VALUES (69718, 20, -4069.83, 1768.67, 98.9397, 0, 0, 0, 0, 0);
INSERT INTO `waypoint_data` VALUES (69718, 21, -4069.4, 1749.9, 98.7111, 0, 0, 0, 0, 0);
INSERT INTO `waypoint_data` VALUES (69718, 22, -4062.5, 1738.55, 96.9955, 0, 0, 0, 0, 0);
INSERT INTO `waypoint_data` VALUES (69718, 23, -4054.99, 1732.06, 95.2769, 0, 0, 0, 0, 0);
INSERT INTO `waypoint_data` VALUES (69718, 24, -4041.05, 1729.14, 94.6369, 0, 0, 0, 0, 0);
INSERT INTO `waypoint_data` VALUES (69718, 25, -4021.52, 1734.97, 95.2051, 0, 0, 0, 0, 0);
INSERT INTO `waypoint_data` VALUES (69718, 26, -4000.26, 1733.77, 96.6574, 0, 0, 0, 0, 0);

SET @GUID := 69889;
DELETE FROM `creature` WHERE `guid` = @GUID;
INSERT INTO `creature` VALUES (69889, 19504, 530, 1, 0, 0, -4097.42, 1125.71, 42.6767, 5.32912, 300, 0, 0, 6500, 3155, 0, 2);
DELETE FROM `creature_addon` WHERE `guid` = @GUID;
INSERT INTO `creature_addon` (`guid`,`path_id`,`mount`,`bytes0`,`bytes1`,`bytes2`,`emote`,`moveflags`,`auras`) VALUES (@GUID,@GUID,0,0,0,4097,0,0,NULL);
DELETE FROM `waypoint_data` WHERE `id` = @GUID;
INSERT INTO `waypoint_data` VALUES (69889, 1, -4104.32, 1140.28, 43.4415, 0, 0, 0, 0, 0);
INSERT INTO `waypoint_data` VALUES (69889, 2, -4114.02, 1164.06, 49.375, 0, 0, 0, 0, 0);
INSERT INTO `waypoint_data` VALUES (69889, 3, -4117.36, 1166.75, 49.5817, 0, 0, 0, 0, 0);
INSERT INTO `waypoint_data` VALUES (69889, 4, -4123.03, 1168.9, 49.5817, 0, 0, 0, 0, 0);
INSERT INTO `waypoint_data` VALUES (69889, 5, -4125.12, 1170.9, 49.5817, 0, 0, 0, 0, 0);
INSERT INTO `waypoint_data` VALUES (69889, 6, -4126.62, 1173.51, 49.5817, 3000, 0, 0, 0, 0);
INSERT INTO `waypoint_data` VALUES (69889, 7, -4124.33, 1170.25, 49.5817, 0, 0, 0, 0, 0);
INSERT INTO `waypoint_data` VALUES (69889, 8, -4121.24, 1168.35, 49.5817, 0, 0, 0, 0, 0);
INSERT INTO `waypoint_data` VALUES (69889, 9, -4114.31, 1164.54, 49.4808, 0, 0, 0, 0, 0);
INSERT INTO `waypoint_data` VALUES (69889, 10, -4106.93, 1146.83, 44.482, 0, 0, 0, 0, 0);
INSERT INTO `waypoint_data` VALUES (69889, 11, -4098.17, 1125.77, 42.6165, 3000, 0, 0, 0, 0);

-- Void Zone 16697- EventAI
-- 90000 Duration as DBC Guids say 25sec
-- http://www.wowhead.com/spell=37063/void-zone
UPDATE `creature_template` SET `minlevel` = 73, `maxlevel` = 73, `minhealth` = 879800, `maxhealth` = 879800, `unit_flags` = 33816710, `AIName` = 'EventAI', `ScriptName` = '' WHERE `entry` = 16697;
DELETE FROM `creature_template_addon` WHERE `entry` = 16697;
INSERT INTO `creature_template_addon` VALUES (16697, 0, 0, 0, 0, 0, 0, 0, '46262 0');
DELETE FROM `creature_ai_scripts` WHERE `entryOrGUID` = 16697;
INSERT INTO `creature_ai_scripts` VALUES ('1669701','16697','4','0','100','0','0','0','0','0','20','0','0','0','0','0','0','0','0','0','0','0','Void Zone - Stop Melee on Aggro');
INSERT INTO `creature_ai_scripts` VALUES ('1669702','16697','0','0','100','0','25000','25000','0','0','41','0','0','0','0','0','0','0','0','0','0','0','Void Zone - Despawn IC');
INSERT INTO `creature_ai_scripts` VALUES ('1669703','16697','1','0','100','0','25000','25000','0','0','41','0','0','0','0','0','0','0','0','0','0','0','Void Zone - Despawn OOC');

-- Netherspite hits for roughly 8k on cloth without any buffs stacked on him. 
UPDATE `creature_template` SET `mindmg`='6000',`maxdmg`='7000' WHERE `entry` = 15689;

