SET @GUID:= 75461;
DELETE FROM `creature` WHERE `guid` = @GUID;
INSERT INTO `creature` VALUES (75461, 21637, 530, 1, 0, 0, 3252.08, 7044.69, 167.263, 0.139135, 300, 0, 0, 6326, 0, 0, 2);
DELETE FROM `creature_addon` WHERE `guid` = @GUID;
INSERT INTO `creature_addon` (`guid`,`path_id`,`mount`,`bytes0`,`bytes1`,`bytes2`,`emote`,`moveflags`,`auras`) VALUES (@GUID,@GUID,0,0,0,4097,0,0,NULL);
DELETE FROM `waypoint_data` WHERE `id` = @GUID;
INSERT INTO `waypoint_data` VALUES (75461, 1, 3265.25, 7042.91, 167.129, 0, 0, 0, 0, 0);
INSERT INTO `waypoint_data` VALUES (75461, 2, 3275.63, 7048.38, 166.985, 0, 0, 0, 0, 0);
INSERT INTO `waypoint_data` VALUES (75461, 3, 3279.5, 7068.83, 169.085, 0, 0, 0, 0, 0);
INSERT INTO `waypoint_data` VALUES (75461, 4, 3274.82, 7083.26, 170.751, 0, 0, 0, 0, 0);
INSERT INTO `waypoint_data` VALUES (75461, 5, 3265.76, 7089.63, 171.828, 0, 0, 0, 0, 0);
INSERT INTO `waypoint_data` VALUES (75461, 6, 3257.59, 7091.71, 172.627, 0, 0, 0, 0, 0);
INSERT INTO `waypoint_data` VALUES (75461, 7, 3235.32, 7080.8, 172.287, 0, 0, 0, 0, 0);
INSERT INTO `waypoint_data` VALUES (75461, 8, 3231.25, 7075.87, 171.988, 0, 0, 0, 0, 0);
INSERT INTO `waypoint_data` VALUES (75461, 9, 3230.59, 7068.99, 172.021, 0, 0, 0, 0, 0);
INSERT INTO `waypoint_data` VALUES (75461, 10, 3235.76, 7048.08, 169.079, 0, 0, 0, 0, 0);
INSERT INTO `waypoint_data` VALUES (75461, 11, 3239.42, 7044.32, 168.695, 0, 0, 0, 0, 0);
INSERT INTO `waypoint_data` VALUES (75461, 12, 3252.12, 7044.68, 166.902, 0, 0, 0, 0, 0);

SET @GUID:= 75462;
DELETE FROM `creature` WHERE `guid` = @GUID;
INSERT INTO `creature` VALUES (75462, 21637, 530, 1, 0, 0, 3266.03, 7086.22, 171.556, 4.72778, 300, 0, 0, 6326, 0, 0, 2);
DELETE FROM `creature_addon` WHERE `guid` = @GUID;
INSERT INTO `creature_addon` (`guid`,`path_id`,`mount`,`bytes0`,`bytes1`,`bytes2`,`emote`,`moveflags`,`auras`) VALUES (@GUID,@GUID,0,0,0,4097,0,0,NULL);
DELETE FROM `waypoint_data` WHERE `id` = @GUID;
INSERT INTO `waypoint_data` VALUES (75462, 1, 3265.39, 7079.82, 171.094, 0, 0, 0, 0, 0);
INSERT INTO `waypoint_data` VALUES (75462, 2, 3264.46, 7116.04, 170.977, 0, 0, 0, 0, 0);
INSERT INTO `waypoint_data` VALUES (75462, 3, 3265.85, 7080.11, 171.078, 0, 0, 0, 0, 0);

SET @GUID:= 75463;
DELETE FROM `creature` WHERE `guid` = @GUID;
INSERT INTO `creature` VALUES (75463, 21637, 530, 1, 0, 0, 3241.11, 7108.95, 172.951, 0.213991, 300, 0, 0, 6326, 0, 0, 2);
DELETE FROM `creature_addon` WHERE `guid` = @GUID;
INSERT INTO `creature_addon` (`guid`,`path_id`,`mount`,`bytes0`,`bytes1`,`bytes2`,`emote`,`moveflags`,`auras`) VALUES (@GUID,@GUID,0,0,0,4097,0,0,NULL);
DELETE FROM `waypoint_data` WHERE `id` = @GUID;
INSERT INTO `waypoint_data` VALUES (75463, 1, 3265.9, 7115.5, 170.901, 2000, 0, 0, 0, 0);
INSERT INTO `waypoint_data` VALUES (75463, 2, 3229.74, 7106.63, 173.692, 0, 0, 0, 0, 0);

SET @GUID:= 75464;
DELETE FROM `creature` WHERE `guid` = @GUID;
INSERT INTO `creature` VALUES (75464, 21637, 530, 1, 0, 0, 3264.48, 7146.38, 170.952, 1.53364, 300, 0, 0, 6326, 0, 0, 2);
DELETE FROM `creature_addon` WHERE `guid` = @GUID;
INSERT INTO `creature_addon` (`guid`,`path_id`,`mount`,`bytes0`,`bytes1`,`bytes2`,`emote`,`moveflags`,`auras`) VALUES (@GUID,@GUID,0,0,0,4097,0,0,NULL);
DELETE FROM `waypoint_data` WHERE `id` = @GUID;
INSERT INTO `waypoint_data` VALUES (75464, 1, 3264.33, 7167.53, 168.836, 0, 0, 0, 0, 0);
INSERT INTO `waypoint_data` VALUES (75464, 2, 3262.61, 7137.52, 170.871, 0, 0, 0, 0, 0);

SET @GUID:= 75465;
DELETE FROM `creature` WHERE `guid` = @GUID;
INSERT INTO `creature` VALUES (75465, 21637, 530, 1, 0, 0, 3243.84, 7128.38, 172.626, 3.44728, 300, 0, 0, 6326, 0, 0, 2);
DELETE FROM `creature_addon` WHERE `guid` = @GUID;
INSERT INTO `creature_addon` (`guid`,`path_id`,`mount`,`bytes0`,`bytes1`,`bytes2`,`emote`,`moveflags`,`auras`) VALUES (@GUID,@GUID,0,0,0,4097,0,0,NULL);
DELETE FROM `waypoint_data` WHERE `id` = @GUID;
INSERT INTO `waypoint_data` VALUES (75465, 1, 3226.47, 7124.67, 173.354, 0, 0, 0, 0, 0);
INSERT INTO `waypoint_data` VALUES (75465, 2, 3257.75, 7133.41, 170.708, 2000, 0, 0, 0, 0);

SET @GUID:= 75466;
DELETE FROM `creature` WHERE `guid` = @GUID;
INSERT INTO `creature` VALUES (75466, 21637, 530, 1, 0, 0, 3253.42, 7179.67, 166.954, 5.4971, 300, 0, 0, 6326, 0, 0, 2);
DELETE FROM `creature_addon` WHERE `guid` = @GUID;
INSERT INTO `creature_addon` (`guid`,`path_id`,`mount`,`bytes0`,`bytes1`,`bytes2`,`emote`,`moveflags`,`auras`) VALUES (@GUID,@GUID,0,0,0,4097,0,0,NULL);
DELETE FROM `waypoint_data` WHERE `id` = @GUID;
INSERT INTO `waypoint_data` VALUES (75466, 1, 3265.43, 7171.59, 168.043, 0, 0, 0, 0, 0);
INSERT INTO `waypoint_data` VALUES (75466, 2, 3241.92, 7187.97, 167.312, 0, 0, 0, 0, 0);

SET @GUID:= 75467;
DELETE FROM `creature` WHERE `guid` = @GUID;
INSERT INTO `creature` VALUES (75467, 21637, 530, 1, 0, 0, 3189.06, 7168.66, 163.699, 3.95068, 300, 0, 0, 6326, 0, 0, 2);
DELETE FROM `creature_addon` WHERE `guid` = @GUID;
INSERT INTO `creature_addon` (`guid`,`path_id`,`mount`,`bytes0`,`bytes1`,`bytes2`,`emote`,`moveflags`,`auras`) VALUES (@GUID,@GUID,0,0,0,4097,0,0,NULL);
DELETE FROM `waypoint_data` WHERE `id` = @GUID;
INSERT INTO `waypoint_data` VALUES (75467, 1, 3186.85, 7163.8, 162.602, 0, 0, 0, 0, 0);
INSERT INTO `waypoint_data` VALUES (75467, 2, 3196.61, 7186.72, 164.748, 0, 0, 0, 0, 0);
INSERT INTO `waypoint_data` VALUES (75467, 3, 3220.13, 7196.03, 166.274, 0, 0, 0, 0, 0);
INSERT INTO `waypoint_data` VALUES (75467, 4, 3194.01, 7178.35, 165.176, 0, 0, 0, 0, 0);

SET @GUID:= 75731;
DELETE FROM `creature` WHERE `guid` = @GUID;
INSERT INTO `creature` VALUES (75731, 21701, 530, 1, 0, 0, -3718.11, 1072.07, 56.8812, 6.26093, 300, 0, 0, 22680, 3155, 0, 2);
DELETE FROM `creature_addon` WHERE `guid` = @GUID;
INSERT INTO `creature_addon` (`guid`,`path_id`,`mount`,`bytes0`,`bytes1`,`bytes2`,`emote`,`moveflags`,`auras`) VALUES (@GUID,@GUID,0,0,0,4097,0,0,NULL);
DELETE FROM `waypoint_data` WHERE `id` = @GUID;
INSERT INTO `waypoint_data` VALUES (75731, 1, -3688.81, 1070.93, 56.7577, 0, 0, 0, 0, 0);
INSERT INTO `waypoint_data` VALUES (75731, 2, -3750.32, 1072.48, 56.7722, 0, 0, 0, 0, 0);
INSERT INTO `waypoint_data` VALUES (75731, 3, -3718.54, 1072.17, 56.8956, 0, 0, 0, 0, 0);

SET @GUID:= 75752;
DELETE FROM `creature` WHERE `guid` = @GUID;
INSERT INTO `creature` VALUES (75752, 21717, 530, 1, 0, 0, -4241.06, 494.309, 35.7766, 3.68838, 300, 0, 0, 6542, 0, 0, 2);
DELETE FROM `creature_addon` WHERE `guid` = @GUID;
INSERT INTO `creature_addon` (`guid`,`path_id`,`mount`,`bytes0`,`bytes1`,`bytes2`,`emote`,`moveflags`,`auras`) VALUES (@GUID,@GUID,0,0,0,4097,0,0,NULL);
DELETE FROM `waypoint_data` WHERE `id` = @GUID;
INSERT INTO `waypoint_data` VALUES (75752, 1, -4232.93, 497.838, 32.2589, 0, 0, 0, 0, 0);
INSERT INTO `waypoint_data` VALUES (75752, 2, -4208.65, 503.912, 30.6221, 0, 0, 0, 0, 0);
INSERT INTO `waypoint_data` VALUES (75752, 3, -4196.17, 507.796, 28.9938, 0, 0, 0, 0, 0);
INSERT INTO `waypoint_data` VALUES (75752, 4, -4187.26, 521.639, 26.37, 0, 0, 0, 0, 0);
INSERT INTO `waypoint_data` VALUES (75752, 5, -4185.35, 530.539, 24.6807, 0, 0, 0, 0, 0);
INSERT INTO `waypoint_data` VALUES (75752, 6, -4189.39, 535.697, 25.8128, 0, 0, 0, 0, 0);
INSERT INTO `waypoint_data` VALUES (75752, 7, -4196.17, 540.461, 27.0496, 0, 0, 0, 0, 0);
INSERT INTO `waypoint_data` VALUES (75752, 8, -4199.93, 541.858, 26.6138, 0, 0, 0, 0, 0);
INSERT INTO `waypoint_data` VALUES (75752, 9, -4202.98, 542.702, 27.9609, 0, 0, 0, 0, 0);
INSERT INTO `waypoint_data` VALUES (75752, 10, -4214.73, 545.492, 27.6582, 0, 0, 0, 0, 0);
INSERT INTO `waypoint_data` VALUES (75752, 11, -4221.32, 555.178, 33.2942, 0, 0, 0, 0, 0);
INSERT INTO `waypoint_data` VALUES (75752, 12, -4219.15, 568.996, 34.5504, 0, 0, 0, 0, 0);
INSERT INTO `waypoint_data` VALUES (75752, 13, -4215.95, 577.92, 31.8378, 3000, 0, 0, 0, 0);
INSERT INTO `waypoint_data` VALUES (75752, 14, -4223.09, 559.879, 35.1058, 0, 0, 0, 0, 0);
INSERT INTO `waypoint_data` VALUES (75752, 15, -4221.26, 552.028, 32.5337, 0, 0, 0, 0, 0);
INSERT INTO `waypoint_data` VALUES (75752, 16, -4215.49, 543.472, 27.7968, 0, 0, 0, 0, 0);
INSERT INTO `waypoint_data` VALUES (75752, 17, -4203.13, 541.788, 27.8393, 0, 0, 0, 0, 0);
INSERT INTO `waypoint_data` VALUES (75752, 18, -4200.41, 541.324, 26.561, 0, 0, 0, 0, 0);
INSERT INTO `waypoint_data` VALUES (75752, 19, -4191.43, 538.032, 26.0275, 0, 0, 0, 0, 0);
INSERT INTO `waypoint_data` VALUES (75752, 20, -4185.6, 528.89, 25.0139, 0, 0, 0, 0, 0);
INSERT INTO `waypoint_data` VALUES (75752, 21, -4190.33, 517.424, 26.8861, 0, 0, 0, 0, 0);
INSERT INTO `waypoint_data` VALUES (75752, 22, -4198.89, 505.739, 29.8313, 0, 0, 0, 0, 0);
INSERT INTO `waypoint_data` VALUES (75752, 23, -4227.24, 500.004, 31.7853, 0, 0, 0, 0, 0);
INSERT INTO `waypoint_data` VALUES (75752, 24, -4234.57, 498.074, 32.5379, 0, 0, 0, 0, 0);
INSERT INTO `waypoint_data` VALUES (75752, 25, -4239.35, 494.285, 34.3929, 0, 0, 0, 0, 0);

SET @GUID:= 75767;
DELETE FROM `creature` WHERE `guid` = @GUID;
INSERT INTO `creature` VALUES (75767, 21717, 530, 1, 0, 0, -4168.55, 564.651, 14.3388, 2.70591, 300, 0, 0, 6542, 0, 0, 2);
DELETE FROM `creature_addon` WHERE `guid` = @GUID;
INSERT INTO `creature_addon` (`guid`,`path_id`,`mount`,`bytes0`,`bytes1`,`bytes2`,`emote`,`moveflags`,`auras`) VALUES (@GUID,@GUID,0,0,0,4097,0,0,NULL);
DELETE FROM `waypoint_data` WHERE `id` = @GUID;
INSERT INTO `waypoint_data` VALUES (75767, 1, -4188.01, 575.999, 17.7299, 0, 0, 0, 0, 0);
INSERT INTO `waypoint_data` VALUES (75767, 2, -4198.01, 588.189, 19.0479, 0, 0, 0, 0, 0);
INSERT INTO `waypoint_data` VALUES (75767, 3, -4199.84, 593.628, 19.4664, 0, 0, 0, 0, 0);
INSERT INTO `waypoint_data` VALUES (75767, 4, -4195.01, 584.689, 18.1811, 0, 0, 0, 0, 0);
INSERT INTO `waypoint_data` VALUES (75767, 5, -4188.62, 577.609, 17.7295, 0, 0, 0, 0, 0);
INSERT INTO `waypoint_data` VALUES (75767, 6, -4175.71, 565.298, 16.4122, 0, 0, 0, 0, 0);
INSERT INTO `waypoint_data` VALUES (75767, 7, -4168.11, 561.899, 13.9787, 0, 0, 0, 0, 0);
INSERT INTO `waypoint_data` VALUES (75767, 8, -4155.91, 556.917, 12.1429, 0, 0, 0, 0, 0);
INSERT INTO `waypoint_data` VALUES (75767, 9, -4132.81, 546.087, 17.3503, 0, 0, 0, 0, 0);
INSERT INTO `waypoint_data` VALUES (75767, 10, -4109.65, 542.436, 18.3513, 0, 0, 0, 0, 0);
INSERT INTO `waypoint_data` VALUES (75767, 11, -4102.09, 537.567, 23.0019, 0, 0, 0, 0, 0);
INSERT INTO `waypoint_data` VALUES (75767, 12, -4099.59, 531.916, 27.4541, 0, 0, 0, 0, 0);
INSERT INTO `waypoint_data` VALUES (75767, 13, -4108.22, 542.361, 18.6051, 0, 0, 0, 0, 0);
INSERT INTO `waypoint_data` VALUES (75767, 14, -4135.8, 545.615, 16.8602, 0, 0, 0, 0, 0);
INSERT INTO `waypoint_data` VALUES (75767, 15, -4144.27, 549.55, 13.5834, 0, 0, 0, 0, 0);
INSERT INTO `waypoint_data` VALUES (75767, 16, -4158.3, 555.948, 12.4906, 0, 0, 0, 0, 0);
INSERT INTO `waypoint_data` VALUES (75767, 17, -4166.08, 562.763, 13.6016, 0, 0, 0, 0, 0);

SET @GUID:= 76115;
DELETE FROM `creature` WHERE `guid` = @GUID;
INSERT INTO `creature` VALUES (76115, 21802, 530, 1, 0, 0, -3388, 1194.42, 60.5356, 2.13333, 300, 0, 0, 5409, 0, 0, 2);
DELETE FROM `creature_addon` WHERE `guid` = @GUID;
INSERT INTO `creature_addon` (`guid`,`path_id`,`mount`,`bytes0`,`bytes1`,`bytes2`,`emote`,`moveflags`,`auras`) VALUES (@GUID,@GUID,0,0,0,4097,0,0,NULL);
DELETE FROM `waypoint_data` WHERE `id` = @GUID;
INSERT INTO `waypoint_data` VALUES (76115, 1, -3379.11, 1178.51, 58.7178, 0, 0, 0, 0, 0);
INSERT INTO `waypoint_data` VALUES (76115, 2, -3376.35, 1169.23, 55.2074, 0, 0, 0, 0, 0);
INSERT INTO `waypoint_data` VALUES (76115, 3, -3359.68, 1145.92, 53.2619, 0, 0, 0, 0, 0);
INSERT INTO `waypoint_data` VALUES (76115, 4, -3359.33, 1140.35, 52.3391, 0, 0, 0, 0, 0);
INSERT INTO `waypoint_data` VALUES (76115, 5, -3361.87, 1110.31, 51.1053, 0, 0, 0, 0, 0);
INSERT INTO `waypoint_data` VALUES (76115, 6, -3372.91, 1095.99, 46.6471, 0, 0, 0, 0, 0);
INSERT INTO `waypoint_data` VALUES (76115, 7, -3380.51, 1086.67, 47.8098, 0, 0, 0, 0, 0);
INSERT INTO `waypoint_data` VALUES (76115, 8, -3385.61, 1063.78, 45.3679, 0, 0, 0, 0, 0);
INSERT INTO `waypoint_data` VALUES (76115, 9, -3385.87, 1045.29, 44.0683, 30000, 0, 0, 100, 0); -- 2180802
INSERT INTO `waypoint_data` VALUES (76115, 10, -3383.7, 1078.22, 47.0486, 0, 0, 0, 0, 0);
INSERT INTO `waypoint_data` VALUES (76115, 11, -3372.8, 1092.31, 46.2517, 0, 0, 0, 0, 0);
INSERT INTO `waypoint_data` VALUES (76115, 12, -3365.84, 1103.95, 49.4862, 0, 0, 0, 0, 0);
INSERT INTO `waypoint_data` VALUES (76115, 13, -3362.1, 1136.98, 51.7193, 0, 0, 0, 0, 0);
INSERT INTO `waypoint_data` VALUES (76115, 14, -3367.61, 1148.27, 54.2922, 0, 0, 0, 0, 0);
INSERT INTO `waypoint_data` VALUES (76115, 15, -3370.16, 1160.22, 54.0023, 0, 0, 0, 0, 0);
INSERT INTO `waypoint_data` VALUES (76115, 16, -3374.54, 1179.33, 60.4819, 0, 0, 0, 0, 0);
INSERT INTO `waypoint_data` VALUES (76115, 17, -3381.82, 1185.49, 58.6327, 0, 0, 0, 0, 0);
INSERT INTO `waypoint_data` VALUES (76115, 18, -3388.16, 1193.09, 59.7231, 30000, 0, 0, 100, 0); -- 2180802
UPDATE `creature` SET `spawndist` = 0, `MovementType` = 0 WHERE `guid` = 76123;
DELETE FROM `creature_formations` WHERE `leaderguid` = 76115;
INSERT INTO `creature_formations` VALUES (76115,76115,0,0,2),(76115,76123,3,0,2);

SET @GUID:= 76119;
DELETE FROM `creature` WHERE `guid` = @GUID;
INSERT INTO `creature` VALUES (76119, 21802, 530, 1, 0, 0, -3228.41, 1052.62, 64.849, 2.475, 300, 0, 0, 5409, 0, 0, 2);
DELETE FROM `creature_addon` WHERE `guid` = @GUID;
INSERT INTO `creature_addon` (`guid`,`path_id`,`mount`,`bytes0`,`bytes1`,`bytes2`,`emote`,`moveflags`,`auras`) VALUES (@GUID,@GUID,0,0,0,4097,0,0,NULL);
DELETE FROM `waypoint_data` WHERE `id` = @GUID;
INSERT INTO `waypoint_data` VALUES (76119, 1, -3259.26, 1072.83, 54.8839, 0, 0, 0, 0, 0);
INSERT INTO `waypoint_data` VALUES (76119, 2, -3272.78, 1094.41, 54.8716, 0, 0, 0, 0, 0);
INSERT INTO `waypoint_data` VALUES (76119, 3, -3280.44, 1109.07, 55.2712, 0, 0, 0, 0, 0);
INSERT INTO `waypoint_data` VALUES (76119, 4, -3282.25, 1143.33, 54.9262, 0, 0, 0, 0, 0);
INSERT INTO `waypoint_data` VALUES (76119, 5, -3292.36, 1166.64, 58.4598, 0, 0, 0, 0, 0);
INSERT INTO `waypoint_data` VALUES (76119, 6, -3293.47, 1185.88, 61.1212, 0, 0, 0, 0, 0);
INSERT INTO `waypoint_data` VALUES (76119, 7, -3290.61, 1204.3, 64.5273, 0, 0, 0, 0, 0);
INSERT INTO `waypoint_data` VALUES (76119, 8, -3302.44, 1214.85, 69.6221, 0, 0, 0, 0, 0);
INSERT INTO `waypoint_data` VALUES (76119, 9, -3308.49, 1216.17, 72.1118, 30000, 0, 0, 100, 0); -- 2180802
INSERT INTO `waypoint_data` VALUES (76119, 10, -3292.32, 1205.35, 64.8642, 0, 0, 0, 0, 0);
INSERT INTO `waypoint_data` VALUES (76119, 11, -3286.25, 1165.4, 59.9408, 0, 0, 0, 0, 0);
INSERT INTO `waypoint_data` VALUES (76119, 12, -3283.86, 1150.46, 55.4015, 0, 0, 0, 0, 0);
INSERT INTO `waypoint_data` VALUES (76119, 13, -3281.51, 1111.11, 55.3331, 0, 0, 0, 0, 0);
INSERT INTO `waypoint_data` VALUES (76119, 14, -3257.25, 1072.29, 55.522, 0, 0, 0, 0, 0);
INSERT INTO `waypoint_data` VALUES (76119, 15, -3247.24, 1065.61, 59.0082, 0, 0, 0, 0, 0);
INSERT INTO `waypoint_data` VALUES (76119, 16, -3229.4, 1049.96, 64.0386, 0, 0, 0, 0, 0);
INSERT INTO `waypoint_data` VALUES (76119, 17, -3223.6, 1041.76, 62.8929, 0, 0, 0, 0, 0);
INSERT INTO `waypoint_data` VALUES (76119, 18, -3210.43, 1024.6, 68.3633, 30000, 0, 0, 100, 0); -- 2180802
INSERT INTO `waypoint_data` VALUES (76119, 19, -3222.49, 1042.6, 63.3029, 0, 0, 0, 0, 0);
INSERT INTO `waypoint_data` VALUES (76119, 20, -3227.91, 1053.83, 65.1242, 0, 0, 0, 0, 0);
UPDATE `creature` SET `spawndist` = 0, `MovementType` = 0 WHERE `guid` = 76127;
DELETE FROM `creature_formations` WHERE `leaderguid` = 76119;
INSERT INTO `creature_formations` VALUES (76119,76119,0,0,2),(76119,76127,3,0,2);

SET @GUID:= 76120;
DELETE FROM `creature` WHERE `guid` = @GUID;
INSERT INTO `creature` VALUES (76120, 21802, 530, 1, 0, 0, -3286.63, 964.17, 41.43, 6.035, 300, 0, 0, 5409, 0, 0, 2);
DELETE FROM `creature_addon` WHERE `guid` = @GUID;
INSERT INTO `creature_addon` (`guid`,`path_id`,`mount`,`bytes0`,`bytes1`,`bytes2`,`emote`,`moveflags`,`auras`) VALUES (@GUID,@GUID,0,0,0,4097,0,0,NULL);
DELETE FROM `waypoint_data` WHERE `id` = @GUID;
INSERT INTO `waypoint_data` VALUES (76120, 1, -3264.56, 956.407, 44.0834, 0, 0, 0, 0, 0);
INSERT INTO `waypoint_data` VALUES (76120, 2, -3254.37, 955.421, 44.447, 0, 0, 0, 0, 0);
INSERT INTO `waypoint_data` VALUES (76120, 3, -3249, 956.924, 46.2156, 0, 0, 0, 0, 0);
INSERT INTO `waypoint_data` VALUES (76120, 4, -3243.16, 966.087, 49.847, 30000, 0, 0, 100, 0); -- 2180802
INSERT INTO `waypoint_data` VALUES (76120, 5, -3253.68, 955.537, 44.5803, 0, 0, 0, 0, 0);
INSERT INTO `waypoint_data` VALUES (76120, 6, -3266.88, 956.354, 43.7912, 0, 0, 0, 0, 0);
INSERT INTO `waypoint_data` VALUES (76120, 7, -3294.13, 963.64, 39.9235, 0, 0, 0, 0, 0);
INSERT INTO `waypoint_data` VALUES (76120, 8, -3302.23, 965.645, 35.4366, 0, 0, 0, 0, 0);
INSERT INTO `waypoint_data` VALUES (76120, 9, -3322.04, 975.571, 33.1319, 0, 0, 0, 0, 0);
INSERT INTO `waypoint_data` VALUES (76120, 10, -3338.73, 983.639, 31.113, 30000, 0, 0, 100, 0); -- 2180802
INSERT INTO `waypoint_data` VALUES (76120, 11, -3310.66, 973.82, 36.262, 0, 0, 0, 0, 0);
INSERT INTO `waypoint_data` VALUES (76120, 12, -3301.89, 970.678, 35.8647, 0, 0, 0, 0, 0);
INSERT INTO `waypoint_data` VALUES (76120, 13, -3296.16, 968.426, 37.2491, 0, 0, 0, 0, 0);
INSERT INTO `waypoint_data` VALUES (76120, 14, -3287.63, 963.147, 41.2303, 0, 0, 0, 0, 0);
UPDATE `creature` SET `spawndist` = 0, `MovementType` = 0 WHERE `guid` = 76128;
DELETE FROM `creature_formations` WHERE `leaderguid` = 76120;
INSERT INTO `creature_formations` VALUES (76120,76120,0,0,2),(76120,76128,3,0,2);

SET @GUID:= 76167;
DELETE FROM `creature` WHERE `guid` = @GUID;
INSERT INTO `creature` VALUES (76167, 21808, 530, 1, 0, 0, -3355.4, 1174.93, 60.3469, 0.027337, 300, 0, 0, 6761, 0, 0, 2);
DELETE FROM `creature_addon` WHERE `guid` = @GUID;
INSERT INTO `creature_addon` (`guid`,`path_id`,`mount`,`bytes0`,`bytes1`,`bytes2`,`emote`,`moveflags`,`auras`) VALUES (@GUID,@GUID,0,0,0,4097,0,0,NULL);
DELETE FROM `waypoint_data` WHERE `id` = @GUID;
INSERT INTO `waypoint_data` VALUES (76167, 1, -3308.4, 1178.67, 60.972, 0, 0, 0, 0, 0);
INSERT INTO `waypoint_data` VALUES (76167, 2, -3302.08, 1176.9, 58.4699, 0, 0, 0, 0, 0);
INSERT INTO `waypoint_data` VALUES (76167, 3, -3277.92, 1163.18, 60.7207, 0, 0, 0, 0, 0);
INSERT INTO `waypoint_data` VALUES (76167, 4, -3269.26, 1154.6, 58.9431, 0, 0, 0, 0, 0);
INSERT INTO `waypoint_data` VALUES (76167, 5, -3250.66, 1142.6, 60.0516, 0, 0, 0, 0, 0);
INSERT INTO `waypoint_data` VALUES (76167, 6, -3239.26, 1131.2, 63.2564, 0, 0, 0, 0, 0);
INSERT INTO `waypoint_data` VALUES (76167, 7, -3231.82, 1121.32, 64.8874, 0, 0, 0, 0, 0);
INSERT INTO `waypoint_data` VALUES (76167, 8, -3214.57, 1117.07, 69.0652, 0, 0, 0, 0, 0);
INSERT INTO `waypoint_data` VALUES (76167, 9, -3207.66, 1114.73, 71.7199, 3000, 0, 0, 0, 0);
INSERT INTO `waypoint_data` VALUES (76167, 10, -3234.79, 1124.66, 63.9035, 0, 0, 0, 0, 0);
INSERT INTO `waypoint_data` VALUES (76167, 11, -3255.86, 1155.72, 58.6257, 0, 0, 0, 0, 0);
INSERT INTO `waypoint_data` VALUES (76167, 12, -3276.2, 1175.08, 61.2425, 0, 0, 0, 0, 0);
INSERT INTO `waypoint_data` VALUES (76167, 13, -3299.03, 1180.25, 59.428, 0, 0, 0, 0, 0);
INSERT INTO `waypoint_data` VALUES (76167, 14, -3334.88, 1175.26, 61.2751, 0, 0, 0, 0, 0);
INSERT INTO `waypoint_data` VALUES (76167, 15, -3359.92, 1173.9, 60.1825, 0, 0, 0, 0, 0);
INSERT INTO `waypoint_data` VALUES (76167, 16, -3391.86, 1171.35, 51.4148, 3000, 0, 0, 0, 0);
INSERT INTO `waypoint_data` VALUES (76167, 17, -3358.93, 1173.4, 60.1428, 0, 0, 0, 0, 0);

SET @GUID:= 76168;
DELETE FROM `creature` WHERE `guid` = @GUID;
INSERT INTO `creature` VALUES (76168, 21808, 530, 1, 0, 0, -3180.94, 1132.83, 78.5556, 0.257672, 300, 0, 0, 6761, 0, 0, 2);
DELETE FROM `creature_addon` WHERE `guid` = @GUID;
INSERT INTO `creature_addon` (`guid`,`path_id`,`mount`,`bytes0`,`bytes1`,`bytes2`,`emote`,`moveflags`,`auras`) VALUES (@GUID,@GUID,0,0,0,4097,0,0,NULL);
DELETE FROM `waypoint_data` WHERE `id` = @GUID;
INSERT INTO `waypoint_data` VALUES (76168, 1, -3178.42, 1131.57, 77.7655, 0, 0, 0, 0, 0);
INSERT INTO `waypoint_data` VALUES (76168, 2, -3174.17, 1119.94, 73.6459, 0, 0, 0, 0, 0);
INSERT INTO `waypoint_data` VALUES (76168, 3, -3179.24, 1131.89, 78.1005, 0, 0, 0, 0, 0);
INSERT INTO `waypoint_data` VALUES (76168, 4, -3184.18, 1133.17, 78.4947, 0, 0, 0, 0, 0);
INSERT INTO `waypoint_data` VALUES (76168, 5, -3193.66, 1128.78, 73.2561, 0, 0, 0, 0, 0);
INSERT INTO `waypoint_data` VALUES (76168, 6, -3211.84, 1124.36, 70.9976, 0, 0, 0, 0, 0);
INSERT INTO `waypoint_data` VALUES (76168, 7, -3229.74, 1122.73, 65.6454, 0, 0, 0, 0, 0);
INSERT INTO `waypoint_data` VALUES (76168, 8, -3245.7, 1135.28, 61.8133, 0, 0, 0, 0, 0);
INSERT INTO `waypoint_data` VALUES (76168, 9, -3248.13, 1150.43, 57.8912, 0, 0, 0, 0, 0);
INSERT INTO `waypoint_data` VALUES (76168, 10, -3246.33, 1171.27, 58.0128, 0, 0, 0, 0, 0);
INSERT INTO `waypoint_data` VALUES (76168, 11, -3245.7, 1183.07, 58.2289, 0, 0, 0, 0, 0);
INSERT INTO `waypoint_data` VALUES (76168, 12, -3240.14, 1211.39, 66.0515, 5000, 0, 0, 0, 0);
INSERT INTO `waypoint_data` VALUES (76168, 13, -3245.38, 1206.68, 64.6064, 0, 0, 0, 0, 0);
INSERT INTO `waypoint_data` VALUES (76168, 14, -3243.14, 1181.67, 57.2295, 0, 0, 0, 0, 0);
INSERT INTO `waypoint_data` VALUES (76168, 15, -3243.31, 1149.56, 57.3698, 0, 0, 0, 0, 0);
INSERT INTO `waypoint_data` VALUES (76168, 16, -3243.02, 1138.71, 61.4023, 0, 0, 0, 0, 0);
INSERT INTO `waypoint_data` VALUES (76168, 17, -3227.35, 1117.96, 66.4116, 0, 0, 0, 0, 0);
INSERT INTO `waypoint_data` VALUES (76168, 18, -3203.32, 1126.09, 72.5751, 0, 0, 0, 0, 0);
INSERT INTO `waypoint_data` VALUES (76168, 19, -3194.19, 1127.55, 72.5067, 0, 0, 0, 0, 0);
INSERT INTO `waypoint_data` VALUES (76168, 20, -3182.7, 1132.93, 78.6731, 0, 0, 0, 0, 0);
INSERT INTO `waypoint_data` VALUES (76168, 21, -3179.76, 1131.43, 78.1285, 0, 0, 0, 0, 0);

SET @GUID:= 76169;
DELETE FROM `creature` WHERE `guid` = @GUID;
INSERT INTO `creature` VALUES (76169, 21808, 530, 1, 0, 0, -3250.86, 1104.4, 60.4245, 3.04173, 300, 0, 0, 6761, 0, 0, 2);
DELETE FROM `creature_addon` WHERE `guid` = @GUID;
INSERT INTO `creature_addon` (`guid`,`path_id`,`mount`,`bytes0`,`bytes1`,`bytes2`,`emote`,`moveflags`,`auras`) VALUES (@GUID,@GUID,0,0,0,4097,0,0,NULL);
DELETE FROM `waypoint_data` WHERE `id` = @GUID;
INSERT INTO `waypoint_data` VALUES (76169, 1, -3277.61, 1105.5, 55.1733, 0, 0, 0, 0, 0);
INSERT INTO `waypoint_data` VALUES (76169, 2, -3285.27, 1111.13, 56.2405, 0, 0, 0, 0, 0);
INSERT INTO `waypoint_data` VALUES (76169, 3, -3305.33, 1125.33, 59.4396, 0, 0, 0, 0, 0);
INSERT INTO `waypoint_data` VALUES (76169, 4, -3318.33, 1127.53, 60.1466, 0, 0, 0, 0, 0);
INSERT INTO `waypoint_data` VALUES (76169, 5, -3339.87, 1125.46, 57.064, 0, 0, 0, 0, 0);
INSERT INTO `waypoint_data` VALUES (76169, 6, -3354.29, 1114.77, 53.2102, 0, 0, 0, 0, 0);
INSERT INTO `waypoint_data` VALUES (76169, 7, -3370.59, 1083.4, 45.9588, 0, 0, 0, 0, 0);
INSERT INTO `waypoint_data` VALUES (76169, 8, -3378.09, 1077.26, 47.3137, 0, 0, 0, 0, 0);
INSERT INTO `waypoint_data` VALUES (76169, 9, -3386.03, 1076.46, 46.5369, 3000, 0, 0, 0, 0);
INSERT INTO `waypoint_data` VALUES (76169, 10, -3370.59, 1081.59, 45.9528, 0, 0, 0, 0, 0);
INSERT INTO `waypoint_data` VALUES (76169, 11, -3353.4, 1117.64, 53.6212, 0, 0, 0, 0, 0);
INSERT INTO `waypoint_data` VALUES (76169, 12, -3334.57, 1129.47, 57.6868, 0, 0, 0, 0, 0);
INSERT INTO `waypoint_data` VALUES (76169, 13, -3311.61, 1129.57, 59.4793, 0, 0, 0, 0, 0);
INSERT INTO `waypoint_data` VALUES (76169, 14, -3305.19, 1126.8, 59.1115, 0, 0, 0, 0, 0);
INSERT INTO `waypoint_data` VALUES (76169, 15, -3291.06, 1116.42, 58.5582, 0, 0, 0, 0, 0);
INSERT INTO `waypoint_data` VALUES (76169, 16, -3283.33, 1109.84, 55.5914, 0, 0, 0, 0, 0);
INSERT INTO `waypoint_data` VALUES (76169, 17, -3276.35, 1102.98, 55.0464, 0, 0, 0, 0, 0);
INSERT INTO `waypoint_data` VALUES (76169, 18, -3242.7, 1105.89, 61.5623, 0, 0, 0, 0, 0);
INSERT INTO `waypoint_data` VALUES (76169, 19, -3229.65, 1101.25, 66.3961, 3000, 0, 0, 0, 0);
INSERT INTO `waypoint_data` VALUES (76169, 20, -3246.55, 1103.62, 60.8973, 0, 0, 0, 0, 0);

SET @GUID:= 76170;
DELETE FROM `creature` WHERE `guid` = @GUID;
INSERT INTO `creature` VALUES (76170, 21808, 530, 1, 0, 0, -3270.78, 949.295, 43.0955, 3.26595, 300, 0, 0, 6761, 0, 0, 2);
DELETE FROM `creature_addon` WHERE `guid` = @GUID;
INSERT INTO `creature_addon` (`guid`,`path_id`,`mount`,`bytes0`,`bytes1`,`bytes2`,`emote`,`moveflags`,`auras`) VALUES (@GUID,@GUID,0,0,0,4097,0,0,NULL);
DELETE FROM `waypoint_data` WHERE `id` = @GUID;
INSERT INTO `waypoint_data` VALUES (76170, 1, -3280.6, 947.888, 42.6272, 0, 0, 0, 0, 0);
INSERT INTO `waypoint_data` VALUES (76170, 2, -3288.21, 944.545, 38.954, 0, 0, 0, 0, 0);
INSERT INTO `waypoint_data` VALUES (76170, 3, -3302.84, 939.51, 36.424, 0, 0, 0, 0, 0);
INSERT INTO `waypoint_data` VALUES (76170, 4, -3309.41, 934.472, 36.0443, 0, 0, 0, 0, 0);
INSERT INTO `waypoint_data` VALUES (76170, 5, -3318.15, 928.217, 32.3918, 0, 0, 0, 0, 0);
INSERT INTO `waypoint_data` VALUES (76170, 6, -3331.99, 922.586, 31.7365, 3000, 0, 0, 0, 0);
INSERT INTO `waypoint_data` VALUES (76170, 7, -3322.16, 925.744, 31.296, 0, 0, 0, 0, 0);
INSERT INTO `waypoint_data` VALUES (76170, 8, -3310.37, 936.74, 35.3425, 0, 0, 0, 0, 0);
INSERT INTO `waypoint_data` VALUES (76170, 9, -3302.37, 940.933, 36.1796, 0, 0, 0, 0, 0);
INSERT INTO `waypoint_data` VALUES (76170, 10, -3287.18, 946.728, 39.5706, 0, 0, 0, 0, 0);
INSERT INTO `waypoint_data` VALUES (76170, 11, -3283.28, 952.706, 41.143, 0, 0, 0, 0, 0);
INSERT INTO `waypoint_data` VALUES (76170, 12, -3276.21, 953.964, 42.1101, 0, 0, 0, 0, 0);
INSERT INTO `waypoint_data` VALUES (76170, 13, -3261.06, 948.93, 42.9136, 0, 0, 0, 0, 0);
INSERT INTO `waypoint_data` VALUES (76170, 14, -3246.8, 947.155, 44.7651, 0, 0, 0, 0, 0);
INSERT INTO `waypoint_data` VALUES (76170, 15, -3234.86, 942.679, 48.2091, 3000, 0, 0, 0, 0);
INSERT INTO `waypoint_data` VALUES (76170, 16, -3247.76, 948.391, 44.7988, 0, 0, 0, 0, 0);
INSERT INTO `waypoint_data` VALUES (76170, 17, -3260.35, 948.763, 43.0041, 0, 0, 0, 0, 0);
INSERT INTO `waypoint_data` VALUES (76170, 18, -3269.56, 949.604, 42.7369, 0, 0, 0, 0, 0);

SET @GUID:= 76171;
DELETE FROM `creature` WHERE `guid` = @GUID;
INSERT INTO `creature` VALUES (76171, 21808, 530, 1, 0, 0, -3287.04, 948.351, 39.7317, 0.009765, 300, 0, 0, 6761, 0, 0, 2);
DELETE FROM `creature_addon` WHERE `guid` = @GUID;
INSERT INTO `creature_addon` (`guid`,`path_id`,`mount`,`bytes0`,`bytes1`,`bytes2`,`emote`,`moveflags`,`auras`) VALUES (@GUID,@GUID,0,0,0,4097,0,0,NULL);
DELETE FROM `waypoint_data` WHERE `id` = @GUID;
INSERT INTO `waypoint_data` VALUES (76171, 1, -3280.3, 957.403, 41.4696, 0, 0, 0, 0, 0);
INSERT INTO `waypoint_data` VALUES (76171, 2, -3257.59, 951.954, 43.4983, 0, 0, 0, 0, 0);
INSERT INTO `waypoint_data` VALUES (76171, 3, -3247.14, 945.764, 44.7965, 0, 0, 0, 0, 0);
INSERT INTO `waypoint_data` VALUES (76171, 4, -3238.19, 935.526, 46.3302, 0, 0, 0, 0, 0);
INSERT INTO `waypoint_data` VALUES (76171, 5, -3226.82, 916.186, 46.3998, 0, 0, 0, 0, 0);
INSERT INTO `waypoint_data` VALUES (76171, 6, -3225.4, 907.094, 44.9183, 0, 0, 0, 0, 0);
INSERT INTO `waypoint_data` VALUES (76171, 7, -3229.75, 895.431, 39.8892, 0, 0, 0, 0, 0);
INSERT INTO `waypoint_data` VALUES (76171, 8, -3245.4, 884.838, 32.106, 0, 0, 0, 0, 0);
INSERT INTO `waypoint_data` VALUES (76171, 9, -3281.53, 879.127, 13.899, 0, 0, 0, 0, 0);
INSERT INTO `waypoint_data` VALUES (76171, 10, -3321.82, 874.553, -7.36087, 3000, 0, 0, 0, 0);
INSERT INTO `waypoint_data` VALUES (76171, 11, -3299.96, 876.675, 4.01488, 0, 0, 0, 0, 0);
INSERT INTO `waypoint_data` VALUES (76171, 12, -3262.06, 881.242, 22.869, 0, 0, 0, 0, 0);
INSERT INTO `waypoint_data` VALUES (76171, 13, -3246.28, 881.161, 31.5096, 0, 0, 0, 0, 0);
INSERT INTO `waypoint_data` VALUES (76171, 14, -3222.63, 896.762, 43.3892, 0, 0, 0, 0, 0);
INSERT INTO `waypoint_data` VALUES (76171, 15, -3219.84, 906.7, 46.661, 0, 0, 0, 0, 0);
INSERT INTO `waypoint_data` VALUES (76171, 16, -3220.26, 912.807, 46.5106, 0, 0, 0, 0, 0);
INSERT INTO `waypoint_data` VALUES (76171, 17, -3228.99, 931.71, 48.0305, 0, 0, 0, 0, 0);
INSERT INTO `waypoint_data` VALUES (76171, 18, -3244.93, 946.163, 45.1056, 0, 0, 0, 0, 0);
INSERT INTO `waypoint_data` VALUES (76171, 19, -3255.75, 953.24, 43.7815, 0, 0, 0, 0, 0);
INSERT INTO `waypoint_data` VALUES (76171, 20, -3278.82, 955.948, 41.7722, 0, 0, 0, 0, 0);
INSERT INTO `waypoint_data` VALUES (76171, 21, -3303.78, 945.419, 35.6887, 0, 0, 0, 0, 0);
INSERT INTO `waypoint_data` VALUES (76171, 22, -3325.15, 941.581, 32.7707, 3000, 0, 0, 0, 0);
INSERT INTO `waypoint_data` VALUES (76171, 23, -3290.05, 946.581, 38.6477, 0, 0, 0, 0, 0);

SET @GUID:= 76172;
DELETE FROM `creature` WHERE `guid` = @GUID;
INSERT INTO `creature` VALUES (76172, 21808, 530, 1, 0, 0, -3404.59, 861.869, -22.8115, 6.15592, 300, 0, 0, 6761, 0, 0, 2);
DELETE FROM `creature_addon` WHERE `guid` = @GUID;
INSERT INTO `creature_addon` (`guid`,`path_id`,`mount`,`bytes0`,`bytes1`,`bytes2`,`emote`,`moveflags`,`auras`) VALUES (@GUID,@GUID,0,0,0,4097,0,0,NULL);
DELETE FROM `waypoint_data` WHERE `id` = @GUID;
INSERT INTO `waypoint_data` VALUES (76172, 1, -3363.99, 863.054, -17.928, 0, 0, 0, 0, 0);
INSERT INTO `waypoint_data` VALUES (76172, 2, -3336.72, 868.281, -14.4972, 0, 0, 0, 0, 0);
INSERT INTO `waypoint_data` VALUES (76172, 3, -3325.31, 867.909, -10.5469, 0, 0, 0, 0, 0);
INSERT INTO `waypoint_data` VALUES (76172, 4, -3305.19, 869.397, 2.16438, 0, 0, 0, 0, 0);
INSERT INTO `waypoint_data` VALUES (76172, 5, -3291.59, 870.047, 7.80878, 0, 0, 0, 0, 0);
INSERT INTO `waypoint_data` VALUES (76172, 6, -3273.02, 872.993, 17.7677, 0, 0, 0, 0, 0);
INSERT INTO `waypoint_data` VALUES (76172, 7, -3288.99, 868.781, 9.03969, 0, 0, 0, 0, 0);
INSERT INTO `waypoint_data` VALUES (76172, 8, -3308.33, 865.931, 0.661755, 0, 0, 0, 0, 0);
INSERT INTO `waypoint_data` VALUES (76172, 9, -3323.9, 866.267, -10.1088, 0, 0, 0, 0, 0);
INSERT INTO `waypoint_data` VALUES (76172, 10, -3336.14, 865.321, -15.1536, 0, 0, 0, 0, 0);
INSERT INTO `waypoint_data` VALUES (76172, 11, -3354.42, 863.811, -16.7995, 0, 0, 0, 0, 0);
INSERT INTO `waypoint_data` VALUES (76172, 12, -3363.89, 861.46, -18.165, 0, 0, 0, 0, 0);
INSERT INTO `waypoint_data` VALUES (76172, 13, -3375.57, 858.85, -18.0049, 0, 0, 0, 0, 0);
INSERT INTO `waypoint_data` VALUES (76172, 14, -3399.78, 862.753, -21.3708, 0, 0, 0, 0, 0);
INSERT INTO `waypoint_data` VALUES (76172, 15, -3418.18, 871.94, -26.3409, 3000, 0, 0, 0, 0);

SET @GUID:= 76262;
DELETE FROM `creature` WHERE `guid` = @GUID;
INSERT INTO `creature` VALUES (76262, 21810, 530, 1, 0, 0, 3234.68, 6393.25, 131.117, 1.309, 300, 0, 0, 6116, 0, 0, 2);
DELETE FROM `creature_addon` WHERE `guid` = @GUID;
INSERT INTO `creature_addon` (`guid`,`path_id`,`mount`,`bytes0`,`bytes1`,`bytes2`,`emote`,`moveflags`,`auras`) VALUES (@GUID,@GUID,0,0,0,4097,0,0,NULL);
DELETE FROM `waypoint_data` WHERE `id` = @GUID;
INSERT INTO `waypoint_data` VALUES (76262, 1, 3234.68, 6393.25, 131.117, 25000, 0, 0, 0, 0);
INSERT INTO `waypoint_data` VALUES (76262, 2, 3248.11, 6414.8, 139.107, 10000, 0, 0, 0, 0);
INSERT INTO `waypoint_data` VALUES (76262, 3, 3234.68, 6393.25, 131.117, 25000, 0, 0, 0, 0);
INSERT INTO `waypoint_data` VALUES (76262, 4, 3222.07, 6365.31, 120.538, 0, 0, 0, 0, 0);
INSERT INTO `waypoint_data` VALUES (76262, 5, 3219.33, 6345.78, 120.38, 10000, 0, 0, 0, 0);
INSERT INTO `waypoint_data` VALUES (76262, 6, 3222.07, 6365.31, 120.538, 0, 0, 0, 0, 0);

SET @GUID:= 76801;
DELETE FROM `creature` WHERE `guid` = @GUID;
INSERT INTO `creature` VALUES (76801, 21986, 530, 1, 0, 0, -3058.79, 794.144, -10.0661, 0.965849, 300, 0, 0, 15000, 3155, 0, 2);
DELETE FROM `creature_addon` WHERE `guid` = @GUID;
INSERT INTO `creature_addon` (`guid`,`path_id`,`mount`,`bytes0`,`bytes1`,`bytes2`,`emote`,`moveflags`,`auras`) VALUES (@GUID,@GUID,0,0,0,4097,0,0,NULL);
DELETE FROM `waypoint_data` WHERE `id` = @GUID;
INSERT INTO `waypoint_data` VALUES (76801, 1, -3048.58, 811.772, -10.4179, 0, 0, 0, 0, 0);
INSERT INTO `waypoint_data` VALUES (76801, 2, -3048.34, 818.511, -10.4845, 0, 0, 0, 0, 0);
INSERT INTO `waypoint_data` VALUES (76801, 3, -3045.79, 823.876, -10.5028, 0, 0, 0, 0, 0);
INSERT INTO `waypoint_data` VALUES (76801, 4, -3037.01, 827.66, -10.4129, 0, 0, 0, 0, 0);
INSERT INTO `waypoint_data` VALUES (76801, 5, -3012.69, 855.806, -10.4971, 0, 0, 0, 0, 0);
INSERT INTO `waypoint_data` VALUES (76801, 6, -3007.02, 859.512, -9.04558, 0, 0, 0, 0, 0);
INSERT INTO `waypoint_data` VALUES (76801, 7, -2993.32, 863.408, -8.71289, 0, 0, 0, 0, 0);
INSERT INTO `waypoint_data` VALUES (76801, 8, -2987.23, 863.706, -8.63931, 4000, 0, 0, 0, 0);
INSERT INTO `waypoint_data` VALUES (76801, 9, -2996.22, 863.37, -8.7418, 0, 0, 0, 0, 0);
INSERT INTO `waypoint_data` VALUES (76801, 10, -3006.27, 859.969, -8.90674, 0, 0, 0, 0, 0);
INSERT INTO `waypoint_data` VALUES (76801, 11, -3013.39, 856.758, -10.493, 0, 0, 0, 0, 0);
INSERT INTO `waypoint_data` VALUES (76801, 12, -3038.15, 827.185, -10.4295, 0, 0, 0, 0, 0);
INSERT INTO `waypoint_data` VALUES (76801, 13, -3044.78, 824.265, -10.5029, 0, 0, 0, 0, 0);
INSERT INTO `waypoint_data` VALUES (76801, 14, -3048.3, 818.94, -10.4888, 0, 0, 0, 0, 0);
INSERT INTO `waypoint_data` VALUES (76801, 15, -3048.79, 811.524, -10.4148, 0, 0, 0, 0, 0);
INSERT INTO `waypoint_data` VALUES (76801, 16, -3061.71, 790.621, -10.1069, 0, 0, 0, 0, 0);
INSERT INTO `waypoint_data` VALUES (76801, 17, -3067.3, 787.768, -10.1496, 0, 0, 0, 0, 0);
INSERT INTO `waypoint_data` VALUES (76801, 18, -3074.11, 788.496, -8.57641, 0, 0, 0, 0, 0);
INSERT INTO `waypoint_data` VALUES (76801, 19, -3067.02, 787.852, -10.1493, 0, 0, 0, 0, 0);
INSERT INTO `waypoint_data` VALUES (76801, 20, -3063, 789.95, -10.116, 0, 0, 0, 0, 0);
INSERT INTO `waypoint_data` VALUES (76801, 21, -3058.71, 794.269, -10.1038, 0, 0, 0, 0, 0);

SET @GUID:= 77084;
DELETE FROM `creature` WHERE `id` = 22006;
INSERT INTO `creature` VALUES (77084, 22006, 530, 1, 0, 0, -3225.12, 246.817, 195.679, 4.87723, 300, 0, 0, 83204, 18930, 0, 2);
DELETE FROM `creature_addon` WHERE `guid` = @GUID;
INSERT INTO `creature_addon` (`guid`,`path_id`,`mount`,`bytes0`,`bytes1`,`bytes2`,`emote`,`moveflags`,`auras`) VALUES (@GUID,@GUID,20684,512,0,4097,0,0,NULL);
DELETE FROM `waypoint_data` WHERE `id` = @GUID;
INSERT INTO `waypoint_data` VALUES (77084, 1, -3225.12, 246.817, 195.679, 0, 0, 0, 0, 0);
INSERT INTO `waypoint_data` VALUES (77084, 2, -3240.03, 255.9, 201.579, 0, 0, 0, 0, 0);
INSERT INTO `waypoint_data` VALUES (77084, 3, -3257.98, 269.678, 201.579, 0, 0, 0, 0, 0);
INSERT INTO `waypoint_data` VALUES (77084, 4, -3274.72, 279.532, 201.579, 0, 0, 0, 0, 0);
INSERT INTO `waypoint_data` VALUES (77084, 5, -3285.86, 310.516, 201.579, 0, 0, 0, 0, 0);
INSERT INTO `waypoint_data` VALUES (77084, 6, -3275.1, 325.252, 201.579, 0, 0, 0, 0, 0);
INSERT INTO `waypoint_data` VALUES (77084, 7, -3254.87, 341.812, 201.579, 0, 0, 0, 0, 0);
INSERT INTO `waypoint_data` VALUES (77084, 8, -3227.61, 331.076, 201.579, 0, 0, 0, 0, 0);
INSERT INTO `waypoint_data` VALUES (77084, 9, -3218.13, 316.963, 201.579, 0, 0, 0, 0, 0);
INSERT INTO `waypoint_data` VALUES (77084, 10, -3217.59, 298.951, 201.579, 0, 0, 0, 0, 0);
INSERT INTO `waypoint_data` VALUES (77084, 11, -3217.09, 283.996, 201.579, 0, 0, 0, 0, 0);
INSERT INTO `waypoint_data` VALUES (77084, 12, -3207.64, 260.908, 203.19, 0, 0, 0, 0, 0);
INSERT INTO `waypoint_data` VALUES (77084, 13, -3212.76, 247.542, 203.19, 0, 0, 0, 0, 0);
INSERT INTO `waypoint_data` VALUES (77084, 14, -3220.4, 239.538, 203.19, 0, 0, 0, 0, 0);
INSERT INTO `waypoint_data` VALUES (77084, 15, -3252.73, 239.407, 172.163, 0, 0, 0, 0, 0);
INSERT INTO `waypoint_data` VALUES (77084, 16, -3266.67, 280.529, 161.968, 0, 0, 0, 0, 0);
INSERT INTO `waypoint_data` VALUES (77084, 17, -3237.02, 300.281, 161.968, 0, 0, 0, 0, 0);
INSERT INTO `waypoint_data` VALUES (77084, 18, -3205.82, 285.144, 183.413, 0, 0, 0, 0, 0);
INSERT INTO `waypoint_data` VALUES (77084, 19, -3205.76, 262.642, 184.707, 0, 0, 0, 0, 0);
INSERT INTO `waypoint_data` VALUES (77084, 20, -3213.83, 246.444, 194.429, 0, 0, 0, 0, 0);
INSERT INTO `waypoint_data` VALUES (77084, 21, -3225.12, 246.817, 195.679, 0, 0, 0, 0, 0);
INSERT INTO `waypoint_data` VALUES (77084, 22, -3240.03, 255.9, 201.579, 0, 0, 0, 0, 0);
INSERT INTO `waypoint_data` VALUES (77084, 23, -3257.98, 269.678, 201.579, 0, 0, 0, 0, 0);

SET @GUID:= 77197;
DELETE FROM `creature` WHERE `guid` = @GUID;
INSERT INTO `creature` VALUES (77197, 22040, 530, 1, 0, 0, 3113.81, 6200.3, 142.263, 1.19287, 300, 0, 0, 6920, 0, 0, 2);
DELETE FROM `creature_addon` WHERE `guid` = @GUID;
INSERT INTO `creature_addon` (`guid`,`path_id`,`mount`,`bytes0`,`bytes1`,`bytes2`,`emote`,`moveflags`,`auras`) VALUES (@GUID,@GUID,0,16908544,0,4097,0,0,NULL);
DELETE FROM `waypoint_data` WHERE `id` = @GUID;
INSERT INTO `waypoint_data` VALUES (77197, 1, 3124.23, 6233.62, 136.97, 0, 0, 0, 0, 0);
INSERT INTO `waypoint_data` VALUES (77197, 2, 3147.09, 6267.4, 135.472, 0, 0, 0, 0, 0);
INSERT INTO `waypoint_data` VALUES (77197, 3, 3156.74, 6256.76, 139.877, 0, 0, 0, 0, 0);
INSERT INTO `waypoint_data` VALUES (77197, 4, 3141.01, 6234.98, 131.415, 0, 0, 0, 0, 0);
INSERT INTO `waypoint_data` VALUES (77197, 5, 3127.32, 6194.33, 139.273, 0, 0, 0, 0, 0);
INSERT INTO `waypoint_data` VALUES (77197, 6, 3117.39, 6173.92, 149.005, 0, 0, 0, 0, 0);
INSERT INTO `waypoint_data` VALUES (77197, 7, 3112.4, 6203.86, 140.679, 0, 0, 0, 0, 0);

SET @GUID:= 77198;
DELETE FROM `creature` WHERE `guid` = @GUID;
INSERT INTO `creature` VALUES (77198, 22040, 530, 1, 0, 0, 3135.4, 6236.62, 137.463, 2.63824, 300, 0, 0, 6920, 0, 0, 2);
DELETE FROM `creature_addon` WHERE `guid` = @GUID;
INSERT INTO `creature_addon` (`guid`,`path_id`,`mount`,`bytes0`,`bytes1`,`bytes2`,`emote`,`moveflags`,`auras`) VALUES (@GUID,@GUID,0,16908544,0,4097,0,0,NULL);
DELETE FROM `waypoint_data` WHERE `id` = @GUID;
INSERT INTO `waypoint_data` VALUES (77198, 1, 3115.27, 6211.26, 159.97, 0, 0, 0, 0, 0);
INSERT INTO `waypoint_data` VALUES (77198, 2, 3113.32, 6232.72, 157.375, 0, 0, 0, 0, 0);
INSERT INTO `waypoint_data` VALUES (77198, 3, 3113.32, 6232.72, 157.375, 0, 0, 0, 0, 0);
INSERT INTO `waypoint_data` VALUES (77198, 4, 3128.49, 6246.51, 159.279, 0, 0, 0, 0, 0);
INSERT INTO `waypoint_data` VALUES (77198, 5, 3157.74, 6265.23, 153.897, 0, 0, 0, 0, 0);
INSERT INTO `waypoint_data` VALUES (77198, 6, 3127.11, 6212.17, 145.774, 0, 0, 0, 0, 0);
INSERT INTO `waypoint_data` VALUES (77198, 7, 3108.92, 6203.04, 156.09, 0, 0, 0, 0, 0);

SET @GUID:= 77199;
DELETE FROM `creature` WHERE `guid` = @GUID;
INSERT INTO `creature` VALUES (77199, 22040, 530, 1, 0, 0, 3205.48, 6290.76, 143.321, 4.46608, 300, 0, 0, 6920, 0, 0, 2);
DELETE FROM `creature_addon` WHERE `guid` = @GUID;
INSERT INTO `creature_addon` (`guid`,`path_id`,`mount`,`bytes0`,`bytes1`,`bytes2`,`emote`,`moveflags`,`auras`) VALUES (@GUID,@GUID,0,16908544,0,4097,0,0,NULL);
DELETE FROM `waypoint_data` WHERE `id` = @GUID;
INSERT INTO `waypoint_data` VALUES (77199, 1, 3198.88, 6277.04, 149.718, 0, 0, 0, 0, 0);
INSERT INTO `waypoint_data` VALUES (77199, 2, 3180.94, 6268.35, 157.716, 0, 0, 0, 0, 0);
INSERT INTO `waypoint_data` VALUES (77199, 3, 3165.28, 6262.16, 156.564, 0, 0, 0, 0, 0);
INSERT INTO `waypoint_data` VALUES (77199, 4, 3142.23, 6246.89, 150.136, 0, 0, 0, 0, 0);
INSERT INTO `waypoint_data` VALUES (77199, 5, 3159.69, 6272.63, 134.671, 0, 0, 0, 0, 0);
INSERT INTO `waypoint_data` VALUES (77199, 6, 3194.37, 6275.42, 134.083, 0, 0, 0, 0, 0);
INSERT INTO `waypoint_data` VALUES (77199, 7, 3226.19, 6295.34, 131.692, 0, 0, 0, 0, 0);

SET @GUID:= 77200;
DELETE FROM `creature` WHERE `guid` = @GUID;
INSERT INTO `creature` VALUES (77200, 22040, 530, 1, 0, 0, 3206.03, 6297.4, 134.013, 1.46622, 300, 0, 0, 6920, 0, 0, 2);
DELETE FROM `creature_addon` WHERE `guid` = @GUID;
INSERT INTO `creature_addon` (`guid`,`path_id`,`mount`,`bytes0`,`bytes1`,`bytes2`,`emote`,`moveflags`,`auras`) VALUES (@GUID,@GUID,0,16908544,0,4097,0,0,NULL);
DELETE FROM `waypoint_data` WHERE `id` = @GUID;
INSERT INTO `waypoint_data` VALUES (77200, 1, 3203.5, 6319.69, 137.047, 0, 0, 0, 0, 0);
INSERT INTO `waypoint_data` VALUES (77200, 2, 3201.96, 6338.33, 137.974, 0, 0, 0, 0, 0);
INSERT INTO `waypoint_data` VALUES (77200, 3, 3209.66, 6354.16, 133.517, 0, 0, 0, 0, 0);
INSERT INTO `waypoint_data` VALUES (77200, 4, 3220.84, 6355.37, 127.547, 0, 0, 0, 0, 0);
INSERT INTO `waypoint_data` VALUES (77200, 5, 3221.17, 6331.7, 128.506, 0, 0, 0, 0, 0);
INSERT INTO `waypoint_data` VALUES (77200, 6, 3219.61, 6299.02, 127.619, 0, 0, 0, 0, 0);
INSERT INTO `waypoint_data` VALUES (77200, 7, 3205.93, 6277.75, 128.726, 0, 0, 0, 0, 0);
INSERT INTO `waypoint_data` VALUES (77200, 8, 3180.64, 6265.26, 127.438, 0, 0, 0, 0, 0);
INSERT INTO `waypoint_data` VALUES (77200, 9, 3164.07, 6259.64, 127.524, 0, 0, 0, 0, 0);
INSERT INTO `waypoint_data` VALUES (77200, 10, 3150.32, 6264.08, 132.687, 0, 0, 0, 0, 0);
INSERT INTO `waypoint_data` VALUES (77200, 11, 3162.77, 6271.1, 130.938, 0, 0, 0, 0, 0);
INSERT INTO `waypoint_data` VALUES (77200, 12, 3193.65, 6280.42, 128.58, 0, 0, 0, 0, 0);
INSERT INTO `waypoint_data` VALUES (77200, 13, 3210.11, 6301.49, 129.114, 0, 0, 0, 0, 0);

SET @GUID:= 77201;
DELETE FROM `creature` WHERE `guid` = @GUID;
INSERT INTO `creature` VALUES (77201, 22040, 530, 1, 0, 0, 3208.64, 6363.27, 153.608, 5.34254, 300, 0, 0, 6920, 0, 0, 2);
DELETE FROM `creature_addon` WHERE `guid` = @GUID;
INSERT INTO `creature_addon` (`guid`,`path_id`,`mount`,`bytes0`,`bytes1`,`bytes2`,`emote`,`moveflags`,`auras`) VALUES (@GUID,@GUID,0,16908544,0,4097,0,0,NULL);
DELETE FROM `waypoint_data` WHERE `id` = @GUID;
INSERT INTO `waypoint_data` VALUES (77201, 1, 3211.89, 6378.37, 160.947, 0, 0, 0, 0, 0);
INSERT INTO `waypoint_data` VALUES (77201, 2, 3223.31, 6397.84, 163.276, 0, 0, 0, 0, 0);
INSERT INTO `waypoint_data` VALUES (77201, 3, 3240.92, 6421.12, 167.839, 0, 0, 0, 0, 0);
INSERT INTO `waypoint_data` VALUES (77201, 4, 3285.83, 6471.06, 168.139, 0, 0, 0, 0, 0);
INSERT INTO `waypoint_data` VALUES (77201, 5, 3272.85, 6444.45, 159.229, 0, 0, 0, 0, 0);
INSERT INTO `waypoint_data` VALUES (77201, 6, 3248.37, 6404.73, 141.554, 0, 0, 0, 0, 0);
INSERT INTO `waypoint_data` VALUES (77201, 7, 3224.73, 6361.07, 131.423, 0, 0, 0, 0, 0);
INSERT INTO `waypoint_data` VALUES (77201, 8, 3222.71, 6339.17, 125.556, 0, 0, 0, 0, 0);
INSERT INTO `waypoint_data` VALUES (77201, 9, 3209.97, 6331.73, 142.969, 0, 0, 0, 0, 0);

SET @GUID:= 77202;
DELETE FROM `creature` WHERE `guid` = @GUID;
INSERT INTO `creature` VALUES (77202, 22040, 530, 1, 0, 0, 3215.39, 6350.47, 137.6, 3.59581, 300, 0, 0, 6920, 0, 0, 2);
DELETE FROM `creature_addon` WHERE `guid` = @GUID;
INSERT INTO `creature_addon` (`guid`,`path_id`,`mount`,`bytes0`,`bytes1`,`bytes2`,`emote`,`moveflags`,`auras`) VALUES (@GUID,@GUID,0,16908544,0,4097,0,0,NULL);
DELETE FROM `waypoint_data` WHERE `id` = @GUID;
INSERT INTO `waypoint_data` VALUES (77202, 1, 3201.85, 6329.47, 135.39, 0, 0, 0, 0, 0);
INSERT INTO `waypoint_data` VALUES (77202, 2, 3215.68, 6310.24, 134.807, 0, 0, 0, 0, 0);
INSERT INTO `waypoint_data` VALUES (77202, 3, 3206.73, 6283.2, 131.488, 0, 0, 0, 0, 0);
INSERT INTO `waypoint_data` VALUES (77202, 4, 3195.56, 6276.81, 136.21, 0, 0, 0, 0, 0);
INSERT INTO `waypoint_data` VALUES (77202, 5, 3167.04, 6269.82, 140.305, 0, 0, 0, 0, 0);
INSERT INTO `waypoint_data` VALUES (77202, 6, 3148.29, 6255.34, 140.236, 0, 0, 0, 0, 0);
INSERT INTO `waypoint_data` VALUES (77202, 7, 3134.61, 6240.46, 132.794, 0, 0, 0, 0, 0);
INSERT INTO `waypoint_data` VALUES (77202, 8, 3131.1, 6225.55, 132.227, 0, 0, 0, 0, 0);
INSERT INTO `waypoint_data` VALUES (77202, 9, 3128.93, 6212.33, 133.492, 0, 0, 0, 0, 0);
INSERT INTO `waypoint_data` VALUES (77202, 10, 3115.99, 6212.47, 148.839, 0, 0, 0, 0, 0);
INSERT INTO `waypoint_data` VALUES (77202, 11, 3112.29, 6227.4, 149.795, 0, 0, 0, 0, 0);
INSERT INTO `waypoint_data` VALUES (77202, 12, 3121.26, 6241.04, 141.894, 0, 0, 0, 0, 0);
INSERT INTO `waypoint_data` VALUES (77202, 13, 3141.21, 6254.18, 135.909, 0, 0, 0, 0, 0);
INSERT INTO `waypoint_data` VALUES (77202, 14, 3163.35, 6266.26, 131.723, 0, 0, 0, 0, 0);
INSERT INTO `waypoint_data` VALUES (77202, 15, 3183.51, 6278, 129.545, 0, 0, 0, 0, 0);
INSERT INTO `waypoint_data` VALUES (77202, 16, 3199.83, 6290.69, 126.462, 0, 0, 0, 0, 0);
INSERT INTO `waypoint_data` VALUES (77202, 17, 3207.84, 6303.4, 129.794, 0, 0, 0, 0, 0);
INSERT INTO `waypoint_data` VALUES (77202, 18, 3206.88, 6319.42, 131.763, 0, 0, 0, 0, 0);

SET @GUID:= 77483;
DELETE FROM `creature` WHERE `guid` = @GUID;
INSERT INTO `creature` VALUES (77483, 22084, 530, 1, 0, 0, -3350.52, 258.855, 120.525, 2.81653, 300, 0, 0, 6986, 0, 0, 2);
DELETE FROM `creature_addon` WHERE `guid` = @GUID;
INSERT INTO `creature_addon` (`guid`,`path_id`,`mount`,`bytes0`,`bytes1`,`bytes2`,`emote`,`moveflags`,`auras`) VALUES (@GUID,@GUID,0,16777472,0,4097,0,0,NULL);
DELETE FROM `waypoint_data` WHERE `id` = @GUID;
INSERT INTO `waypoint_data` VALUES (77483, 1, -3335.96, 252.971, 120.503, 0, 0, 0, 0, 0);
INSERT INTO `waypoint_data` VALUES (77483, 2, -3328.07, 251.428, 120.524, 0, 0, 0, 0, 0);
INSERT INTO `waypoint_data` VALUES (77483, 3, -3311.63, 255.485, 120.518, 0, 0, 0, 0, 0);
INSERT INTO `waypoint_data` VALUES (77483, 4, -3303.8, 273.052, 120.589, 0, 0, 0, 0, 0);
INSERT INTO `waypoint_data` VALUES (77483, 5, -3302.62, 298.24, 120.514, 0, 0, 0, 0, 0);
INSERT INTO `waypoint_data` VALUES (77483, 6, -3304.24, 323.465, 120.536, 0, 0, 0, 0, 0);
INSERT INTO `waypoint_data` VALUES (77483, 7, -3312.88, 339.077, 120.555, 0, 0, 0, 0, 0);
INSERT INTO `waypoint_data` VALUES (77483, 8, -3316.73, 342.398, 120.55, 0, 0, 0, 0, 0);
INSERT INTO `waypoint_data` VALUES (77483, 9, -3348.09, 331.383, 120.546, 0, 0, 0, 0, 0);
INSERT INTO `waypoint_data` VALUES (77483, 10, -3351.53, 331.255, 120.531, 0, 0, 0, 0, 0);
INSERT INTO `waypoint_data` VALUES (77483, 11, -3353.14, 333.8, 120.497, 0, 0, 0, 0, 0);
INSERT INTO `waypoint_data` VALUES (77483, 12, -3350.19, 348.79, 120.449, 0, 0, 0, 0, 0);
INSERT INTO `waypoint_data` VALUES (77483, 13, -3353.36, 354.283, 120.449, 0, 0, 0, 0, 0);
INSERT INTO `waypoint_data` VALUES (77483, 14, -3352.93, 375.159, 120.448, 3000, 0, 0, 0, 0);
INSERT INTO `waypoint_data` VALUES (77483, 15, -3353.28, 354.983, 120.448, 0, 0, 0, 0, 0);
INSERT INTO `waypoint_data` VALUES (77483, 16, -3351.32, 343.409, 120.454, 0, 0, 0, 0, 0);
INSERT INTO `waypoint_data` VALUES (77483, 17, -3354.26, 336.788, 120.472, 0, 0, 0, 0, 0);
INSERT INTO `waypoint_data` VALUES (77483, 18, -3353.37, 334.146, 120.492, 0, 0, 0, 0, 0);
INSERT INTO `waypoint_data` VALUES (77483, 19, -3350.73, 332.514, 120.526, 0, 0, 0, 0, 0);
INSERT INTO `waypoint_data` VALUES (77483, 20, -3326.92, 339.233, 120.56, 0, 0, 0, 0, 0);
INSERT INTO `waypoint_data` VALUES (77483, 21, -3318.34, 339.093, 120.561, 0, 0, 0, 0, 0);
INSERT INTO `waypoint_data` VALUES (77483, 22, -3311.01, 327.968, 120.568, 0, 0, 0, 0, 0);
INSERT INTO `waypoint_data` VALUES (77483, 23, -3302.74, 299.107, 120.516, 0, 0, 0, 0, 0);
INSERT INTO `waypoint_data` VALUES (77483, 24, -3307.59, 261.589, 120.517, 0, 0, 0, 0, 0);
INSERT INTO `waypoint_data` VALUES (77483, 25, -3318.06, 253.183, 120.517, 0, 0, 0, 0, 0);
INSERT INTO `waypoint_data` VALUES (77483, 26, -3327.05, 251.433, 120.521, 0, 0, 0, 0, 0);
INSERT INTO `waypoint_data` VALUES (77483, 27, -3340.25, 251.811, 120.495, 0, 0, 0, 0, 0);
INSERT INTO `waypoint_data` VALUES (77483, 28, -3352.26, 260.266, 120.52, 3000, 0, 0, 0, 0);

SET @GUID:= 77487;
DELETE FROM `creature` WHERE `guid` = @GUID;
INSERT INTO `creature` VALUES (77487, 22084, 530, 1, 0, 0, -3408.25, 314.888, 104.408, 1.65035, 300, 0, 0, 6986, 0, 0, 2);
DELETE FROM `creature_addon` WHERE `guid` = @GUID;
INSERT INTO `creature_addon` (`guid`,`path_id`,`mount`,`bytes0`,`bytes1`,`bytes2`,`emote`,`moveflags`,`auras`) VALUES (@GUID,@GUID,0,16777472,0,4097,0,0,NULL);
DELETE FROM `waypoint_data` WHERE `id` = @GUID;
INSERT INTO `waypoint_data` VALUES (77487, 1, -3403.36, 328.728, 104.111, 0, 0, 0, 0, 0);
INSERT INTO `waypoint_data` VALUES (77487, 2, -3403.34, 345.801, 103.946, 0, 0, 0, 0, 0);
INSERT INTO `waypoint_data` VALUES (77487, 3, -3411.08, 359.65, 103.966, 3000, 0, 0, 0, 0);
INSERT INTO `waypoint_data` VALUES (77487, 4, -3403.22, 348.167, 104.009, 0, 0, 0, 0, 0);
INSERT INTO `waypoint_data` VALUES (77487, 5, -3403.2, 330.073, 104.047, 0, 0, 0, 0, 0);
INSERT INTO `waypoint_data` VALUES (77487, 6, -3407.83, 315.041, 104.654, 0, 0, 0, 0, 0);
INSERT INTO `waypoint_data` VALUES (77487, 7, -3406.25, 306.512, 103.943, 0, 0, 0, 0, 0);
INSERT INTO `waypoint_data` VALUES (77487, 8, -3406.99, 302.545, 103.946, 0, 0, 0, 0, 0);
INSERT INTO `waypoint_data` VALUES (77487, 9, -3407.98, 298.818, 105.111, 0, 0, 0, 0, 0);
INSERT INTO `waypoint_data` VALUES (77487, 10, -3413.04, 282.767, 103.936, 0, 0, 0, 0, 0);
INSERT INTO `waypoint_data` VALUES (77487, 11, -3411.76, 274.507, 103.942, 0, 0, 0, 0, 0);
INSERT INTO `waypoint_data` VALUES (77487, 12, -3408.24, 267.966, 103.968, 0, 0, 0, 0, 0);
INSERT INTO `waypoint_data` VALUES (77487, 13, -3408.09, 263.461, 103.969, 0, 0, 0, 0, 0);
INSERT INTO `waypoint_data` VALUES (77487, 14, -3409.98, 260.113, 103.964, 0, 0, 0, 0, 0);
INSERT INTO `waypoint_data` VALUES (77487, 15, -3408.91, 254.544, 103.966, 0, 0, 0, 0, 0);
INSERT INTO `waypoint_data` VALUES (77487, 16, -3404.35, 252.276, 103.978, 0, 0, 0, 0, 0);
INSERT INTO `waypoint_data` VALUES (77487, 17, -3376.87, 253.681, 104.061, 3000, 0, 0, 0, 0);
INSERT INTO `waypoint_data` VALUES (77487, 18, -3381.12, 253.231, 104.047, 0, 0, 0, 0, 0);
INSERT INTO `waypoint_data` VALUES (77487, 19, -3402.8, 247.365, 103.956, 0, 0, 0, 0, 0);
INSERT INTO `waypoint_data` VALUES (77487, 20, -3406.42, 247.804, 103.947, 0, 0, 0, 0, 0);
INSERT INTO `waypoint_data` VALUES (77487, 21, -3410.52, 254.466, 103.956, 0, 0, 0, 0, 0);
INSERT INTO `waypoint_data` VALUES (77487, 22, -3410.92, 257.94, 103.962, 0, 0, 0, 0, 0);
INSERT INTO `waypoint_data` VALUES (77487, 23, -3408.46, 262.608, 103.968, 0, 0, 0, 0, 0);
INSERT INTO `waypoint_data` VALUES (77487, 24, -3407.48, 268.496, 103.971, 0, 0, 0, 0, 0);
INSERT INTO `waypoint_data` VALUES (77487, 25, -3411.08, 275.701, 103.945, 0, 0, 0, 0, 0);
INSERT INTO `waypoint_data` VALUES (77487, 26, -3410.74, 299.295, 105.128, 0, 0, 0, 0, 0);
INSERT INTO `waypoint_data` VALUES (77487, 27, -3409.55, 302.646, 103.827, 0, 0, 0, 0, 0);
INSERT INTO `waypoint_data` VALUES (77487, 28, -3408.06, 306.691, 104.119, 0, 0, 0, 0, 0);
INSERT INTO `waypoint_data` VALUES (77487, 29, -3408.78, 314.251, 104.629, 0, 0, 0, 0, 0);

SET @GUID:= 77492;
DELETE FROM `creature` WHERE `guid` = @GUID;
INSERT INTO `creature` VALUES (77492, 22084, 530, 1, 0, 0, -3415.49, 395.264, 103.933, 4.4788, 300, 0, 0, 6986, 0, 0, 2);
DELETE FROM `creature_addon` WHERE `guid` = @GUID;
INSERT INTO `creature_addon` (`guid`,`path_id`,`mount`,`bytes0`,`bytes1`,`bytes2`,`emote`,`moveflags`,`auras`) VALUES (@GUID,@GUID,0,16777472,0,4097,0,0,NULL);
DELETE FROM `waypoint_data` WHERE `id` = @GUID;
INSERT INTO `waypoint_data` VALUES (77492, 1, -3412.22, 417.967, 103.933, 0, 0, 0, 0, 0);
INSERT INTO `waypoint_data` VALUES (77492, 2, -3410.95, 423.623, 103.934, 0, 0, 0, 0, 0);
INSERT INTO `waypoint_data` VALUES (77492, 3, -3413.51, 442.227, 103.985, 0, 0, 0, 0, 0);
INSERT INTO `waypoint_data` VALUES (77492, 4, -3416.25, 462.052, 103.934, 0, 0, 0, 0, 0);
INSERT INTO `waypoint_data` VALUES (77492, 5, -3416.09, 464.669, 103.934, 0, 0, 0, 0, 0);
INSERT INTO `waypoint_data` VALUES (77492, 6, -3413.45, 467.302, 103.932, 0, 0, 0, 0, 0);
INSERT INTO `waypoint_data` VALUES (77492, 7, -3400.26, 464.812, 103.95, 0, 0, 0, 0, 0);
INSERT INTO `waypoint_data` VALUES (77492, 8, -3387.51, 470.969, 103.939, 3000, 0, 0, 0, 0);
INSERT INTO `waypoint_data` VALUES (77492, 9, -3391.15, 470.302, 103.939, 0, 0, 0, 0, 0);
INSERT INTO `waypoint_data` VALUES (77492, 10, -3399.68, 465.833, 103.947, 0, 0, 0, 0, 0);
INSERT INTO `waypoint_data` VALUES (77492, 11, -3403.21, 465.623, 103.946, 0, 0, 0, 0, 0);
INSERT INTO `waypoint_data` VALUES (77492, 12, -3410.5, 468.868, 103.929, 0, 0, 0, 0, 0);
INSERT INTO `waypoint_data` VALUES (77492, 13, -3415.67, 467.461, 103.929, 0, 0, 0, 0, 0);
INSERT INTO `waypoint_data` VALUES (77492, 14, -3417.33, 461.138, 103.932, 0, 0, 0, 0, 0);
INSERT INTO `waypoint_data` VALUES (77492, 15, -3413.48, 443.661, 103.945, 0, 0, 0, 0, 0);
INSERT INTO `waypoint_data` VALUES (77492, 16, -3410.68, 424.075, 103.937, 0, 0, 0, 0, 0);
INSERT INTO `waypoint_data` VALUES (77492, 17, -3414.94, 397.161, 103.951, 3000, 0, 0, 0, 0);

SET @GUID:= 77495;
DELETE FROM `creature` WHERE `guid` = @GUID;
INSERT INTO `creature` VALUES (77495, 22084, 530, 1, 0, 0, -3244.87, 421.909, 104.074, 3.02842, 300, 0, 0, 6986, 0, 0, 2);
DELETE FROM `creature_addon` WHERE `guid` = @GUID;
INSERT INTO `creature_addon` (`guid`,`path_id`,`mount`,`bytes0`,`bytes1`,`bytes2`,`emote`,`moveflags`,`auras`) VALUES (@GUID,@GUID,0,16777472,0,4097,0,0,NULL);
DELETE FROM `waypoint_data` WHERE `id` = @GUID;
INSERT INTO `waypoint_data` VALUES (77495, 1, -3256.18, 422.742, 103.978, 0, 0, 0, 0, 0);
INSERT INTO `waypoint_data` VALUES (77495, 2, -3286.15, 419.751, 103.974, 0, 0, 0, 0, 0);
INSERT INTO `waypoint_data` VALUES (77495, 3, -3306.04, 421.926, 104.003, 0, 0, 0, 0, 0);
INSERT INTO `waypoint_data` VALUES (77495, 4, -3311.07, 424.383, 104.048, 0, 0, 0, 0, 0);
INSERT INTO `waypoint_data` VALUES (77495, 5, -3315.66, 425.487, 104.055, 0, 0, 0, 0, 0);
INSERT INTO `waypoint_data` VALUES (77495, 6, -3322.92, 423.942, 104.092, 0, 0, 0, 0, 0);
INSERT INTO `waypoint_data` VALUES (77495, 7, -3332.62, 421.341, 104.096, 0, 0, 0, 0, 0);
INSERT INTO `waypoint_data` VALUES (77495, 8, -3356.46, 420.663, 104.161, 0, 0, 0, 0, 0);
INSERT INTO `waypoint_data` VALUES (77495, 9, -3370.29, 418.798, 103.982, 0, 0, 0, 0, 0);
INSERT INTO `waypoint_data` VALUES (77495, 10, -3324.61, 422.059, 104.046, 0, 0, 0, 0, 0);
INSERT INTO `waypoint_data` VALUES (77495, 11, -3318.73, 424.825, 104.117, 0, 0, 0, 0, 0);
INSERT INTO `waypoint_data` VALUES (77495, 12, -3313.96, 425.627, 103.984, 0, 0, 0, 0, 0);
INSERT INTO `waypoint_data` VALUES (77495, 13, -3305.73, 423.301, 103.986, 0, 0, 0, 0, 0);
INSERT INTO `waypoint_data` VALUES (77495, 14, -3286.33, 419.791, 103.972, 0, 0, 0, 0, 0);
INSERT INTO `waypoint_data` VALUES (77495, 15, -3256.3, 423.441, 103.978, 0, 0, 0, 0, 0);
INSERT INTO `waypoint_data` VALUES (77495, 16, -3242.21, 422.384, 104.231, 0, 0, 0, 0, 0);
INSERT INTO `waypoint_data` VALUES (77495, 17, -3214.77, 418.887, 104.062, 0, 0, 0, 0, 0);
INSERT INTO `waypoint_data` VALUES (77495, 18, -3244.94, 422.606, 103.98, 0, 0, 0, 0, 0);

SET @GUID:= 77497;
DELETE FROM `creature` WHERE `guid` = @GUID;
INSERT INTO `creature` VALUES (77497, 22084, 530, 1, 0, 0, -3297.32, 385.104, 120.458, 4.10727, 300, 0, 0, 6986, 0, 0, 2);
DELETE FROM `creature_addon` WHERE `guid` = @GUID;
INSERT INTO `creature_addon` (`guid`,`path_id`,`mount`,`bytes0`,`bytes1`,`bytes2`,`emote`,`moveflags`,`auras`) VALUES (@GUID,@GUID,0,16777472,0,4097,0,0,NULL);
DELETE FROM `waypoint_data` WHERE `id` = @GUID;
INSERT INTO `waypoint_data` VALUES (77497, 1, -3309.75, 383.58, 120.455, 0, 0, 0, 0, 0);
INSERT INTO `waypoint_data` VALUES (77497, 2, -3324.14, 389.139, 120.448, 0, 0, 0, 0, 0);
INSERT INTO `waypoint_data` VALUES (77497, 3, -3308.31, 384.654, 120.453, 0, 0, 0, 0, 0);
INSERT INTO `waypoint_data` VALUES (77497, 4, -3296.79, 385.616, 120.456, 0, 0, 0, 0, 0);
INSERT INTO `waypoint_data` VALUES (77497, 5, -3275.75, 390.621, 120.372, 0, 0, 0, 0, 0);
INSERT INTO `waypoint_data` VALUES (77497, 6, -3243.44, 394.94, 120.362, 0, 0, 0, 0, 0);
INSERT INTO `waypoint_data` VALUES (77497, 7, -3212.55, 394.678, 120.397, 0, 0, 0, 0, 0);
INSERT INTO `waypoint_data` VALUES (77497, 8, -3205.38, 396.341, 120.346, 0, 0, 0, 0, 0);
INSERT INTO `waypoint_data` VALUES (77497, 9, -3200.26, 394.407, 120.295, 0, 0, 0, 0, 0);
INSERT INTO `waypoint_data` VALUES (77497, 10, -3198.01, 388.696, 120.182, 0, 0, 0, 0, 0);
INSERT INTO `waypoint_data` VALUES (77497, 11, -3197.4, 380.314, 120.025, 0, 0, 0, 0, 0);
INSERT INTO `waypoint_data` VALUES (77497, 12, -3203.67, 374.006, 119.961, 3000, 0, 0, 0, 0);
INSERT INTO `waypoint_data` VALUES (77497, 13, -3200.19, 377.802, 119.995, 0, 0, 0, 0, 0);
INSERT INTO `waypoint_data` VALUES (77497, 14, -3197.83, 389.538, 120.197, 0, 0, 0, 0, 0);
INSERT INTO `waypoint_data` VALUES (77497, 15, -3199.44, 392.892, 120.263, 0, 0, 0, 0, 0);
INSERT INTO `waypoint_data` VALUES (77497, 16, -3202.69, 395.882, 120.328, 0, 0, 0, 0, 0);
INSERT INTO `waypoint_data` VALUES (77497, 17, -3212.96, 394.533, 120.397, 0, 0, 0, 0, 0);
INSERT INTO `waypoint_data` VALUES (77497, 18, -3248.72, 394.193, 120.381, 0, 0, 0, 0, 0);
INSERT INTO `waypoint_data` VALUES (77497, 19, -3274.55, 390.446, 120.378, 0, 0, 0, 0, 0);
INSERT INTO `waypoint_data` VALUES (77497, 20, -3298.78, 384.522, 120.456, 0, 0, 0, 0, 0);

SET @GUID:= 77498;
DELETE FROM `creature` WHERE `guid` = @GUID;
INSERT INTO `creature` VALUES (77498, 22084, 530, 1, 0, 0, -3265.98, 460.908, 103.946, 1.3719, 300, 0, 0, 6986, 0, 0, 2);
DELETE FROM `creature_addon` WHERE `guid` = @GUID;
INSERT INTO `creature_addon` (`guid`,`path_id`,`mount`,`bytes0`,`bytes1`,`bytes2`,`emote`,`moveflags`,`auras`) VALUES (@GUID,@GUID,0,16777472,0,4097,0,0,NULL);
DELETE FROM `waypoint_data` WHERE `id` = @GUID;
INSERT INTO `waypoint_data` VALUES (77498, 1, -3273.43, 466.25, 103.948, 0, 0, 0, 0, 0);
INSERT INTO `waypoint_data` VALUES (77498, 2, -3277.28, 468.818, 105.082, 3000, 0, 0, 0, 0);
INSERT INTO `waypoint_data` VALUES (77498, 3, -3274.15, 466.214, 103.949, 0, 0, 0, 0, 0);
INSERT INTO `waypoint_data` VALUES (77498, 4, -3269.09, 460.547, 103.946, 0, 0, 0, 0, 0);
INSERT INTO `waypoint_data` VALUES (77498, 5, -3264.62, 458.287, 103.947, 0, 0, 0, 0, 0);
INSERT INTO `waypoint_data` VALUES (77498, 6, -3253.52, 458.053, 103.947, 0, 0, 0, 0, 0);
INSERT INTO `waypoint_data` VALUES (77498, 7, -3241.2, 462.775, 103.945, 0, 0, 0, 0, 0);
INSERT INTO `waypoint_data` VALUES (77498, 8, -3239.41, 463.03, 104.836, 0, 0, 0, 0, 0);
INSERT INTO `waypoint_data` VALUES (77498, 9, -3219.88, 467.26, 104.331, 0, 0, 0, 0, 0);
INSERT INTO `waypoint_data` VALUES (77498, 10, -3212.73, 466.414, 104.33, 0, 0, 0, 0, 0);
INSERT INTO `waypoint_data` VALUES (77498, 11, -3205.91, 460.539, 104.4, 0, 0, 0, 0, 0);
INSERT INTO `waypoint_data` VALUES (77498, 12, -3197.35, 445.923, 104.261, 0, 0, 0, 0, 0);
INSERT INTO `waypoint_data` VALUES (77498, 13, -3198.24, 439.746, 104.223, 3000, 0, 0, 0, 0);
INSERT INTO `waypoint_data` VALUES (77498, 14, -3196.72, 443.402, 104.248, 0, 0, 0, 0, 0);
INSERT INTO `waypoint_data` VALUES (77498, 15, -3199.45, 450.803, 104.291, 0, 0, 0, 0, 0);
INSERT INTO `waypoint_data` VALUES (77498, 16, -3212.03, 465.281, 104.389, 0, 0, 0, 0, 0);
INSERT INTO `waypoint_data` VALUES (77498, 17, -3216.81, 467.331, 104.329, 0, 0, 0, 0, 0);
INSERT INTO `waypoint_data` VALUES (77498, 18, -3225.77, 468.258, 104.335, 0, 0, 0, 0, 0);
INSERT INTO `waypoint_data` VALUES (77498, 19, -3237.89, 470.102, 104.449, 0, 0, 0, 0, 0);
INSERT INTO `waypoint_data` VALUES (77498, 20, -3239.49, 470.269, 103.937, 0, 0, 0, 0, 0);
INSERT INTO `waypoint_data` VALUES (77498, 21, -3245.35, 468.929, 103.937, 0, 0, 0, 0, 0);
INSERT INTO `waypoint_data` VALUES (77498, 22, -3257.26, 457.551, 103.947, 0, 0, 0, 0, 0);
INSERT INTO `waypoint_data` VALUES (77498, 23, -3265.83, 459.973, 103.947, 0, 0, 0, 0, 0);

SET @GUID:= 78222;
DELETE FROM `creature` WHERE `guid` = @GUID;
INSERT INTO `creature` VALUES (78222, 18696, 530, 1, 0, 0, -4428.79, 1879.54, 159.279, 3.89207, 86400, 0, 0, 13130, 0, 0, 2);
DELETE FROM `creature_addon` WHERE `guid` = @GUID;
INSERT INTO `creature_addon` (`guid`,`path_id`,`mount`,`bytes0`,`bytes1`,`bytes2`,`emote`,`moveflags`,`auras`) VALUES (@GUID,@GUID,0,16777472,0,4097,0,0,NULL);
DELETE FROM `waypoint_data` WHERE `id` = @GUID;
INSERT INTO `waypoint_data` VALUES (78222, 1, -4394.72, 1864.71, 157.072, 10000, 0, 0, 0, 0);
INSERT INTO `waypoint_data` VALUES (78222, 2, -4461.79, 1886.59, 160.185, 0, 0, 0, 0, 0);
INSERT INTO `waypoint_data` VALUES (78222, 3, -4483.14, 1923.24, 147.075, 0, 0, 0, 0, 0);
INSERT INTO `waypoint_data` VALUES (78222, 4, -4482.07, 1945.44, 137.237, 0, 0, 0, 0, 0);
INSERT INTO `waypoint_data` VALUES (78222, 5, -4466.53, 1966.46, 122.571, 0, 0, 0, 0, 0);
INSERT INTO `waypoint_data` VALUES (78222, 6, -4450.53, 1991.66, 104.083, 0, 0, 0, 0, 0);
INSERT INTO `waypoint_data` VALUES (78222, 7, -4469.15, 1990.33, 111.189, 0, 0, 0, 0, 0);
INSERT INTO `waypoint_data` VALUES (78222, 8, -4468.9, 1970.66, 121.295, 0, 0, 0, 0, 0);
INSERT INTO `waypoint_data` VALUES (78222, 9, -4486.36, 1927.62, 146.364, 0, 0, 0, 0, 0);
INSERT INTO `waypoint_data` VALUES (78222, 10, -4450.83, 1884.11, 160.943, 0, 0, 0, 0, 0);

